<?xml version='1.0' encoding='UTF-8'?>
<gpx version="1.1" creator="https://www.komoot.de" xmlns="http://www.topografix.com/GPX/1/1" xmlns:xsi="http://www.w3.org/2001/XMLSchema-instance" xsi:schemaLocation="http://www.topografix.com/GPX/1/1 http://www.topografix.com/GPX/1/1/gpx.xsd">
  <metadata>
    <name>Cannon Challenge v2 November '22</name>
    <author>
      <link href="https://www.komoot.de">
        <text>komoot</text>
        <type>text/html</type>
      </link>
    </author>
  </metadata>
  <trk>
    <name>Cannon Challenge v2 November '22</name>
    <trkseg>
      <trkpt lat="-33.928460" lon="18.423852">
        <ele>19.210739</ele>
        <time>2022-12-29T10:02:44.857Z</time>
      </trkpt>
      <trkpt lat="-33.928274" lon="18.424058">
        <ele>19.210739</ele>
        <time>2022-12-29T10:02:49.490Z</time>
      </trkpt>
      <trkpt lat="-33.928250" lon="18.424084">
        <ele>19.210739</ele>
        <time>2022-12-29T10:02:50.109Z</time>
      </trkpt>
      <trkpt lat="-33.928139" lon="18.424206">
        <ele>19.210739</ele>
        <time>2022-12-29T10:02:52.953Z</time>
      </trkpt>
      <trkpt lat="-33.928036" lon="18.424322">
        <ele>19.210739</ele>
        <time>2022-12-29T10:02:55.697Z</time>
      </trkpt>
      <trkpt lat="-33.927845" lon="18.424531">
        <ele>19.210739</ele>
        <time>2022-12-29T10:03:00.652Z</time>
      </trkpt>
      <trkpt lat="-33.927520" lon="18.424896">
        <ele>18.473910</ele>
        <time>2022-12-29T10:03:08.890Z</time>
      </trkpt>
      <trkpt lat="-33.927840" lon="18.425335">
        <ele>17.531225</ele>
        <time>2022-12-29T10:03:17.302Z</time>
      </trkpt>
      <trkpt lat="-33.928097" lon="18.425689">
        <ele>16.772400</ele>
        <time>2022-12-29T10:03:23.980Z</time>
      </trkpt>
      <trkpt lat="-33.927816" lon="18.425982">
        <ele>16.049965</ele>
        <time>2022-12-29T10:03:30.537Z</time>
      </trkpt>
      <trkpt lat="-33.927596" lon="18.426233">
        <ele>15.402245</ele>
        <time>2022-12-29T10:03:35.885Z</time>
      </trkpt>
      <trkpt lat="-33.927438" lon="18.426414">
        <ele>14.879946</ele>
        <time>2022-12-29T10:03:39.659Z</time>
      </trkpt>
      <trkpt lat="-33.927175" lon="18.426705">
        <ele>14.024508</ele>
        <time>2022-12-29T10:03:45.787Z</time>
      </trkpt>
      <trkpt lat="-33.926855" lon="18.426310">
        <ele>12.926997</ele>
        <time>2022-12-29T10:03:53.426Z</time>
      </trkpt>
      <trkpt lat="-33.926562" lon="18.425949">
        <ele>11.923043</ele>
        <time>2022-12-29T10:04:00.361Z</time>
      </trkpt>
      <trkpt lat="-33.926464" lon="18.425857">
        <ele>11.625406</ele>
        <time>2022-12-29T10:04:02.445Z</time>
      </trkpt>
      <trkpt lat="-33.926405" lon="18.425777">
        <ele>11.412616</ele>
        <time>2022-12-29T10:04:03.931Z</time>
      </trkpt>
      <trkpt lat="-33.926135" lon="18.425397">
        <ele>11.030634</ele>
        <time>2022-12-29T10:04:11.418Z</time>
      </trkpt>
      <trkpt lat="-33.926072" lon="18.425307">
        <ele>10.941964</ele>
        <time>2022-12-29T10:04:13.301Z</time>
      </trkpt>
      <trkpt lat="-33.926021" lon="18.425239">
        <ele>10.872939</ele>
        <time>2022-12-29T10:04:14.781Z</time>
      </trkpt>
      <trkpt lat="-33.925939" lon="18.425328">
        <ele>10.772789</ele>
        <time>2022-12-29T10:04:16.816Z</time>
      </trkpt>
      <trkpt lat="-33.925438" lon="18.425819">
        <ele>10.186745</ele>
        <time>2022-12-29T10:04:29.564Z</time>
      </trkpt>
      <trkpt lat="-33.925504" lon="18.425906">
        <ele>10.097975</ele>
        <time>2022-12-29T10:04:32.303Z</time>
      </trkpt>
      <trkpt lat="-33.925530" lon="18.425948">
        <ele>10.058515</ele>
        <time>2022-12-29T10:04:33.517Z</time>
      </trkpt>
      <trkpt lat="-33.925541" lon="18.425966">
        <ele>10.041680</ele>
        <time>2022-12-29T10:04:34.043Z</time>
      </trkpt>
      <trkpt lat="-33.925520" lon="18.426041">
        <ele>9.982072</ele>
        <time>2022-12-29T10:04:36.028Z</time>
      </trkpt>
      <trkpt lat="-33.925399" lon="18.426224">
        <ele>9.805862</ele>
        <time>2022-12-29T10:04:41.792Z</time>
      </trkpt>
      <trkpt lat="-33.925337" lon="18.426146">
        <ele>9.856200</ele>
        <time>2022-12-29T10:04:44.409Z</time>
      </trkpt>
      <trkpt lat="-33.925308" lon="18.426108">
        <ele>9.925573</ele>
        <time>2022-12-29T10:04:45.700Z</time>
      </trkpt>
      <trkpt lat="-33.925504" lon="18.425906">
        <ele>10.343197</ele>
        <time>2022-12-29T10:04:51.930Z</time>
      </trkpt>
      <trkpt lat="-33.925773" lon="18.425624">
        <ele>10.920547</ele>
        <time>2022-12-29T10:05:01.237Z</time>
      </trkpt>
      <trkpt lat="-33.925985" lon="18.425405">
        <ele>11.372708</ele>
        <time>2022-12-29T10:05:09.045Z</time>
      </trkpt>
      <trkpt lat="-33.926072" lon="18.425307">
        <ele>11.565550</ele>
        <time>2022-12-29T10:05:12.613Z</time>
      </trkpt>
      <trkpt lat="-33.926021" lon="18.425239">
        <ele>11.688713</ele>
        <time>2022-12-29T10:05:14.761Z</time>
      </trkpt>
      <trkpt lat="-33.925974" lon="18.425172">
        <ele>11.806600</ele>
        <time>2022-12-29T10:05:17.100Z</time>
      </trkpt>
      <trkpt lat="-33.925547" lon="18.424580">
        <ele>13.213085</ele>
        <time>2022-12-29T10:05:38.128Z</time>
      </trkpt>
      <trkpt lat="-33.925447" lon="18.424442">
        <ele>13.952000</ele>
        <time>2022-12-29T10:05:43.583Z</time>
      </trkpt>
      <trkpt lat="-33.924839" lon="18.423598">
        <ele>18.459701</ele>
        <time>2022-12-29T10:06:22.371Z</time>
      </trkpt>
      <trkpt lat="-33.924466" lon="18.423083">
        <ele>21.216660</ele>
        <time>2022-12-29T10:06:49.711Z</time>
      </trkpt>
      <trkpt lat="-33.924402" lon="18.422996">
        <ele>21.622281</ele>
        <time>2022-12-29T10:06:54.364Z</time>
      </trkpt>
      <trkpt lat="-33.923954" lon="18.422381">
        <ele>24.115969</ele>
        <time>2022-12-29T10:07:23.899Z</time>
      </trkpt>
      <trkpt lat="-33.923616" lon="18.421918">
        <ele>25.995094</ele>
        <time>2022-12-29T10:07:42.166Z</time>
      </trkpt>
      <trkpt lat="-33.923580" lon="18.421810">
        <ele>26.349751</ele>
        <time>2022-12-29T10:07:44.925Z</time>
      </trkpt>
      <trkpt lat="-33.923545" lon="18.421764">
        <ele>26.539928</ele>
        <time>2022-12-29T10:07:46.354Z</time>
      </trkpt>
      <trkpt lat="-33.923581" lon="18.421725">
        <ele>26.717692</ele>
        <time>2022-12-29T10:07:47.853Z</time>
      </trkpt>
      <trkpt lat="-33.923949" lon="18.421333">
        <ele>28.167461</ele>
        <time>2022-12-29T10:08:02.634Z</time>
      </trkpt>
      <trkpt lat="-33.923979" lon="18.421301">
        <ele>28.208241</ele>
        <time>2022-12-29T10:08:03.786Z</time>
      </trkpt>
      <trkpt lat="-33.924025" lon="18.421254">
        <ele>28.269629</ele>
        <time>2022-12-29T10:08:05.273Z</time>
      </trkpt>
      <trkpt lat="-33.924679" lon="18.420567">
        <ele>29.152734</ele>
        <time>2022-12-29T10:08:25.048Z</time>
      </trkpt>
      <trkpt lat="-33.924720" lon="18.420444">
        <ele>29.264693</ele>
        <time>2022-12-29T10:08:27.624Z</time>
      </trkpt>
      <trkpt lat="-33.924789" lon="18.420368">
        <ele>29.359843</ele>
        <time>2022-12-29T10:08:29.856Z</time>
      </trkpt>
      <trkpt lat="-33.924932" lon="18.420197">
        <ele>29.564900</ele>
        <time>2022-12-29T10:08:34.830Z</time>
      </trkpt>
      <trkpt lat="-33.924949" lon="18.420103">
        <ele>29.646159</ele>
        <time>2022-12-29T10:08:37.184Z</time>
      </trkpt>
      <trkpt lat="-33.924949" lon="18.420033">
        <ele>29.705283</ele>
        <time>2022-12-29T10:08:38.833Z</time>
      </trkpt>
      <trkpt lat="-33.924922" lon="18.419972">
        <ele>29.763677</ele>
        <time>2022-12-29T10:08:40.417Z</time>
      </trkpt>
      <trkpt lat="-33.924530" lon="18.419427">
        <ele>31.281159</ele>
        <time>2022-12-29T10:08:59.570Z</time>
      </trkpt>
      <trkpt lat="-33.924432" lon="18.419290">
        <ele>31.705889</ele>
        <time>2022-12-29T10:09:04.913Z</time>
      </trkpt>
      <trkpt lat="-33.924262" lon="18.419055">
        <ele>32.437960</ele>
        <time>2022-12-29T10:09:14.452Z</time>
      </trkpt>
      <trkpt lat="-33.924208" lon="18.418978">
        <ele>32.674693</ele>
        <time>2022-12-29T10:09:17.608Z</time>
      </trkpt>
      <trkpt lat="-33.924055" lon="18.418761">
        <ele>33.343347</ele>
        <time>2022-12-29T10:09:26.389Z</time>
      </trkpt>
      <trkpt lat="-33.923994" lon="18.418674">
        <ele>33.610801</ele>
        <time>2022-12-29T10:09:29.729Z</time>
      </trkpt>
      <trkpt lat="-33.923910" lon="18.418554">
        <ele>33.979451</ele>
        <time>2022-12-29T10:09:34.600Z</time>
      </trkpt>
      <trkpt lat="-33.923688" lon="18.418231">
        <ele>34.954621</ele>
        <time>2022-12-29T10:09:46.488Z</time>
      </trkpt>
      <trkpt lat="-33.923565" lon="18.418058">
        <ele>35.051156</ele>
        <time>2022-12-29T10:09:52.387Z</time>
      </trkpt>
      <trkpt lat="-33.923513" lon="18.417985">
        <ele>35.091924</ele>
        <time>2022-12-29T10:09:54.978Z</time>
      </trkpt>
      <trkpt lat="-33.923461" lon="18.417912">
        <ele>35.132691</ele>
        <time>2022-12-29T10:09:57.617Z</time>
      </trkpt>
      <trkpt lat="-33.923194" lon="18.417548">
        <ele>35.338556</ele>
        <time>2022-12-29T10:10:08.692Z</time>
      </trkpt>
      <trkpt lat="-33.923084" lon="18.417395">
        <ele>35.424338</ele>
        <time>2022-12-29T10:10:12.344Z</time>
      </trkpt>
      <trkpt lat="-33.923040" lon="18.417335">
        <ele>35.458268</ele>
        <time>2022-12-29T10:10:13.875Z</time>
      </trkpt>
      <trkpt lat="-33.922961" lon="18.417421">
        <ele>35.512632</ele>
        <time>2022-12-29T10:10:16.384Z</time>
      </trkpt>
      <trkpt lat="-33.922922" lon="18.417465">
        <ele>35.539913</ele>
        <time>2022-12-29T10:10:17.462Z</time>
      </trkpt>
      <trkpt lat="-33.922472" lon="18.417958">
        <ele>35.850473</ele>
        <time>2022-12-29T10:10:29.344Z</time>
      </trkpt>
      <trkpt lat="-33.922435" lon="18.417998">
        <ele>35.859625</ele>
        <time>2022-12-29T10:10:30.280Z</time>
      </trkpt>
      <trkpt lat="-33.922001" lon="18.418472">
        <ele>35.162003</ele>
        <time>2022-12-29T10:10:40.994Z</time>
      </trkpt>
      <trkpt lat="-33.921952" lon="18.418525">
        <ele>35.083581</ele>
        <time>2022-12-29T10:10:42.210Z</time>
      </trkpt>
      <trkpt lat="-33.921898" lon="18.418585">
        <ele>34.996097</ele>
        <time>2022-12-29T10:10:43.549Z</time>
      </trkpt>
      <trkpt lat="-33.921571" lon="18.418944">
        <ele>34.469231</ele>
        <time>2022-12-29T10:10:51.561Z</time>
      </trkpt>
      <trkpt lat="-33.921540" lon="18.418979">
        <ele>34.418635</ele>
        <time>2022-12-29T10:10:52.332Z</time>
      </trkpt>
      <trkpt lat="-33.921508" lon="18.419014">
        <ele>34.367164</ele>
        <time>2022-12-29T10:10:53.105Z</time>
      </trkpt>
      <trkpt lat="-33.921192" lon="18.419360">
        <ele>33.858634</ele>
        <time>2022-12-29T10:11:01.025Z</time>
      </trkpt>
      <trkpt lat="-33.921074" lon="18.419488">
        <ele>33.683534</ele>
        <time>2022-12-29T10:11:04.317Z</time>
      </trkpt>
      <trkpt lat="-33.921048" lon="18.419518">
        <ele>33.650806</ele>
        <time>2022-12-29T10:11:05.047Z</time>
      </trkpt>
      <trkpt lat="-33.921006" lon="18.419454">
        <ele>33.589246</ele>
        <time>2022-12-29T10:11:06.543Z</time>
      </trkpt>
      <trkpt lat="-33.920617" lon="18.418930">
        <ele>33.058792</ele>
        <time>2022-12-29T10:11:20.571Z</time>
      </trkpt>
      <trkpt lat="-33.920565" lon="18.418858">
        <ele>32.986777</ele>
        <time>2022-12-29T10:11:22.236Z</time>
      </trkpt>
      <trkpt lat="-33.920503" lon="18.418774">
        <ele>32.901960</ele>
        <time>2022-12-29T10:11:24.216Z</time>
      </trkpt>
      <trkpt lat="-33.920462" lon="18.418817">
        <ele>32.852542</ele>
        <time>2022-12-29T10:11:25.262Z</time>
      </trkpt>
      <trkpt lat="-33.919995" lon="18.419314">
        <ele>32.286075</ele>
        <time>2022-12-29T10:11:36.918Z</time>
      </trkpt>
      <trkpt lat="-33.919913" lon="18.419404">
        <ele>32.185233</ele>
        <time>2022-12-29T10:11:38.767Z</time>
      </trkpt>
      <trkpt lat="-33.919617" lon="18.419724">
        <ele>31.337745</ele>
        <time>2022-12-29T10:11:45.649Z</time>
      </trkpt>
      <trkpt lat="-33.919583" lon="18.419761">
        <ele>31.221037</ele>
        <time>2022-12-29T10:11:46.561Z</time>
      </trkpt>
      <trkpt lat="-33.919501" lon="18.419852">
        <ele>30.937052</ele>
        <time>2022-12-29T10:11:48.455Z</time>
      </trkpt>
      <trkpt lat="-33.919441" lon="18.419919">
        <ele>30.728663</ele>
        <time>2022-12-29T10:11:49.827Z</time>
      </trkpt>
      <trkpt lat="-33.919209" lon="18.420179">
        <ele>29.921549</ele>
        <time>2022-12-29T10:11:55.429Z</time>
      </trkpt>
      <trkpt lat="-33.919101" lon="18.420299">
        <ele>29.547309</ele>
        <time>2022-12-29T10:11:57.922Z</time>
      </trkpt>
      <trkpt lat="-33.918977" lon="18.420438">
        <ele>29.115870</ele>
        <time>2022-12-29T10:12:00.868Z</time>
      </trkpt>
      <trkpt lat="-33.918946" lon="18.420472">
        <ele>29.009084</ele>
        <time>2022-12-29T10:12:01.585Z</time>
      </trkpt>
      <trkpt lat="-33.918919" lon="18.420501">
        <ele>28.916944</ele>
        <time>2022-12-29T10:12:02.171Z</time>
      </trkpt>
      <trkpt lat="-33.918892" lon="18.420463">
        <ele>28.811186</ele>
        <time>2022-12-29T10:12:02.826Z</time>
      </trkpt>
      <trkpt lat="-33.918864" lon="18.420429">
        <ele>28.709921</ele>
        <time>2022-12-29T10:12:03.703Z</time>
      </trkpt>
      <trkpt lat="-33.918656" lon="18.420160">
        <ele>27.932631</ele>
        <time>2022-12-29T10:12:10.622Z</time>
      </trkpt>
      <trkpt lat="-33.918483" lon="18.419897">
        <ele>27.242763</ele>
        <time>2022-12-29T10:12:16.774Z</time>
      </trkpt>
      <trkpt lat="-33.918376" lon="18.419729">
        <ele>26.825544</ele>
        <time>2022-12-29T10:12:20.554Z</time>
      </trkpt>
      <trkpt lat="-33.918340" lon="18.419674">
        <ele>26.687540</ele>
        <time>2022-12-29T10:12:21.840Z</time>
      </trkpt>
      <trkpt lat="-33.918246" lon="18.419550">
        <ele>26.356664</ele>
        <time>2022-12-29T10:12:24.935Z</time>
      </trkpt>
      <trkpt lat="-33.918188" lon="18.419612">
        <ele>26.172601</ele>
        <time>2022-12-29T10:12:26.164Z</time>
      </trkpt>
      <trkpt lat="-33.918116" lon="18.419691">
        <ele>25.941428</ele>
        <time>2022-12-29T10:12:27.767Z</time>
      </trkpt>
      <trkpt lat="-33.917801" lon="18.420036">
        <ele>24.930877</ele>
        <time>2022-12-29T10:12:35.199Z</time>
      </trkpt>
      <trkpt lat="-33.917727" lon="18.420121">
        <ele>24.688172</ele>
        <time>2022-12-29T10:12:37.106Z</time>
      </trkpt>
      <trkpt lat="-33.917679" lon="18.420056">
        <ele>24.516754</ele>
        <time>2022-12-29T10:12:38.395Z</time>
      </trkpt>
      <trkpt lat="-33.917419" lon="18.419713">
        <ele>23.601530</ele>
        <time>2022-12-29T10:12:45.619Z</time>
      </trkpt>
      <trkpt lat="-33.917215" lon="18.419442">
        <ele>23.113957</ele>
        <time>2022-12-29T10:12:51.062Z</time>
      </trkpt>
      <trkpt lat="-33.916847" lon="18.418997">
        <ele>22.677299</ele>
        <time>2022-12-29T10:13:00.298Z</time>
      </trkpt>
      <trkpt lat="-33.916784" lon="18.418936">
        <ele>22.609608</ele>
        <time>2022-12-29T10:13:01.783Z</time>
      </trkpt>
      <trkpt lat="-33.916700" lon="18.418877">
        <ele>22.528173</ele>
        <time>2022-12-29T10:13:03.695Z</time>
      </trkpt>
      <trkpt lat="-33.916673" lon="18.418956">
        <ele>22.468789</ele>
        <time>2022-12-29T10:13:05.150Z</time>
      </trkpt>
      <trkpt lat="-33.916666" lon="18.419035">
        <ele>22.413567</ele>
        <time>2022-12-29T10:13:06.543Z</time>
      </trkpt>
      <trkpt lat="-33.916614" lon="18.419173">
        <ele>22.308224</ele>
        <time>2022-12-29T10:13:09.148Z</time>
      </trkpt>
      <trkpt lat="-33.916584" lon="18.419247">
        <ele>22.250980</ele>
        <time>2022-12-29T10:13:10.640Z</time>
      </trkpt>
      <trkpt lat="-33.916282" lon="18.420004">
        <ele>21.734288</ele>
        <time>2022-12-29T10:13:26.666Z</time>
      </trkpt>
      <trkpt lat="-33.915289" lon="18.419501">
        <ele>21.729874</ele>
        <time>2022-12-29T10:13:48.819Z</time>
      </trkpt>
      <trkpt lat="-33.914634" lon="18.419168">
        <ele>21.713396</ele>
        <time>2022-12-29T10:14:06.706Z</time>
      </trkpt>
      <trkpt lat="-33.914240" lon="18.418970">
        <ele>21.628870</ele>
        <time>2022-12-29T10:14:16.788Z</time>
      </trkpt>
      <trkpt lat="-33.913906" lon="18.418803">
        <ele>21.557269</ele>
        <time>2022-12-29T10:14:24.595Z</time>
      </trkpt>
      <trkpt lat="-33.913213" lon="18.418442">
        <ele>21.407779</ele>
        <time>2022-12-29T10:14:40.014Z</time>
      </trkpt>
      <trkpt lat="-33.912802" lon="18.418241">
        <ele>20.924151</ele>
        <time>2022-12-29T10:14:48.990Z</time>
      </trkpt>
      <trkpt lat="-33.912313" lon="18.417980">
        <ele>19.998910</ele>
        <time>2022-12-29T10:14:59.560Z</time>
      </trkpt>
      <trkpt lat="-33.912305" lon="18.418003">
        <ele>19.963105</ele>
        <time>2022-12-29T10:14:59.969Z</time>
      </trkpt>
      <trkpt lat="-33.911961" lon="18.418959">
        <ele>18.467102</ele>
        <time>2022-12-29T10:15:15.132Z</time>
      </trkpt>
      <trkpt lat="-33.911946" lon="18.419043">
        <ele>18.343741</ele>
        <time>2022-12-29T10:15:16.243Z</time>
      </trkpt>
      <trkpt lat="-33.911803" lon="18.419834">
        <ele>15.798410</ele>
        <time>2022-12-29T10:15:26.895Z</time>
      </trkpt>
      <trkpt lat="-33.911756" lon="18.419946">
        <ele>15.387046</ele>
        <time>2022-12-29T10:15:28.470Z</time>
      </trkpt>
      <trkpt lat="-33.911705" lon="18.420047">
        <ele>14.999536</ele>
        <time>2022-12-29T10:15:29.969Z</time>
      </trkpt>
      <trkpt lat="-33.911472" lon="18.420135">
        <ele>14.035157</ele>
        <time>2022-12-29T10:15:33.669Z</time>
      </trkpt>
      <trkpt lat="-33.911449" lon="18.420119">
        <ele>13.930266</ele>
        <time>2022-12-29T10:15:34.099Z</time>
      </trkpt>
      <trkpt lat="-33.911360" lon="18.420113">
        <ele>13.578211</ele>
        <time>2022-12-29T10:15:35.452Z</time>
      </trkpt>
      <trkpt lat="-33.911291" lon="18.420179">
        <ele>13.230270</ele>
        <time>2022-12-29T10:15:36.851Z</time>
      </trkpt>
      <trkpt lat="-33.911275" lon="18.420230">
        <ele>13.051562</ele>
        <time>2022-12-29T10:15:37.530Z</time>
      </trkpt>
      <trkpt lat="-33.911273" lon="18.420264">
        <ele>12.939840</ele>
        <time>2022-12-29T10:15:37.937Z</time>
      </trkpt>
      <trkpt lat="-33.911301" lon="18.420352">
        <ele>12.630929</ele>
        <time>2022-12-29T10:15:39.113Z</time>
      </trkpt>
      <trkpt lat="-33.911314" lon="18.420367">
        <ele>12.559842</ele>
        <time>2022-12-29T10:15:39.393Z</time>
      </trkpt>
      <trkpt lat="-33.911332" lon="18.420384">
        <ele>12.469516</ele>
        <time>2022-12-29T10:15:39.764Z</time>
      </trkpt>
      <trkpt lat="-33.911334" lon="18.420582">
        <ele>11.820483</ele>
        <time>2022-12-29T10:15:42.343Z</time>
      </trkpt>
      <trkpt lat="-33.911495" lon="18.421648">
        <ele>9.506978</ele>
        <time>2022-12-29T10:15:56.839Z</time>
      </trkpt>
      <trkpt lat="-33.911526" lon="18.421850">
        <ele>9.122405</ele>
        <time>2022-12-29T10:15:59.800Z</time>
      </trkpt>
      <trkpt lat="-33.911580" lon="18.422102">
        <ele>8.635166</ele>
        <time>2022-12-29T10:16:03.589Z</time>
      </trkpt>
      <trkpt lat="-33.911700" lon="18.422350">
        <ele>8.097737</ele>
        <time>2022-12-29T10:16:07.936Z</time>
      </trkpt>
      <trkpt lat="-33.911761" lon="18.422514">
        <ele>7.761289</ele>
        <time>2022-12-29T10:16:10.806Z</time>
      </trkpt>
      <trkpt lat="-33.911768" lon="18.422691">
        <ele>7.429555</ele>
        <time>2022-12-29T10:16:13.708Z</time>
      </trkpt>
      <trkpt lat="-33.911190" lon="18.422695">
        <ele>6.927299</ele>
        <time>2022-12-29T10:16:25.375Z</time>
      </trkpt>
      <trkpt lat="-33.910576" lon="18.422713">
        <ele>6.683667</ele>
        <time>2022-12-29T10:16:38.865Z</time>
      </trkpt>
      <trkpt lat="-33.910343" lon="18.422748">
        <ele>6.590526</ele>
        <time>2022-12-29T10:16:44.023Z</time>
      </trkpt>
      <trkpt lat="-33.910042" lon="18.422708">
        <ele>6.470402</ele>
        <time>2022-12-29T10:16:50.366Z</time>
      </trkpt>
      <trkpt lat="-33.909480" lon="18.422399">
        <ele>5.981261</ele>
        <time>2022-12-29T10:17:03.224Z</time>
      </trkpt>
      <trkpt lat="-33.909186" lon="18.422253">
        <ele>5.662081</ele>
        <time>2022-12-29T10:17:09.443Z</time>
      </trkpt>
      <trkpt lat="-33.908719" lon="18.422202">
        <ele>5.191412</ele>
        <time>2022-12-29T10:17:18.019Z</time>
      </trkpt>
      <trkpt lat="-33.908444" lon="18.422180">
        <ele>4.914775</ele>
        <time>2022-12-29T10:17:24.993Z</time>
      </trkpt>
      <trkpt lat="-33.908421" lon="18.422223">
        <ele>4.872160</ele>
        <time>2022-12-29T10:17:26.071Z</time>
      </trkpt>
      <trkpt lat="-33.908421" lon="18.422387">
        <ele>4.735542</ele>
        <time>2022-12-29T10:17:29.613Z</time>
      </trkpt>
      <trkpt lat="-33.908331" lon="18.422400">
        <ele>4.644559</ele>
        <time>2022-12-29T10:17:35.942Z</time>
      </trkpt>
      <trkpt lat="-33.908347" lon="18.422206">
        <ele>4.495196</ele>
        <time>2022-12-29T10:17:47.208Z</time>
      </trkpt>
      <trkpt lat="-33.908297" lon="18.422183">
        <ele>4.448674</ele>
        <time>2022-12-29T10:17:50.930Z</time>
      </trkpt>
      <trkpt lat="-33.908310" lon="18.422147">
        <ele>4.420352</ele>
        <time>2022-12-29T10:17:53.194Z</time>
      </trkpt>
      <trkpt lat="-33.907803" lon="18.421833">
        <ele>3.924837</ele>
        <time>2022-12-29T10:18:32.859Z</time>
      </trkpt>
      <trkpt lat="-33.906992" lon="18.421243">
        <ele>3.101351</ele>
        <time>2022-12-29T10:19:38.673Z</time>
      </trkpt>
      <trkpt lat="-33.906861" lon="18.421232">
        <ele>3.029447</ele>
        <time>2022-12-29T10:19:47.835Z</time>
      </trkpt>
      <trkpt lat="-33.906787" lon="18.421291">
        <ele>3.065353</ele>
        <time>2022-12-29T10:19:53.992Z</time>
      </trkpt>
      <trkpt lat="-33.906402" lon="18.422057">
        <ele>3.366096</ele>
        <time>2022-12-29T10:20:45.625Z</time>
      </trkpt>
      <trkpt lat="-33.906402" lon="18.422057">
        <ele>3.366096</ele>
        <time>2022-12-29T10:20:45.651Z</time>
      </trkpt>
      <trkpt lat="-33.906402" lon="18.422057">
        <ele>3.366096</ele>
        <time>2022-12-29T10:20:45.651Z</time>
      </trkpt>
      <trkpt lat="-33.906133" lon="18.421940">
        <ele>3.481821</ele>
        <time>2022-12-29T10:20:53.047Z</time>
      </trkpt>
      <trkpt lat="-33.905943" lon="18.421815">
        <ele>3.569417</ele>
        <time>2022-12-29T10:20:58.645Z</time>
      </trkpt>
      <trkpt lat="-33.905922" lon="18.421580">
        <ele>3.648795</ele>
        <time>2022-12-29T10:21:03.719Z</time>
      </trkpt>
      <trkpt lat="-33.906011" lon="18.421285">
        <ele>3.756868</ele>
        <time>2022-12-29T10:21:10.455Z</time>
      </trkpt>
      <trkpt lat="-33.906042" lon="18.421197">
        <ele>3.797206</ele>
        <time>2022-12-29T10:21:15.941Z</time>
      </trkpt>
      <trkpt lat="-33.906024" lon="18.421106">
        <ele>3.836679</ele>
        <time>2022-12-29T10:21:21.344Z</time>
      </trkpt>
      <trkpt lat="-33.905866" lon="18.420986">
        <ele>3.931633</ele>
        <time>2022-12-29T10:21:34.284Z</time>
      </trkpt>
      <trkpt lat="-33.905828" lon="18.420893">
        <ele>3.975372</ele>
        <time>2022-12-29T10:21:40.288Z</time>
      </trkpt>
      <trkpt lat="-33.905823" lon="18.420853">
        <ele>3.992440</ele>
        <time>2022-12-29T10:21:42.605Z</time>
      </trkpt>
      <trkpt lat="-33.905864" lon="18.420738">
        <ele>4.045252</ele>
        <time>2022-12-29T10:21:49.838Z</time>
      </trkpt>
      <trkpt lat="-33.905836" lon="18.420635">
        <ele>4.090985</ele>
        <time>2022-12-29T10:21:56.124Z</time>
      </trkpt>
      <trkpt lat="-33.905865" lon="18.420495">
        <ele>4.151870</ele>
        <time>2022-12-29T10:22:04.478Z</time>
      </trkpt>
      <trkpt lat="-33.905720" lon="18.420408">
        <ele>4.234222</ele>
        <time>2022-12-29T10:22:15.721Z</time>
      </trkpt>
      <trkpt lat="-33.905120" lon="18.420110">
        <ele>4.564162</ele>
        <time>2022-12-29T10:23:00.816Z</time>
      </trkpt>
      <trkpt lat="-33.904568" lon="18.420682">
        <ele>4.386011</ele>
        <time>2022-12-29T10:23:51.422Z</time>
      </trkpt>
      <trkpt lat="-33.904144" lon="18.421100">
        <ele>4.111302</ele>
        <time>2022-12-29T10:24:29.480Z</time>
      </trkpt>
      <trkpt lat="-33.904107" lon="18.421166">
        <ele>4.078156</ele>
        <time>2022-12-29T10:24:34.052Z</time>
      </trkpt>
      <trkpt lat="-33.904088" lon="18.421461">
        <ele>3.955015</ele>
        <time>2022-12-29T10:24:51.145Z</time>
      </trkpt>
      <trkpt lat="-33.904088" lon="18.421461">
        <ele>3.955015</ele>
        <time>2022-12-29T10:24:51.189Z</time>
      </trkpt>
      <trkpt lat="-33.904088" lon="18.421461">
        <ele>3.955015</ele>
        <time>2022-12-29T10:24:51.189Z</time>
      </trkpt>
      <trkpt lat="-33.904010" lon="18.421550">
        <ele>3.901148</ele>
        <time>2022-12-29T10:24:53.967Z</time>
      </trkpt>
      <trkpt lat="-33.903647" lon="18.421992">
        <ele>3.767190</ele>
        <time>2022-12-29T10:25:07.313Z</time>
      </trkpt>
      <trkpt lat="-33.903535" lon="18.422135">
        <ele>3.774956</ele>
        <time>2022-12-29T10:25:11.533Z</time>
      </trkpt>
      <trkpt lat="-33.903353" lon="18.422342">
        <ele>3.786867</ele>
        <time>2022-12-29T10:25:18.005Z</time>
      </trkpt>
      <trkpt lat="-33.902943" lon="18.422833">
        <ele>3.814379</ele>
        <time>2022-12-29T10:25:32.954Z</time>
      </trkpt>
      <trkpt lat="-33.902548" lon="18.423082">
        <ele>3.835595</ele>
        <time>2022-12-29T10:25:44.482Z</time>
      </trkpt>
      <trkpt lat="-33.902382" lon="18.423145">
        <ele>3.877027</ele>
        <time>2022-12-29T10:25:48.983Z</time>
      </trkpt>
      <trkpt lat="-33.902050" lon="18.423498">
        <ele>4.264117</ele>
        <time>2022-12-29T10:26:00.433Z</time>
      </trkpt>
      <trkpt lat="-33.902049" lon="18.423497">
        <ele>4.265253</ele>
        <time>2022-12-29T10:26:00.476Z</time>
      </trkpt>
      <trkpt lat="-33.901928" lon="18.423644">
        <ele>4.415471</ele>
        <time>2022-12-29T10:26:04.685Z</time>
      </trkpt>
      <trkpt lat="-33.901824" lon="18.423770">
        <ele>4.544406</ele>
        <time>2022-12-29T10:26:08.275Z</time>
      </trkpt>
      <trkpt lat="-33.901668" lon="18.423596">
        <ele>4.730249</ele>
        <time>2022-12-29T10:26:13.392Z</time>
      </trkpt>
      <trkpt lat="-33.901437" lon="18.423328">
        <ele>5.010594</ele>
        <time>2022-12-29T10:26:21.891Z</time>
      </trkpt>
      <trkpt lat="-33.901413" lon="18.423296">
        <ele>5.041888</ele>
        <time>2022-12-29T10:26:22.774Z</time>
      </trkpt>
      <trkpt lat="-33.901343" lon="18.423203">
        <ele>5.132982</ele>
        <time>2022-12-29T10:26:25.749Z</time>
      </trkpt>
      <trkpt lat="-33.901250" lon="18.422945">
        <ele>5.337075</ele>
        <time>2022-12-29T10:26:32.279Z</time>
      </trkpt>
      <trkpt lat="-33.901242" lon="18.422711">
        <ele>5.571508</ele>
        <time>2022-12-29T10:26:37.983Z</time>
      </trkpt>
      <trkpt lat="-33.901273" lon="18.422653">
        <ele>5.656406</ele>
        <time>2022-12-29T10:26:39.552Z</time>
      </trkpt>
      <trkpt lat="-33.901257" lon="18.422555">
        <ele>5.779322</ele>
        <time>2022-12-29T10:26:42.117Z</time>
      </trkpt>
      <trkpt lat="-33.901228" lon="18.422525">
        <ele>5.835997</ele>
        <time>2022-12-29T10:26:43.192Z</time>
      </trkpt>
      <trkpt lat="-33.901221" lon="18.422202">
        <ele>6.233637</ele>
        <time>2022-12-29T10:26:51.359Z</time>
      </trkpt>
      <trkpt lat="-33.901244" lon="18.422073">
        <ele>6.396014</ele>
        <time>2022-12-29T10:26:54.612Z</time>
      </trkpt>
      <trkpt lat="-33.901336" lon="18.421851">
        <ele>6.701383</ele>
        <time>2022-12-29T10:27:00.732Z</time>
      </trkpt>
      <trkpt lat="-33.901585" lon="18.421506">
        <ele>7.264033</ele>
        <time>2022-12-29T10:27:11.284Z</time>
      </trkpt>
      <trkpt lat="-33.901638" lon="18.421474">
        <ele>7.351933</ele>
        <time>2022-12-29T10:27:13.311Z</time>
      </trkpt>
      <trkpt lat="-33.901664" lon="18.421409">
        <ele>7.440730</ele>
        <time>2022-12-29T10:27:15.213Z</time>
      </trkpt>
      <trkpt lat="-33.901664" lon="18.421383">
        <ele>7.472727</ele>
        <time>2022-12-29T10:27:15.962Z</time>
      </trkpt>
      <trkpt lat="-33.901972" lon="18.420931">
        <ele>8.129979</ele>
        <time>2022-12-29T10:27:29.106Z</time>
      </trkpt>
      <trkpt lat="-33.902445" lon="18.420243">
        <ele>8.611871</ele>
        <time>2022-12-29T10:27:49.007Z</time>
      </trkpt>
      <trkpt lat="-33.902655" lon="18.419935">
        <ele>8.826878</ele>
        <time>2022-12-29T10:27:57.233Z</time>
      </trkpt>
      <trkpt lat="-33.902678" lon="18.419933">
        <ele>8.841864</ele>
        <time>2022-12-29T10:27:57.970Z</time>
      </trkpt>
      <trkpt lat="-33.902735" lon="18.419896">
        <ele>8.883943</ele>
        <time>2022-12-29T10:27:59.898Z</time>
      </trkpt>
      <trkpt lat="-33.902764" lon="18.419826">
        <ele>8.926143</ele>
        <time>2022-12-29T10:28:01.791Z</time>
      </trkpt>
      <trkpt lat="-33.902764" lon="18.419786">
        <ele>8.947719</ele>
        <time>2022-12-29T10:28:02.721Z</time>
      </trkpt>
      <trkpt lat="-33.903137" lon="18.419236">
        <ele>9.288495</ele>
        <time>2022-12-29T10:28:16.151Z</time>
      </trkpt>
      <trkpt lat="-33.903549" lon="18.418632">
        <ele>9.488846</ele>
        <time>2022-12-29T10:28:29.980Z</time>
      </trkpt>
      <trkpt lat="-33.903898" lon="18.418121">
        <ele>9.658433</ele>
        <time>2022-12-29T10:28:42.216Z</time>
      </trkpt>
      <trkpt lat="-33.903963" lon="18.418024">
        <ele>9.690381</ele>
        <time>2022-12-29T10:28:44.614Z</time>
      </trkpt>
      <trkpt lat="-33.904012" lon="18.418018">
        <ele>9.705588</ele>
        <time>2022-12-29T10:28:46.342Z</time>
      </trkpt>
      <trkpt lat="-33.904063" lon="18.417970">
        <ele>9.725570</ele>
        <time>2022-12-29T10:28:48.420Z</time>
      </trkpt>
      <trkpt lat="-33.904080" lon="18.417896">
        <ele>9.745247</ele>
        <time>2022-12-29T10:28:50.463Z</time>
      </trkpt>
      <trkpt lat="-33.904051" lon="18.417814">
        <ele>9.768088</ele>
        <time>2022-12-29T10:28:52.811Z</time>
      </trkpt>
      <trkpt lat="-33.903963" lon="18.417777">
        <ele>9.796866</ele>
        <time>2022-12-29T10:28:55.864Z</time>
      </trkpt>
      <trkpt lat="-33.903877" lon="18.417728">
        <ele>9.926693</ele>
        <time>2022-12-29T10:28:58.720Z</time>
      </trkpt>
      <trkpt lat="-33.903700" lon="18.417557">
        <ele>10.336445</ele>
        <time>2022-12-29T10:29:05.096Z</time>
      </trkpt>
      <trkpt lat="-33.903155" lon="18.417014">
        <ele>11.613707</ele>
        <time>2022-12-29T10:29:26.576Z</time>
      </trkpt>
      <trkpt lat="-33.903153" lon="18.416979">
        <ele>11.666296</ele>
        <time>2022-12-29T10:29:27.663Z</time>
      </trkpt>
      <trkpt lat="-33.903190" lon="18.416884">
        <ele>11.823601</ele>
        <time>2022-12-29T10:29:30.600Z</time>
      </trkpt>
      <trkpt lat="-33.903331" lon="18.416680">
        <ele>12.221549</ele>
        <time>2022-12-29T10:29:37.180Z</time>
      </trkpt>
      <trkpt lat="-33.903485" lon="18.416460">
        <ele>12.652959</ele>
        <time>2022-12-29T10:29:44.319Z</time>
      </trkpt>
      <trkpt lat="-33.903537" lon="18.416453">
        <ele>12.747459</ele>
        <time>2022-12-29T10:29:46.118Z</time>
      </trkpt>
      <trkpt lat="-33.903591" lon="18.416409">
        <ele>12.865196</ele>
        <time>2022-12-29T10:29:48.456Z</time>
      </trkpt>
      <trkpt lat="-33.903618" lon="18.416338">
        <ele>12.982265</ele>
        <time>2022-12-29T10:29:50.874Z</time>
      </trkpt>
      <trkpt lat="-33.903618" lon="18.416300">
        <ele>13.039227</ele>
        <time>2022-12-29T10:29:52.122Z</time>
      </trkpt>
      <trkpt lat="-33.903643" lon="18.416200">
        <ele>13.165377</ele>
        <time>2022-12-29T10:29:54.864Z</time>
      </trkpt>
      <trkpt lat="-33.903728" lon="18.416062">
        <ele>13.367738</ele>
        <time>2022-12-29T10:29:58.992Z</time>
      </trkpt>
      <trkpt lat="-33.903818" lon="18.415916">
        <ele>13.581890</ele>
        <time>2022-12-29T10:30:03.601Z</time>
      </trkpt>
      <trkpt lat="-33.904112" lon="18.415471">
        <ele>14.251643</ele>
        <time>2022-12-29T10:30:17.910Z</time>
      </trkpt>
      <trkpt lat="-33.904649" lon="18.414612">
        <ele>15.517974</ele>
        <time>2022-12-29T10:30:42.471Z</time>
      </trkpt>
      <trkpt lat="-33.904771" lon="18.414472">
        <ele>15.549143</ele>
        <time>2022-12-29T10:30:46.560Z</time>
      </trkpt>
      <trkpt lat="-33.904811" lon="18.414461">
        <ele>15.527297</ele>
        <time>2022-12-29T10:30:47.764Z</time>
      </trkpt>
      <trkpt lat="-33.904879" lon="18.414366">
        <ele>15.471858</ele>
        <time>2022-12-29T10:30:50.780Z</time>
      </trkpt>
      <trkpt lat="-33.904882" lon="18.414316">
        <ele>15.449705</ele>
        <time>2022-12-29T10:30:51.963Z</time>
      </trkpt>
      <trkpt lat="-33.904983" lon="18.414124">
        <ele>15.349249</ele>
        <time>2022-12-29T10:30:55.803Z</time>
      </trkpt>
      <trkpt lat="-33.905246" lon="18.413666">
        <ele>15.103130</ele>
        <time>2022-12-29T10:31:04.717Z</time>
      </trkpt>
      <trkpt lat="-33.905355" lon="18.413430">
        <ele>14.983776</ele>
        <time>2022-12-29T10:31:09.050Z</time>
      </trkpt>
      <trkpt lat="-33.905498" lon="18.413015">
        <ele>14.785204</ele>
        <time>2022-12-29T10:31:16.195Z</time>
      </trkpt>
      <trkpt lat="-33.905587" lon="18.412800">
        <ele>14.679030</ele>
        <time>2022-12-29T10:31:20.086Z</time>
      </trkpt>
      <trkpt lat="-33.905791" lon="18.412392">
        <ele>14.706718</ele>
        <time>2022-12-29T10:31:28.013Z</time>
      </trkpt>
      <trkpt lat="-33.905931" lon="18.412171">
        <ele>14.746762</ele>
        <time>2022-12-29T10:31:32.837Z</time>
      </trkpt>
      <trkpt lat="-33.906035" lon="18.412016">
        <ele>14.775470</ele>
        <time>2022-12-29T10:31:36.303Z</time>
      </trkpt>
      <trkpt lat="-33.906293" lon="18.411714">
        <ele>14.837894</ele>
        <time>2022-12-29T10:31:43.905Z</time>
      </trkpt>
      <trkpt lat="-33.906409" lon="18.411605">
        <ele>14.863423</ele>
        <time>2022-12-29T10:31:47.235Z</time>
      </trkpt>
      <trkpt lat="-33.906515" lon="18.411525">
        <ele>14.885129</ele>
        <time>2022-12-29T10:31:49.923Z</time>
      </trkpt>
      <trkpt lat="-33.906594" lon="18.411465">
        <ele>14.901335</ele>
        <time>2022-12-29T10:31:52.112Z</time>
      </trkpt>
      <trkpt lat="-33.906819" lon="18.411296">
        <ele>14.947348</ele>
        <time>2022-12-29T10:31:59.070Z</time>
      </trkpt>
      <trkpt lat="-33.906958" lon="18.411217">
        <ele>15.163053</ele>
        <time>2022-12-29T10:32:03.759Z</time>
      </trkpt>
      <trkpt lat="-33.907120" lon="18.411178">
        <ele>15.587077</ele>
        <time>2022-12-29T10:32:09.076Z</time>
      </trkpt>
      <trkpt lat="-33.907185" lon="18.411196">
        <ele>15.758262</ele>
        <time>2022-12-29T10:32:11.328Z</time>
      </trkpt>
      <trkpt lat="-33.907344" lon="18.411154">
        <ele>16.176060</ele>
        <time>2022-12-29T10:32:17.004Z</time>
      </trkpt>
      <trkpt lat="-33.907449" lon="18.411019">
        <ele>16.570184</ele>
        <time>2022-12-29T10:32:22.126Z</time>
      </trkpt>
      <trkpt lat="-33.907468" lon="18.410954">
        <ele>16.716985</ele>
        <time>2022-12-29T10:32:24.026Z</time>
      </trkpt>
      <trkpt lat="-33.907573" lon="18.410840">
        <ele>17.079760</ele>
        <time>2022-12-29T10:32:29.130Z</time>
      </trkpt>
      <trkpt lat="-33.907688" lon="18.410742">
        <ele>17.441293</ele>
        <time>2022-12-29T10:32:34.092Z</time>
      </trkpt>
      <trkpt lat="-33.907958" lon="18.410601">
        <ele>18.196593</ele>
        <time>2022-12-29T10:32:44.633Z</time>
      </trkpt>
      <trkpt lat="-33.908019" lon="18.410572">
        <ele>18.364909</ele>
        <time>2022-12-29T10:32:46.808Z</time>
      </trkpt>
      <trkpt lat="-33.908055" lon="18.410678">
        <ele>18.608884</ele>
        <time>2022-12-29T10:32:50.051Z</time>
      </trkpt>
      <trkpt lat="-33.908106" lon="18.410830">
        <ele>18.958133</ele>
        <time>2022-12-29T10:32:54.785Z</time>
      </trkpt>
      <trkpt lat="-33.908261" lon="18.411285">
        <ele>19.737019</ele>
        <time>2022-12-29T10:33:07.980Z</time>
      </trkpt>
      <trkpt lat="-33.908452" lon="18.411826">
        <ele>20.204521</ele>
        <time>2022-12-29T10:33:21.740Z</time>
      </trkpt>
      <trkpt lat="-33.908532" lon="18.412049">
        <ele>20.397705</ele>
        <time>2022-12-29T10:33:27.131Z</time>
      </trkpt>
      <trkpt lat="-33.908670" lon="18.412442">
        <ele>20.737033</ele>
        <time>2022-12-29T10:33:35.787Z</time>
      </trkpt>
      <trkpt lat="-33.908813" lon="18.412770">
        <ele>21.031650</ele>
        <time>2022-12-29T10:33:42.696Z</time>
      </trkpt>
      <trkpt lat="-33.908938" lon="18.412949">
        <ele>21.217672</ele>
        <time>2022-12-29T10:33:46.821Z</time>
      </trkpt>
      <trkpt lat="-33.909335" lon="18.413430">
        <ele>21.508359</ele>
        <time>2022-12-29T10:33:58.534Z</time>
      </trkpt>
      <trkpt lat="-33.910435" lon="18.414674">
        <ele>22.332306</ele>
        <time>2022-12-29T10:34:35.840Z</time>
      </trkpt>
      <trkpt lat="-33.911255" lon="18.415583">
        <ele>23.805772</ele>
        <time>2022-12-29T10:35:07.032Z</time>
      </trkpt>
      <trkpt lat="-33.911808" lon="18.416136">
        <ele>24.665794</ele>
        <time>2022-12-29T10:35:27.768Z</time>
      </trkpt>
      <trkpt lat="-33.911855" lon="18.416180">
        <ele>24.720181</ele>
        <time>2022-12-29T10:35:29.436Z</time>
      </trkpt>
      <trkpt lat="-33.912425" lon="18.416679">
        <ele>25.363989</ele>
        <time>2022-12-29T10:35:48.450Z</time>
      </trkpt>
      <trkpt lat="-33.912464" lon="18.416711">
        <ele>25.407104</ele>
        <time>2022-12-29T10:35:49.689Z</time>
      </trkpt>
      <trkpt lat="-33.912584" lon="18.416810">
        <ele>25.539996</ele>
        <time>2022-12-29T10:35:53.204Z</time>
      </trkpt>
      <trkpt lat="-33.912694" lon="18.416889">
        <ele>25.657012</ele>
        <time>2022-12-29T10:35:56.320Z</time>
      </trkpt>
      <trkpt lat="-33.912771" lon="18.416935">
        <ele>25.735546</ele>
        <time>2022-12-29T10:35:58.500Z</time>
      </trkpt>
      <trkpt lat="-33.913002" lon="18.417073">
        <ele>25.971148</ele>
        <time>2022-12-29T10:36:04.621Z</time>
      </trkpt>
      <trkpt lat="-33.913124" lon="18.417093">
        <ele>26.083656</ele>
        <time>2022-12-29T10:36:07.701Z</time>
      </trkpt>
      <trkpt lat="-33.913263" lon="18.417181">
        <ele>26.084804</ele>
        <time>2022-12-29T10:36:11.334Z</time>
      </trkpt>
      <trkpt lat="-33.913808" lon="18.417479">
        <ele>25.981460</ele>
        <time>2022-12-29T10:36:24.747Z</time>
      </trkpt>
      <trkpt lat="-33.914438" lon="18.417785">
        <ele>25.864170</ele>
        <time>2022-12-29T10:36:38.446Z</time>
      </trkpt>
      <trkpt lat="-33.915014" lon="18.418083">
        <ele>26.086804</ele>
        <time>2022-12-29T10:36:51.342Z</time>
      </trkpt>
      <trkpt lat="-33.915196" lon="18.418173">
        <ele>26.327549</ele>
        <time>2022-12-29T10:36:56.114Z</time>
      </trkpt>
      <trkpt lat="-33.915452" lon="18.418293">
        <ele>26.663694</ele>
        <time>2022-12-29T10:37:03.451Z</time>
      </trkpt>
      <trkpt lat="-33.915683" lon="18.418404">
        <ele>26.968024</ele>
        <time>2022-12-29T10:37:10.991Z</time>
      </trkpt>
      <trkpt lat="-33.915750" lon="18.418433">
        <ele>27.055143</ele>
        <time>2022-12-29T10:37:12.777Z</time>
      </trkpt>
      <trkpt lat="-33.915820" lon="18.418467">
        <ele>27.147502</ele>
        <time>2022-12-29T10:37:14.639Z</time>
      </trkpt>
      <trkpt lat="-33.916113" lon="18.417668">
        <ele>28.069512</ele>
        <time>2022-12-29T10:37:35.697Z</time>
      </trkpt>
      <trkpt lat="-33.916162" lon="18.417536">
        <ele>28.356109</ele>
        <time>2022-12-29T10:37:40.342Z</time>
      </trkpt>
      <trkpt lat="-33.916319" lon="18.417113">
        <ele>29.274500</ele>
        <time>2022-12-29T10:37:52.742Z</time>
      </trkpt>
      <trkpt lat="-33.916388" lon="18.417154">
        <ele>29.458237</ele>
        <time>2022-12-29T10:37:54.975Z</time>
      </trkpt>
      <trkpt lat="-33.916558" lon="18.417370">
        <ele>30.048246</ele>
        <time>2022-12-29T10:38:03.707Z</time>
      </trkpt>
      <trkpt lat="-33.916947" lon="18.417873">
        <ele>31.410946</ele>
        <time>2022-12-29T10:38:23.971Z</time>
      </trkpt>
      <trkpt lat="-33.917520" lon="18.417235">
        <ele>32.587087</ele>
        <time>2022-12-29T10:38:45.355Z</time>
      </trkpt>
      <trkpt lat="-33.917593" lon="18.417152">
        <ele>32.658829</ele>
        <time>2022-12-29T10:38:47.447Z</time>
      </trkpt>
      <trkpt lat="-33.917875" lon="18.416833">
        <ele>32.935306</ele>
        <time>2022-12-29T10:38:55.599Z</time>
      </trkpt>
      <trkpt lat="-33.918016" lon="18.416692">
        <ele>33.066279</ele>
        <time>2022-12-29T10:39:00.193Z</time>
      </trkpt>
      <trkpt lat="-33.918068" lon="18.416712">
        <ele>33.105297</ele>
        <time>2022-12-29T10:39:01.188Z</time>
      </trkpt>
      <trkpt lat="-33.918365" lon="18.417112">
        <ele>33.423682</ele>
        <time>2022-12-29T10:39:11.946Z</time>
      </trkpt>
      <trkpt lat="-33.918841" lon="18.417743">
        <ele>34.673533</ele>
        <time>2022-12-29T10:39:31.126Z</time>
      </trkpt>
      <trkpt lat="-33.919349" lon="18.417200">
        <ele>36.190111</ele>
        <time>2022-12-29T10:39:52.382Z</time>
      </trkpt>
      <trkpt lat="-33.919852" lon="18.416648">
        <ele>37.777638</ele>
        <time>2022-12-29T10:40:15.181Z</time>
      </trkpt>
      <trkpt lat="-33.920243" lon="18.416217">
        <ele>39.673568</ele>
        <time>2022-12-29T10:40:35.463Z</time>
      </trkpt>
      <trkpt lat="-33.920727" lon="18.415673">
        <ele>42.041567</ele>
        <time>2022-12-29T10:41:00.329Z</time>
      </trkpt>
      <trkpt lat="-33.920948" lon="18.415429">
        <ele>43.113959</ele>
        <time>2022-12-29T10:41:11.120Z</time>
      </trkpt>
      <trkpt lat="-33.920478" lon="18.414784">
        <ele>47.081552</ele>
        <time>2022-12-29T10:41:36.838Z</time>
      </trkpt>
      <trkpt lat="-33.920298" lon="18.414544">
        <ele>48.877817</ele>
        <time>2022-12-29T10:41:47.594Z</time>
      </trkpt>
      <trkpt lat="-33.920171" lon="18.414375">
        <ele>50.143811</ele>
        <time>2022-12-29T10:41:55.818Z</time>
      </trkpt>
      <trkpt lat="-33.920162" lon="18.414315">
        <ele>50.482367</ele>
        <time>2022-12-29T10:41:58.665Z</time>
      </trkpt>
      <trkpt lat="-33.920187" lon="18.414274">
        <ele>50.764876</ele>
        <time>2022-12-29T10:42:00.651Z</time>
      </trkpt>
      <trkpt lat="-33.920348" lon="18.414104">
        <ele>52.197225</ele>
        <time>2022-12-29T10:42:11.151Z</time>
      </trkpt>
      <trkpt lat="-33.920416" lon="18.413992">
        <ele>52.967799</ele>
        <time>2022-12-29T10:42:17.978Z</time>
      </trkpt>
      <trkpt lat="-33.920444" lon="18.413896">
        <ele>53.532815</ele>
        <time>2022-12-29T10:42:22.761Z</time>
      </trkpt>
      <trkpt lat="-33.920504" lon="18.413448">
        <ele>56.052563</ele>
        <time>2022-12-29T10:42:46.321Z</time>
      </trkpt>
      <trkpt lat="-33.920541" lon="18.413174">
        <ele>58.853383</ele>
        <time>2022-12-29T10:43:02.165Z</time>
      </trkpt>
      <trkpt lat="-33.920718" lon="18.411849">
        <ele>72.451826</ele>
        <time>2022-12-29T10:44:29.799Z</time>
      </trkpt>
      <trkpt lat="-33.920815" lon="18.411128">
        <ele>79.051291</ele>
        <time>2022-12-29T10:45:11.171Z</time>
      </trkpt>
      <trkpt lat="-33.920883" lon="18.410624">
        <ele>81.950568</ele>
        <time>2022-12-29T10:45:33.592Z</time>
      </trkpt>
      <trkpt lat="-33.921937" lon="18.411228">
        <ele>89.936439</ele>
        <time>2022-12-29T10:46:26.485Z</time>
      </trkpt>
      <trkpt lat="-33.922258" lon="18.411357">
        <ele>92.044767</ele>
        <time>2022-12-29T10:46:39.631Z</time>
      </trkpt>
      <trkpt lat="-33.922486" lon="18.410996">
        <ele>94.342170</ele>
        <time>2022-12-29T10:46:58.035Z</time>
      </trkpt>
      <trkpt lat="-33.922595" lon="18.410924">
        <ele>95.100741</ele>
        <time>2022-12-29T10:47:05.695Z</time>
      </trkpt>
      <trkpt lat="-33.922652" lon="18.410857">
        <ele>95.586664</ele>
        <time>2022-12-29T10:47:09.168Z</time>
      </trkpt>
      <trkpt lat="-33.922363" lon="18.410839">
        <ele>97.352711</ele>
        <time>2022-12-29T10:47:22.599Z</time>
      </trkpt>
      <trkpt lat="-33.921971" lon="18.410690">
        <ele>99.861159</ele>
        <time>2022-12-29T10:47:43.702Z</time>
      </trkpt>
      <trkpt lat="-33.921205" lon="18.410217">
        <ele>105.225966</ele>
        <time>2022-12-29T10:48:36.549Z</time>
      </trkpt>
      <trkpt lat="-33.920988" lon="18.410047">
        <ele>106.852109</ele>
        <time>2022-12-29T10:48:51.454Z</time>
      </trkpt>
      <trkpt lat="-33.920755" lon="18.409921">
        <ele>108.456649</ele>
        <time>2022-12-29T10:49:02.312Z</time>
      </trkpt>
      <trkpt lat="-33.919688" lon="18.409473">
        <ele>114.443367</ele>
        <time>2022-12-29T10:49:40.589Z</time>
      </trkpt>
      <trkpt lat="-33.919489" lon="18.409452">
        <ele>115.223834</ele>
        <time>2022-12-29T10:49:50.438Z</time>
      </trkpt>
      <trkpt lat="-33.919331" lon="18.409597">
        <ele>115.999762</ele>
        <time>2022-12-29T10:49:55.238Z</time>
      </trkpt>
      <trkpt lat="-33.919180" lon="18.409864">
        <ele>117.047325</ele>
        <time>2022-12-29T10:50:05.951Z</time>
      </trkpt>
      <trkpt lat="-33.919013" lon="18.410078">
        <ele>117.999739</ele>
        <time>2022-12-29T10:50:16.502Z</time>
      </trkpt>
      <trkpt lat="-33.918793" lon="18.410265">
        <ele>119.051584</ele>
        <time>2022-12-29T10:50:25.241Z</time>
      </trkpt>
      <trkpt lat="-33.918554" lon="18.410362">
        <ele>120.411562</ele>
        <time>2022-12-29T10:50:34.324Z</time>
      </trkpt>
      <trkpt lat="-33.918415" lon="18.410376">
        <ele>121.472902</ele>
        <time>2022-12-29T10:50:41.173Z</time>
      </trkpt>
      <trkpt lat="-33.918013" lon="18.410332">
        <ele>124.544316</ele>
        <time>2022-12-29T10:51:00.782Z</time>
      </trkpt>
      <trkpt lat="-33.917724" lon="18.410347">
        <ele>126.745359</ele>
        <time>2022-12-29T10:51:18.617Z</time>
      </trkpt>
      <trkpt lat="-33.917471" lon="18.410325">
        <ele>128.675444</ele>
        <time>2022-12-29T10:51:35.921Z</time>
      </trkpt>
      <trkpt lat="-33.917326" lon="18.410273">
        <ele>129.826572</ele>
        <time>2022-12-29T10:51:41.824Z</time>
      </trkpt>
      <trkpt lat="-33.916966" lon="18.410011">
        <ele>133.026622</ele>
        <time>2022-12-29T10:52:06.063Z</time>
      </trkpt>
      <trkpt lat="-33.916870" lon="18.409972">
        <ele>133.540160</ele>
        <time>2022-12-29T10:52:17.512Z</time>
      </trkpt>
      <trkpt lat="-33.916791" lon="18.409974">
        <ele>133.812306</ele>
        <time>2022-12-29T10:52:18.774Z</time>
      </trkpt>
      <trkpt lat="-33.916712" lon="18.410011">
        <ele>134.104220</ele>
        <time>2022-12-29T10:52:21.776Z</time>
      </trkpt>
      <trkpt lat="-33.916531" lon="18.410191">
        <ele>134.912478</ele>
        <time>2022-12-29T10:52:36.050Z</time>
      </trkpt>
      <trkpt lat="-33.916411" lon="18.410390">
        <ele>135.615547</ele>
        <time>2022-12-29T10:52:40.637Z</time>
      </trkpt>
      <trkpt lat="-33.916207" lon="18.410727">
        <ele>136.807762</ele>
        <time>2022-12-29T10:52:55.046Z</time>
      </trkpt>
      <trkpt lat="-33.915857" lon="18.410937">
        <ele>138.154367</ele>
        <time>2022-12-29T10:53:10.254Z</time>
      </trkpt>
      <trkpt lat="-33.915772" lon="18.410983">
        <ele>138.475286</ele>
        <time>2022-12-29T10:53:20.815Z</time>
      </trkpt>
      <trkpt lat="-33.915857" lon="18.410937">
        <ele>138.796204</ele>
        <time>2022-12-29T10:53:21.988Z</time>
      </trkpt>
      <trkpt lat="-33.916207" lon="18.410727">
        <ele>138.400829</ele>
        <time>2022-12-29T10:53:28.087Z</time>
      </trkpt>
      <trkpt lat="-33.916411" lon="18.410390">
        <ele>136.247030</ele>
        <time>2022-12-29T10:53:33.352Z</time>
      </trkpt>
      <trkpt lat="-33.916531" lon="18.410191">
        <ele>134.976899</ele>
        <time>2022-12-29T10:53:37.839Z</time>
      </trkpt>
      <trkpt lat="-33.916712" lon="18.410011">
        <ele>133.516740</ele>
        <time>2022-12-29T10:53:41.048Z</time>
      </trkpt>
      <trkpt lat="-33.916791" lon="18.409974">
        <ele>132.989382</ele>
        <time>2022-12-29T10:53:42.428Z</time>
      </trkpt>
      <trkpt lat="-33.916870" lon="18.409972">
        <ele>132.497736</ele>
        <time>2022-12-29T10:53:45.378Z</time>
      </trkpt>
      <trkpt lat="-33.916966" lon="18.410011">
        <ele>131.867395</ele>
        <time>2022-12-29T10:53:46.650Z</time>
      </trkpt>
      <trkpt lat="-33.917326" lon="18.410273">
        <ele>129.250669</ele>
        <time>2022-12-29T10:53:52.478Z</time>
      </trkpt>
      <trkpt lat="-33.917471" lon="18.410325">
        <ele>128.316663</ele>
        <time>2022-12-29T10:53:54.826Z</time>
      </trkpt>
      <trkpt lat="-33.917724" lon="18.410347">
        <ele>127.270744</ele>
        <time>2022-12-29T10:53:58.223Z</time>
      </trkpt>
      <trkpt lat="-33.918013" lon="18.410332">
        <ele>126.077992</ele>
        <time>2022-12-29T10:54:02.159Z</time>
      </trkpt>
      <trkpt lat="-33.918415" lon="18.410376">
        <ele>124.413583</ele>
        <time>2022-12-29T10:54:08.263Z</time>
      </trkpt>
      <trkpt lat="-33.918554" lon="18.410362">
        <ele>123.838439</ele>
        <time>2022-12-29T10:54:10.435Z</time>
      </trkpt>
      <trkpt lat="-33.918793" lon="18.410265">
        <ele>122.798569</ele>
        <time>2022-12-29T10:54:16.137Z</time>
      </trkpt>
      <trkpt lat="-33.919013" lon="18.410078">
        <ele>121.688476</ele>
        <time>2022-12-29T10:54:21.919Z</time>
      </trkpt>
      <trkpt lat="-33.919180" lon="18.409864">
        <ele>121.140930</ele>
        <time>2022-12-29T10:54:27.282Z</time>
      </trkpt>
      <trkpt lat="-33.919331" lon="18.409597">
        <ele>122.223320</ele>
        <time>2022-12-29T10:54:34.457Z</time>
      </trkpt>
      <trkpt lat="-33.919489" lon="18.409452">
        <ele>123.025044</ele>
        <time>2022-12-29T10:54:41.994Z</time>
      </trkpt>
      <trkpt lat="-33.919481" lon="18.409375">
        <ele>123.284999</ele>
        <time>2022-12-29T10:54:45.954Z</time>
      </trkpt>
      <trkpt lat="-33.919537" lon="18.409301">
        <ele>123.620493</ele>
        <time>2022-12-29T10:54:48.848Z</time>
      </trkpt>
      <trkpt lat="-33.919793" lon="18.409328">
        <ele>124.657884</ele>
        <time>2022-12-29T10:55:04.676Z</time>
      </trkpt>
      <trkpt lat="-33.920291" lon="18.409458">
        <ele>126.714876</ele>
        <time>2022-12-29T10:55:34.713Z</time>
      </trkpt>
      <trkpt lat="-33.921426" lon="18.409303">
        <ele>133.140324</ele>
        <time>2022-12-29T10:56:42.980Z</time>
      </trkpt>
      <trkpt lat="-33.921518" lon="18.409246">
        <ele>133.798399</ele>
        <time>2022-12-29T10:56:47.562Z</time>
      </trkpt>
      <trkpt lat="-33.921602" lon="18.409151">
        <ele>134.531225</ele>
        <time>2022-12-29T10:56:53.474Z</time>
      </trkpt>
      <trkpt lat="-33.921763" lon="18.408908">
        <ele>136.172693</ele>
        <time>2022-12-29T10:57:05.830Z</time>
      </trkpt>
      <trkpt lat="-33.921769" lon="18.408720">
        <ele>137.165837</ele>
        <time>2022-12-29T10:57:18.110Z</time>
      </trkpt>
      <trkpt lat="-33.921666" lon="18.408623">
        <ele>137.997413</ele>
        <time>2022-12-29T10:57:25.839Z</time>
      </trkpt>
      <trkpt lat="-33.921174" lon="18.408478">
        <ele>143.174253</ele>
        <time>2022-12-29T10:58:07.899Z</time>
      </trkpt>
      <trkpt lat="-33.920889" lon="18.408455">
        <ele>147.208561</ele>
        <time>2022-12-29T10:58:28.995Z</time>
      </trkpt>
      <trkpt lat="-33.920734" lon="18.408416">
        <ele>149.444963</ele>
        <time>2022-12-29T10:58:44.777Z</time>
      </trkpt>
      <trkpt lat="-33.920635" lon="18.408373">
        <ele>150.931270</ele>
        <time>2022-12-29T10:58:52.407Z</time>
      </trkpt>
      <trkpt lat="-33.920549" lon="18.408290">
        <ele>152.487437</ele>
        <time>2022-12-29T10:59:00.847Z</time>
      </trkpt>
      <trkpt lat="-33.920515" lon="18.408230">
        <ele>153.338966</ele>
        <time>2022-12-29T10:59:08.687Z</time>
      </trkpt>
      <trkpt lat="-33.920489" lon="18.408054">
        <ele>155.434142</ele>
        <time>2022-12-29T10:59:19.326Z</time>
      </trkpt>
      <trkpt lat="-33.920526" lon="18.407334">
        <ele>163.888803</ele>
        <time>2022-12-29T11:00:26.538Z</time>
      </trkpt>
      <trkpt lat="-33.920754" lon="18.407049">
        <ele>169.418644</ele>
        <time>2022-12-29T11:01:05.496Z</time>
      </trkpt>
      <trkpt lat="-33.920866" lon="18.406848">
        <ele>172.976366</ele>
        <time>2022-12-29T11:01:25.954Z</time>
      </trkpt>
      <trkpt lat="-33.920979" lon="18.406376">
        <ele>180.195073</ele>
        <time>2022-12-29T11:02:16.156Z</time>
      </trkpt>
      <trkpt lat="-33.920983" lon="18.406088">
        <ele>184.427687</ele>
        <time>2022-12-29T11:02:42.239Z</time>
      </trkpt>
      <trkpt lat="-33.920950" lon="18.405878">
        <ele>187.568381</ele>
        <time>2022-12-29T11:03:03.272Z</time>
      </trkpt>
      <trkpt lat="-33.920717" lon="18.405258">
        <ele>197.330557</ele>
        <time>2022-12-29T11:03:56.217Z</time>
      </trkpt>
      <trkpt lat="-33.920596" lon="18.404871">
        <ele>201.323634</ele>
        <time>2022-12-29T11:04:28.539Z</time>
      </trkpt>
      <trkpt lat="-33.920462" lon="18.404596">
        <ele>204.402808</ele>
        <time>2022-12-29T11:04:54.667Z</time>
      </trkpt>
      <trkpt lat="-33.920203" lon="18.404157">
        <ele>209.603658</ele>
        <time>2022-12-29T11:05:32.490Z</time>
      </trkpt>
      <trkpt lat="-33.920108" lon="18.403883">
        <ele>212.470894</ele>
        <time>2022-12-29T11:05:48.303Z</time>
      </trkpt>
      <trkpt lat="-33.920103" lon="18.403803">
        <ele>213.245518</ele>
        <time>2022-12-29T11:05:53.030Z</time>
      </trkpt>
      <trkpt lat="-33.920146" lon="18.403672">
        <ele>214.605744</ele>
        <time>2022-12-29T11:06:00.780Z</time>
      </trkpt>
      <trkpt lat="-33.920445" lon="18.403296">
        <ele>219.713517</ele>
        <time>2022-12-29T11:06:29.813Z</time>
      </trkpt>
      <trkpt lat="-33.920462" lon="18.403245">
        <ele>220.267185</ele>
        <time>2022-12-29T11:06:33.038Z</time>
      </trkpt>
      <trkpt lat="-33.920501" lon="18.403123">
        <ele>221.584237</ele>
        <time>2022-12-29T11:06:42.338Z</time>
      </trkpt>
      <trkpt lat="-33.920488" lon="18.402856">
        <ele>224.278581</ele>
        <time>2022-12-29T11:07:04.603Z</time>
      </trkpt>
      <trkpt lat="-33.920441" lon="18.402641">
        <ele>226.518355</ele>
        <time>2022-12-29T11:07:21.041Z</time>
      </trkpt>
      <trkpt lat="-33.920232" lon="18.402297">
        <ele>230.813314</ele>
        <time>2022-12-29T11:07:52.806Z</time>
      </trkpt>
      <trkpt lat="-33.920239" lon="18.402187">
        <ele>231.924694</ele>
        <time>2022-12-29T11:08:01.053Z</time>
      </trkpt>
      <trkpt lat="-33.920334" lon="18.402065">
        <ele>233.610089</ele>
        <time>2022-12-29T11:08:13.653Z</time>
      </trkpt>
      <trkpt lat="-33.920368" lon="18.401976">
        <ele>234.597111</ele>
        <time>2022-12-29T11:08:19.940Z</time>
      </trkpt>
      <trkpt lat="-33.920377" lon="18.401793">
        <ele>236.443864</ele>
        <time>2022-12-29T11:08:33.375Z</time>
      </trkpt>
      <trkpt lat="-33.920324" lon="18.401623">
        <ele>238.273300</ele>
        <time>2022-12-29T11:08:46.290Z</time>
      </trkpt>
      <trkpt lat="-33.920187" lon="18.401369">
        <ele>241.486056</ele>
        <time>2022-12-29T11:09:08.840Z</time>
      </trkpt>
      <trkpt lat="-33.920167" lon="18.401307">
        <ele>242.220031</ele>
        <time>2022-12-29T11:09:14.842Z</time>
      </trkpt>
      <trkpt lat="-33.920178" lon="18.401197">
        <ele>243.442542</ele>
        <time>2022-12-29T11:09:21.495Z</time>
      </trkpt>
      <trkpt lat="-33.920479" lon="18.400811">
        <ele>249.287072</ele>
        <time>2022-12-29T11:10:01.804Z</time>
      </trkpt>
      <trkpt lat="-33.920619" lon="18.400551">
        <ele>252.706929</ele>
        <time>2022-12-29T11:10:26.178Z</time>
      </trkpt>
      <trkpt lat="-33.920789" lon="18.399946">
        <ele>259.754740</ele>
        <time>2022-12-29T11:11:23.064Z</time>
      </trkpt>
      <trkpt lat="-33.921020" lon="18.399404">
        <ele>264.806154</ele>
        <time>2022-12-29T11:12:01.312Z</time>
      </trkpt>
      <trkpt lat="-33.921203" lon="18.398905">
        <ele>267.386274</ele>
        <time>2022-12-29T11:12:29.839Z</time>
      </trkpt>
      <trkpt lat="-33.921506" lon="18.398426">
        <ele>270.234756</ele>
        <time>2022-12-29T11:13:01.499Z</time>
      </trkpt>
      <trkpt lat="-33.921805" lon="18.398487">
        <ele>271.963088</ele>
        <time>2022-12-29T11:13:12.719Z</time>
      </trkpt>
      <trkpt lat="-33.923066" lon="18.398446">
        <ele>272.121973</ele>
        <time>2022-12-29T11:13:41.000Z</time>
      </trkpt>
      <trkpt lat="-33.923161" lon="18.398397">
        <ele>271.936878</ele>
        <time>2022-12-29T11:13:42.463Z</time>
      </trkpt>
      <trkpt lat="-33.923541" lon="18.398091">
        <ele>271.118251</ele>
        <time>2022-12-29T11:13:49.619Z</time>
      </trkpt>
      <trkpt lat="-33.924267" lon="18.397324">
        <ele>268.201722</ele>
        <time>2022-12-29T11:14:04.995Z</time>
      </trkpt>
      <trkpt lat="-33.924522" lon="18.397156">
        <ele>267.162963</ele>
        <time>2022-12-29T11:14:09.706Z</time>
      </trkpt>
      <trkpt lat="-33.924790" lon="18.397101">
        <ele>266.191252</ele>
        <time>2022-12-29T11:14:14.138Z</time>
      </trkpt>
      <trkpt lat="-33.925288" lon="18.397161">
        <ele>264.402362</ele>
        <time>2022-12-29T11:14:21.917Z</time>
      </trkpt>
      <trkpt lat="-33.925531" lon="18.397161">
        <ele>263.874964</ele>
        <time>2022-12-29T11:14:25.815Z</time>
      </trkpt>
      <trkpt lat="-33.926166" lon="18.397070">
        <ele>262.849650</ele>
        <time>2022-12-29T11:14:36.582Z</time>
      </trkpt>
      <trkpt lat="-33.926350" lon="18.396993">
        <ele>262.537349</ele>
        <time>2022-12-29T11:14:39.916Z</time>
      </trkpt>
      <trkpt lat="-33.926601" lon="18.396821">
        <ele>262.074395</ele>
        <time>2022-12-29T11:14:45.076Z</time>
      </trkpt>
      <trkpt lat="-33.927252" lon="18.396193">
        <ele>262.768394</ele>
        <time>2022-12-29T11:15:05.841Z</time>
      </trkpt>
      <trkpt lat="-33.927472" lon="18.396029">
        <ele>263.939435</ele>
        <time>2022-12-29T11:15:13.619Z</time>
      </trkpt>
      <trkpt lat="-33.927961" lon="18.395743">
        <ele>266.399995</ele>
        <time>2022-12-29T11:15:35.923Z</time>
      </trkpt>
      <trkpt lat="-33.929062" lon="18.394641">
        <ele>274.930278</ele>
        <time>2022-12-29T11:16:51.584Z</time>
      </trkpt>
      <trkpt lat="-33.929348" lon="18.394495">
        <ele>277.168087</ele>
        <time>2022-12-29T11:17:08.712Z</time>
      </trkpt>
      <trkpt lat="-33.929806" lon="18.394428">
        <ele>280.492125</ele>
        <time>2022-12-29T11:17:33.143Z</time>
      </trkpt>
      <trkpt lat="-33.930074" lon="18.394423">
        <ele>282.398499</ele>
        <time>2022-12-29T11:17:46.459Z</time>
      </trkpt>
      <trkpt lat="-33.931303" lon="18.394584">
        <ele>287.175378</ele>
        <time>2022-12-29T11:18:34.529Z</time>
      </trkpt>
      <trkpt lat="-33.932106" lon="18.394716">
        <ele>289.292248</ele>
        <time>2022-12-29T11:19:00.296Z</time>
      </trkpt>
      <trkpt lat="-33.932781" lon="18.394561">
        <ele>289.217861</ele>
        <time>2022-12-29T11:19:16.644Z</time>
      </trkpt>
      <trkpt lat="-33.933449" lon="18.394578">
        <ele>289.145530</ele>
        <time>2022-12-29T11:19:29.492Z</time>
      </trkpt>
      <trkpt lat="-33.933570" lon="18.394614">
        <ele>289.132038</ele>
        <time>2022-12-29T11:19:31.399Z</time>
      </trkpt>
      <trkpt lat="-33.934154" lon="18.394913">
        <ele>286.914302</ele>
        <time>2022-12-29T11:19:43.009Z</time>
      </trkpt>
      <trkpt lat="-33.934942" lon="18.395177">
        <ele>283.748772</ele>
        <time>2022-12-29T11:19:55.813Z</time>
      </trkpt>
      <trkpt lat="-33.935153" lon="18.395209">
        <ele>282.925672</ele>
        <time>2022-12-29T11:19:58.961Z</time>
      </trkpt>
      <trkpt lat="-33.935779" lon="18.395233">
        <ele>279.513707</ele>
        <time>2022-12-29T11:20:08.003Z</time>
      </trkpt>
      <trkpt lat="-33.936343" lon="18.394980">
        <ele>275.800177</ele>
        <time>2022-12-29T11:20:16.650Z</time>
      </trkpt>
      <trkpt lat="-33.936909" lon="18.394895">
        <ele>272.280517</ele>
        <time>2022-12-29T11:20:25.019Z</time>
      </trkpt>
      <trkpt lat="-33.937325" lon="18.394836">
        <ele>269.961785</ele>
        <time>2022-12-29T11:20:31.244Z</time>
      </trkpt>
      <trkpt lat="-33.938198" lon="18.394633">
        <ele>265.541551</ele>
        <time>2022-12-29T11:20:44.632Z</time>
      </trkpt>
      <trkpt lat="-33.938597" lon="18.394698">
        <ele>263.539847</ele>
        <time>2022-12-29T11:20:50.919Z</time>
      </trkpt>
      <trkpt lat="-33.939051" lon="18.394601">
        <ele>261.140823</ele>
        <time>2022-12-29T11:20:58.197Z</time>
      </trkpt>
      <trkpt lat="-33.940362" lon="18.394640">
        <ele>253.825751</ele>
        <time>2022-12-29T11:21:17.404Z</time>
      </trkpt>
      <trkpt lat="-33.940652" lon="18.394612">
        <ele>252.202930</ele>
        <time>2022-12-29T11:21:21.576Z</time>
      </trkpt>
      <trkpt lat="-33.941216" lon="18.394526">
        <ele>249.431713</ele>
        <time>2022-12-29T11:21:30.281Z</time>
      </trkpt>
      <trkpt lat="-33.941725" lon="18.394338">
        <ele>246.850525</ele>
        <time>2022-12-29T11:21:38.210Z</time>
      </trkpt>
      <trkpt lat="-33.941991" lon="18.394388">
        <ele>245.545216</ele>
        <time>2022-12-29T11:21:42.201Z</time>
      </trkpt>
      <trkpt lat="-33.942086" lon="18.394355">
        <ele>245.065856</ele>
        <time>2022-12-29T11:21:43.627Z</time>
      </trkpt>
      <trkpt lat="-33.942224" lon="18.394254">
        <ele>244.283073</ele>
        <time>2022-12-29T11:21:46.353Z</time>
      </trkpt>
      <trkpt lat="-33.942325" lon="18.393936">
        <ele>242.962481</ele>
        <time>2022-12-29T11:21:50.917Z</time>
      </trkpt>
      <trkpt lat="-33.942418" lon="18.393762">
        <ele>242.219628</ele>
        <time>2022-12-29T11:21:53.686Z</time>
      </trkpt>
      <trkpt lat="-33.942610" lon="18.393508">
        <ele>240.986384</ele>
        <time>2022-12-29T11:21:58.694Z</time>
      </trkpt>
      <trkpt lat="-33.942959" lon="18.393230">
        <ele>239.176706</ele>
        <time>2022-12-29T11:22:05.822Z</time>
      </trkpt>
      <trkpt lat="-33.943284" lon="18.393121">
        <ele>237.717324</ele>
        <time>2022-12-29T11:22:11.199Z</time>
      </trkpt>
      <trkpt lat="-33.943772" lon="18.393093">
        <ele>235.603806</ele>
        <time>2022-12-29T11:22:18.210Z</time>
      </trkpt>
      <trkpt lat="-33.944138" lon="18.393031">
        <ele>232.701662</ele>
        <time>2022-12-29T11:22:23.387Z</time>
      </trkpt>
      <trkpt lat="-33.944430" lon="18.392883">
        <ele>230.202964</ele>
        <time>2022-12-29T11:22:27.898Z</time>
      </trkpt>
      <trkpt lat="-33.945103" lon="18.392447">
        <ele>224.176058</ele>
        <time>2022-12-29T11:22:38.805Z</time>
      </trkpt>
      <trkpt lat="-33.945385" lon="18.392355">
        <ele>221.871547</ele>
        <time>2022-12-29T11:22:42.845Z</time>
      </trkpt>
      <trkpt lat="-33.946011" lon="18.392339">
        <ele>215.979387</ele>
        <time>2022-12-29T11:22:51.255Z</time>
      </trkpt>
      <trkpt lat="-33.946296" lon="18.392282">
        <ele>213.214330</ele>
        <time>2022-12-29T11:22:55.118Z</time>
      </trkpt>
      <trkpt lat="-33.946627" lon="18.392088">
        <ele>209.691678</ele>
        <time>2022-12-29T11:23:00.115Z</time>
      </trkpt>
      <trkpt lat="-33.946941" lon="18.391848">
        <ele>206.133150</ele>
        <time>2022-12-29T11:23:05.307Z</time>
      </trkpt>
      <trkpt lat="-33.947500" lon="18.391389">
        <ele>201.130224</ele>
        <time>2022-12-29T11:23:14.838Z</time>
      </trkpt>
      <trkpt lat="-33.947801" lon="18.391147">
        <ele>198.792805</ele>
        <time>2022-12-29T11:23:19.970Z</time>
      </trkpt>
      <trkpt lat="-33.947939" lon="18.391007">
        <ele>197.627561</ele>
        <time>2022-12-29T11:23:22.572Z</time>
      </trkpt>
      <trkpt lat="-33.948093" lon="18.390825">
        <ele>196.234285</ele>
        <time>2022-12-29T11:23:25.708Z</time>
      </trkpt>
      <trkpt lat="-33.948521" lon="18.390207">
        <ele>192.041422</ele>
        <time>2022-12-29T11:23:35.927Z</time>
      </trkpt>
      <trkpt lat="-33.948746" lon="18.389968">
        <ele>190.469623</ele>
        <time>2022-12-29T11:23:40.576Z</time>
      </trkpt>
      <trkpt lat="-33.948959" lon="18.389800">
        <ele>189.135498</ele>
        <time>2022-12-29T11:23:44.481Z</time>
      </trkpt>
      <trkpt lat="-33.949515" lon="18.389468">
        <ele>185.883418</ele>
        <time>2022-12-29T11:23:53.885Z</time>
      </trkpt>
      <trkpt lat="-33.949659" lon="18.389375">
        <ele>185.027180</ele>
        <time>2022-12-29T11:23:56.311Z</time>
      </trkpt>
      <trkpt lat="-33.949738" lon="18.389325">
        <ele>184.559519</ele>
        <time>2022-12-29T11:23:57.617Z</time>
      </trkpt>
      <trkpt lat="-33.949810" lon="18.389276">
        <ele>184.126161</ele>
        <time>2022-12-29T11:23:58.823Z</time>
      </trkpt>
      <trkpt lat="-33.950148" lon="18.389036">
        <ele>181.724398</ele>
        <time>2022-12-29T11:24:04.508Z</time>
      </trkpt>
      <trkpt lat="-33.950584" lon="18.388673">
        <ele>178.047302</ele>
        <time>2022-12-29T11:24:12.095Z</time>
      </trkpt>
      <trkpt lat="-33.950804" lon="18.388489">
        <ele>176.189153</ele>
        <time>2022-12-29T11:24:15.856Z</time>
      </trkpt>
      <trkpt lat="-33.951132" lon="18.388137">
        <ele>173.141731</ele>
        <time>2022-12-29T11:24:22.112Z</time>
      </trkpt>
      <trkpt lat="-33.951307" lon="18.387884">
        <ele>171.245451</ele>
        <time>2022-12-29T11:24:26.022Z</time>
      </trkpt>
      <trkpt lat="-33.951446" lon="18.387723">
        <ele>169.938986</ele>
        <time>2022-12-29T11:24:28.903Z</time>
      </trkpt>
      <trkpt lat="-33.951488" lon="18.387675">
        <ele>169.554138</ele>
        <time>2022-12-29T11:24:29.710Z</time>
      </trkpt>
      <trkpt lat="-33.951583" lon="18.387609">
        <ele>168.825011</ele>
        <time>2022-12-29T11:24:31.276Z</time>
      </trkpt>
      <trkpt lat="-33.951777" lon="18.387511">
        <ele>167.426267</ele>
        <time>2022-12-29T11:24:34.330Z</time>
      </trkpt>
      <trkpt lat="-33.951914" lon="18.387476">
        <ele>166.495011</ele>
        <time>2022-12-29T11:24:36.277Z</time>
      </trkpt>
      <trkpt lat="-33.952109" lon="18.387404">
        <ele>165.138841</ele>
        <time>2022-12-29T11:24:39.197Z</time>
      </trkpt>
      <trkpt lat="-33.952772" lon="18.386878">
        <ele>159.860961</ele>
        <time>2022-12-29T11:24:50.596Z</time>
      </trkpt>
      <trkpt lat="-33.953303" lon="18.386458">
        <ele>156.328107</ele>
        <time>2022-12-29T11:25:00.036Z</time>
      </trkpt>
      <trkpt lat="-33.953490" lon="18.386353">
        <ele>155.266116</ele>
        <time>2022-12-29T11:25:03.207Z</time>
      </trkpt>
      <trkpt lat="-33.954042" lon="18.386141">
        <ele>152.283652</ele>
        <time>2022-12-29T11:25:12.012Z</time>
      </trkpt>
      <trkpt lat="-33.954387" lon="18.386174">
        <ele>150.501979</ele>
        <time>2022-12-29T11:25:17.199Z</time>
      </trkpt>
      <trkpt lat="-33.954591" lon="18.386153">
        <ele>149.447947</ele>
        <time>2022-12-29T11:25:20.346Z</time>
      </trkpt>
      <trkpt lat="-33.955167" lon="18.385714">
        <ele>145.383337</ele>
        <time>2022-12-29T11:25:30.683Z</time>
      </trkpt>
      <trkpt lat="-33.955344" lon="18.385608">
        <ele>144.203922</ele>
        <time>2022-12-29T11:25:33.555Z</time>
      </trkpt>
      <trkpt lat="-33.956087" lon="18.385363">
        <ele>139.607109</ele>
        <time>2022-12-29T11:25:44.662Z</time>
      </trkpt>
      <trkpt lat="-33.956773" lon="18.384999">
        <ele>135.117938</ele>
        <time>2022-12-29T11:25:55.455Z</time>
      </trkpt>
      <trkpt lat="-33.957161" lon="18.384922">
        <ele>132.760539</ele>
        <time>2022-12-29T11:26:01.131Z</time>
      </trkpt>
      <trkpt lat="-33.957480" lon="18.384861">
        <ele>130.824198</ele>
        <time>2022-12-29T11:26:05.853Z</time>
      </trkpt>
      <trkpt lat="-33.957716" lon="18.384669">
        <ele>129.117354</ele>
        <time>2022-12-29T11:26:10.085Z</time>
      </trkpt>
      <trkpt lat="-33.957832" lon="18.384543">
        <ele>128.181304</ele>
        <time>2022-12-29T11:26:12.484Z</time>
      </trkpt>
      <trkpt lat="-33.958115" lon="18.384054">
        <ele>125.894728</ele>
        <time>2022-12-29T11:26:20.277Z</time>
      </trkpt>
      <trkpt lat="-33.958233" lon="18.383601">
        <ele>124.126449</ele>
        <time>2022-12-29T11:26:26.391Z</time>
      </trkpt>
      <trkpt lat="-33.958482" lon="18.383219">
        <ele>122.317095</ele>
        <time>2022-12-29T11:26:32.671Z</time>
      </trkpt>
      <trkpt lat="-33.958651" lon="18.382935">
        <ele>121.015401</ele>
        <time>2022-12-29T11:26:37.139Z</time>
      </trkpt>
      <trkpt lat="-33.958754" lon="18.382651">
        <ele>119.861061</ele>
        <time>2022-12-29T11:26:41.046Z</time>
      </trkpt>
      <trkpt lat="-33.958853" lon="18.382210">
        <ele>117.874947</ele>
        <time>2022-12-29T11:26:46.748Z</time>
      </trkpt>
      <trkpt lat="-33.959001" lon="18.381956">
        <ele>116.523405</ele>
        <time>2022-12-29T11:26:50.627Z</time>
      </trkpt>
      <trkpt lat="-33.959453" lon="18.381629">
        <ele>113.756289</ele>
        <time>2022-12-29T11:26:58.482Z</time>
      </trkpt>
      <trkpt lat="-33.959994" lon="18.381071">
        <ele>110.063420</ele>
        <time>2022-12-29T11:27:09.000Z</time>
      </trkpt>
      <trkpt lat="-33.960079" lon="18.381010">
        <ele>109.604626</ele>
        <time>2022-12-29T11:27:10.526Z</time>
      </trkpt>
      <trkpt lat="-33.960324" lon="18.380893">
        <ele>108.382399</ele>
        <time>2022-12-29T11:27:14.522Z</time>
      </trkpt>
      <trkpt lat="-33.960790" lon="18.380781">
        <ele>106.178518</ele>
        <time>2022-12-29T11:27:21.770Z</time>
      </trkpt>
      <trkpt lat="-33.960932" lon="18.380714">
        <ele>105.471270</ele>
        <time>2022-12-29T11:27:24.067Z</time>
      </trkpt>
      <trkpt lat="-33.961050" lon="18.380611">
        <ele>104.795598</ele>
        <time>2022-12-29T11:27:26.254Z</time>
      </trkpt>
      <trkpt lat="-33.961229" lon="18.380318">
        <ele>103.395696</ele>
        <time>2022-12-29T11:27:30.881Z</time>
      </trkpt>
      <trkpt lat="-33.961311" lon="18.380246">
        <ele>102.925204</ele>
        <time>2022-12-29T11:27:32.465Z</time>
      </trkpt>
      <trkpt lat="-33.961514" lon="18.380083">
        <ele>101.738921</ele>
        <time>2022-12-29T11:27:36.448Z</time>
      </trkpt>
      <trkpt lat="-33.962022" lon="18.379760">
        <ele>98.521052</ele>
        <time>2022-12-29T11:27:45.789Z</time>
      </trkpt>
      <trkpt lat="-33.962219" lon="18.379735">
        <ele>97.411164</ele>
        <time>2022-12-29T11:27:48.824Z</time>
      </trkpt>
      <trkpt lat="-33.962667" lon="18.379762">
        <ele>94.897886</ele>
        <time>2022-12-29T11:27:55.328Z</time>
      </trkpt>
      <trkpt lat="-33.962817" lon="18.379735">
        <ele>94.048122</ele>
        <time>2022-12-29T11:27:57.557Z</time>
      </trkpt>
      <trkpt lat="-33.962945" lon="18.379664">
        <ele>93.258681</ele>
        <time>2022-12-29T11:27:59.513Z</time>
      </trkpt>
      <trkpt lat="-33.963147" lon="18.379446">
        <ele>91.606305</ele>
        <time>2022-12-29T11:28:03.339Z</time>
      </trkpt>
      <trkpt lat="-33.963210" lon="18.379336">
        <ele>90.641422</ele>
        <time>2022-12-29T11:28:04.851Z</time>
      </trkpt>
      <trkpt lat="-33.963286" lon="18.379099">
        <ele>88.807352</ele>
        <time>2022-12-29T11:28:07.837Z</time>
      </trkpt>
      <trkpt lat="-33.963289" lon="18.378897">
        <ele>87.349088</ele>
        <time>2022-12-29T11:28:10.114Z</time>
      </trkpt>
      <trkpt lat="-33.963266" lon="18.378769">
        <ele>86.403754</ele>
        <time>2022-12-29T11:28:11.664Z</time>
      </trkpt>
      <trkpt lat="-33.963230" lon="18.378650">
        <ele>85.489461</ele>
        <time>2022-12-29T11:28:13.184Z</time>
      </trkpt>
      <trkpt lat="-33.963139" lon="18.378485">
        <ele>84.059225</ele>
        <time>2022-12-29T11:28:15.405Z</time>
      </trkpt>
      <trkpt lat="-33.963008" lon="18.378326">
        <ele>82.441559</ele>
        <time>2022-12-29T11:28:18.049Z</time>
      </trkpt>
      <trkpt lat="-33.962919" lon="18.378266">
        <ele>81.554165</ele>
        <time>2022-12-29T11:28:19.414Z</time>
      </trkpt>
      <trkpt lat="-33.962657" lon="18.378164">
        <ele>79.158143</ele>
        <time>2022-12-29T11:28:23.198Z</time>
      </trkpt>
      <trkpt lat="-33.962619" lon="18.378155">
        <ele>78.821121</ele>
        <time>2022-12-29T11:28:23.702Z</time>
      </trkpt>
      <trkpt lat="-33.961790" lon="18.378081">
        <ele>72.882851</ele>
        <time>2022-12-29T11:28:35.120Z</time>
      </trkpt>
      <trkpt lat="-33.961447" lon="18.378125">
        <ele>70.701582</ele>
        <time>2022-12-29T11:28:40.148Z</time>
      </trkpt>
      <trkpt lat="-33.960525" lon="18.378364">
        <ele>64.803344</ele>
        <time>2022-12-29T11:28:54.661Z</time>
      </trkpt>
      <trkpt lat="-33.959634" lon="18.378575">
        <ele>60.802257</ele>
        <time>2022-12-29T11:29:08.919Z</time>
      </trkpt>
      <trkpt lat="-33.959156" lon="18.378485">
        <ele>58.670487</ele>
        <time>2022-12-29T11:29:16.498Z</time>
      </trkpt>
      <trkpt lat="-33.959199" lon="18.378365">
        <ele>58.192733</ele>
        <time>2022-12-29T11:29:18.129Z</time>
      </trkpt>
      <trkpt lat="-33.959253" lon="18.378315">
        <ele>57.892715</ele>
        <time>2022-12-29T11:29:19.210Z</time>
      </trkpt>
      <trkpt lat="-33.959504" lon="18.378080">
        <ele>56.247006</ele>
        <time>2022-12-29T11:29:23.989Z</time>
      </trkpt>
      <trkpt lat="-33.959890" lon="18.377584">
        <ele>52.622939</ele>
        <time>2022-12-29T11:29:32.199Z</time>
      </trkpt>
      <trkpt lat="-33.960149" lon="18.376968">
        <ele>48.943025</ele>
        <time>2022-12-29T11:29:40.340Z</time>
      </trkpt>
      <trkpt lat="-33.960268" lon="18.376468">
        <ele>46.171332</ele>
        <time>2022-12-29T11:29:46.571Z</time>
      </trkpt>
      <trkpt lat="-33.960328" lon="18.375783">
        <ele>42.547291</ele>
        <time>2022-12-29T11:29:54.852Z</time>
      </trkpt>
      <trkpt lat="-33.960343" lon="18.375654">
        <ele>41.863995</ele>
        <time>2022-12-29T11:29:56.387Z</time>
      </trkpt>
      <trkpt lat="-33.960386" lon="18.375533">
        <ele>41.173475</ele>
        <time>2022-12-29T11:29:57.985Z</time>
      </trkpt>
      <trkpt lat="-33.960503" lon="18.375410">
        <ele>40.191735</ele>
        <time>2022-12-29T11:30:00.191Z</time>
      </trkpt>
      <trkpt lat="-33.961366" lon="18.374995">
        <ele>34.315706</ele>
        <time>2022-12-29T11:30:13.699Z</time>
      </trkpt>
      <trkpt lat="-33.961536" lon="18.374632">
        <ele>33.031817</ele>
        <time>2022-12-29T11:30:18.941Z</time>
      </trkpt>
      <trkpt lat="-33.961644" lon="18.374363">
        <ele>32.182855</ele>
        <time>2022-12-29T11:30:22.731Z</time>
      </trkpt>
      <trkpt lat="-33.961902" lon="18.374233">
        <ele>31.225159</ele>
        <time>2022-12-29T11:30:26.955Z</time>
      </trkpt>
      <trkpt lat="-33.962704" lon="18.373889">
        <ele>28.309717</ele>
        <time>2022-12-29T11:30:41.492Z</time>
      </trkpt>
      <trkpt lat="-33.962941" lon="18.373711">
        <ele>27.977772</ele>
        <time>2022-12-29T11:30:47.212Z</time>
      </trkpt>
      <trkpt lat="-33.963247" lon="18.373476">
        <ele>28.062293</ele>
        <time>2022-12-29T11:30:54.751Z</time>
      </trkpt>
      <trkpt lat="-33.963350" lon="18.373417">
        <ele>28.088859</ele>
        <time>2022-12-29T11:30:56.582Z</time>
      </trkpt>
      <trkpt lat="-33.963449" lon="18.373393">
        <ele>28.112385</ele>
        <time>2022-12-29T11:31:01.296Z</time>
      </trkpt>
      <trkpt lat="-33.963562" lon="18.373407">
        <ele>28.138849</ele>
        <time>2022-12-29T11:31:03.356Z</time>
      </trkpt>
      <trkpt lat="-33.963918" lon="18.373704">
        <ele>28.239704</ele>
        <time>2022-12-29T11:31:12.509Z</time>
      </trkpt>
      <trkpt lat="-33.964119" lon="18.373759">
        <ele>28.287721</ele>
        <time>2022-12-29T11:31:17.513Z</time>
      </trkpt>
      <trkpt lat="-33.964573" lon="18.373700">
        <ele>28.726740</ele>
        <time>2022-12-29T11:31:31.189Z</time>
      </trkpt>
      <trkpt lat="-33.964696" lon="18.373616">
        <ele>29.055198</ele>
        <time>2022-12-29T11:31:34.949Z</time>
      </trkpt>
      <trkpt lat="-33.964957" lon="18.373353">
        <ele>29.845548</ele>
        <time>2022-12-29T11:31:50.081Z</time>
      </trkpt>
      <trkpt lat="-33.965064" lon="18.373285">
        <ele>30.126589</ele>
        <time>2022-12-29T11:31:53.372Z</time>
      </trkpt>
      <trkpt lat="-33.965243" lon="18.373246">
        <ele>30.549241</ele>
        <time>2022-12-29T11:32:00.711Z</time>
      </trkpt>
      <trkpt lat="-33.965377" lon="18.373272">
        <ele>30.864603</ele>
        <time>2022-12-29T11:32:03.322Z</time>
      </trkpt>
      <trkpt lat="-33.966309" lon="18.373487">
        <ele>32.311556</ele>
        <time>2022-12-29T11:32:33.036Z</time>
      </trkpt>
      <trkpt lat="-33.966634" lon="18.373467">
        <ele>31.992859</ele>
        <time>2022-12-29T11:32:41.283Z</time>
      </trkpt>
      <trkpt lat="-33.966889" lon="18.373361">
        <ele>31.728705</ele>
        <time>2022-12-29T11:32:46.704Z</time>
      </trkpt>
      <trkpt lat="-33.967305" lon="18.373071">
        <ele>31.258113</ele>
        <time>2022-12-29T11:32:56.766Z</time>
      </trkpt>
      <trkpt lat="-33.967526" lon="18.372807">
        <ele>30.953448</ele>
        <time>2022-12-29T11:33:01.767Z</time>
      </trkpt>
      <trkpt lat="-33.968056" lon="18.371829">
        <ele>27.384971</ele>
        <time>2022-12-29T11:33:16.328Z</time>
      </trkpt>
      <trkpt lat="-33.968319" lon="18.371403">
        <ele>25.486642</ele>
        <time>2022-12-29T11:33:23.011Z</time>
      </trkpt>
      <trkpt lat="-33.968555" lon="18.371167">
        <ele>24.165181</ele>
        <time>2022-12-29T11:33:27.772Z</time>
      </trkpt>
      <trkpt lat="-33.968699" lon="18.371086">
        <ele>23.480324</ele>
        <time>2022-12-29T11:33:30.257Z</time>
      </trkpt>
      <trkpt lat="-33.968973" lon="18.370999">
        <ele>22.988318</ele>
        <time>2022-12-29T11:33:34.841Z</time>
      </trkpt>
      <trkpt lat="-33.969120" lon="18.370981">
        <ele>22.959722</ele>
        <time>2022-12-29T11:33:37.338Z</time>
      </trkpt>
      <trkpt lat="-33.969396" lon="18.371007">
        <ele>22.906143</ele>
        <time>2022-12-29T11:33:42.244Z</time>
      </trkpt>
      <trkpt lat="-33.970585" lon="18.371452">
        <ele>22.861148</ele>
        <time>2022-12-29T11:34:14.162Z</time>
      </trkpt>
      <trkpt lat="-33.971416" lon="18.371761">
        <ele>26.238921</ele>
        <time>2022-12-29T11:34:45.541Z</time>
      </trkpt>
      <trkpt lat="-33.971593" lon="18.371793">
        <ele>26.934112</ele>
        <time>2022-12-29T11:34:52.661Z</time>
      </trkpt>
      <trkpt lat="-33.972146" lon="18.371814">
        <ele>29.083149</ele>
        <time>2022-12-29T11:35:17.310Z</time>
      </trkpt>
      <trkpt lat="-33.973420" lon="18.371614">
        <ele>34.145340</ele>
        <time>2022-12-29T11:36:10.251Z</time>
      </trkpt>
      <trkpt lat="-33.973731" lon="18.371486">
        <ele>35.442567</ele>
        <time>2022-12-29T11:36:22.018Z</time>
      </trkpt>
      <trkpt lat="-33.974051" lon="18.371244">
        <ele>36.786985</ele>
        <time>2022-12-29T11:36:34.405Z</time>
      </trkpt>
      <trkpt lat="-33.974360" lon="18.370883">
        <ele>37.042287</ele>
        <time>2022-12-29T11:36:46.594Z</time>
      </trkpt>
      <trkpt lat="-33.974739" lon="18.370144">
        <ele>37.469868</ele>
        <time>2022-12-29T11:37:02.993Z</time>
      </trkpt>
      <trkpt lat="-33.974899" lon="18.369875">
        <ele>37.632769</ele>
        <time>2022-12-29T11:37:08.583Z</time>
      </trkpt>
      <trkpt lat="-33.975097" lon="18.369606">
        <ele>37.809763</ele>
        <time>2022-12-29T11:37:14.696Z</time>
      </trkpt>
      <trkpt lat="-33.975880" lon="18.368669">
        <ele>38.442199</ele>
        <time>2022-12-29T11:37:40.210Z</time>
      </trkpt>
      <trkpt lat="-33.976156" lon="18.368377">
        <ele>38.652486</ele>
        <time>2022-12-29T11:37:49.701Z</time>
      </trkpt>
      <trkpt lat="-33.977780" lon="18.366971">
        <ele>40.959896</ele>
        <time>2022-12-29T11:38:45.985Z</time>
      </trkpt>
      <trkpt lat="-33.978779" lon="18.365879">
        <ele>41.897223</ele>
        <time>2022-12-29T11:39:19.003Z</time>
      </trkpt>
      <trkpt lat="-33.979036" lon="18.365534">
        <ele>42.134387</ele>
        <time>2022-12-29T11:39:28.439Z</time>
      </trkpt>
      <trkpt lat="-33.979169" lon="18.365269">
        <ele>42.265146</ele>
        <time>2022-12-29T11:39:34.639Z</time>
      </trkpt>
      <trkpt lat="-33.979374" lon="18.364691">
        <ele>42.136395</ele>
        <time>2022-12-29T11:39:47.155Z</time>
      </trkpt>
      <trkpt lat="-33.979438" lon="18.364562">
        <ele>42.105608</ele>
        <time>2022-12-29T11:39:49.785Z</time>
      </trkpt>
      <trkpt lat="-33.979565" lon="18.364390">
        <ele>42.058440</ele>
        <time>2022-12-29T11:39:53.891Z</time>
      </trkpt>
      <trkpt lat="-33.979733" lon="18.364239">
        <ele>42.006691</ele>
        <time>2022-12-29T11:39:58.124Z</time>
      </trkpt>
      <trkpt lat="-33.979921" lon="18.364139">
        <ele>41.955942</ele>
        <time>2022-12-29T11:40:02.404Z</time>
      </trkpt>
      <trkpt lat="-33.980610" lon="18.363959">
        <ele>41.454133</ele>
        <time>2022-12-29T11:40:16.592Z</time>
      </trkpt>
      <trkpt lat="-33.980857" lon="18.363806">
        <ele>40.907362</ele>
        <time>2022-12-29T11:40:21.848Z</time>
      </trkpt>
      <trkpt lat="-33.981066" lon="18.363555">
        <ele>40.326564</ele>
        <time>2022-12-29T11:40:27.249Z</time>
      </trkpt>
      <trkpt lat="-33.981266" lon="18.363150">
        <ele>39.556898</ele>
        <time>2022-12-29T11:40:34.048Z</time>
      </trkpt>
      <trkpt lat="-33.981438" lon="18.362889">
        <ele>39.012547</ele>
        <time>2022-12-29T11:40:38.670Z</time>
      </trkpt>
      <trkpt lat="-33.981657" lon="18.362705">
        <ele>38.486983</ele>
        <time>2022-12-29T11:40:43.063Z</time>
      </trkpt>
      <trkpt lat="-33.982154" lon="18.362391">
        <ele>36.798936</ele>
        <time>2022-12-29T11:40:52.263Z</time>
      </trkpt>
      <trkpt lat="-33.982299" lon="18.362239">
        <ele>36.176815</ele>
        <time>2022-12-29T11:40:55.517Z</time>
      </trkpt>
      <trkpt lat="-33.982415" lon="18.362052">
        <ele>35.549749</ele>
        <time>2022-12-29T11:40:58.774Z</time>
      </trkpt>
      <trkpt lat="-33.982456" lon="18.361944">
        <ele>35.230812</ele>
        <time>2022-12-29T11:41:00.475Z</time>
      </trkpt>
      <trkpt lat="-33.982514" lon="18.361647">
        <ele>34.411521</ele>
        <time>2022-12-29T11:41:04.532Z</time>
      </trkpt>
      <trkpt lat="-33.982490" lon="18.361312">
        <ele>33.508663</ele>
        <time>2022-12-29T11:41:08.917Z</time>
      </trkpt>
      <trkpt lat="-33.982337" lon="18.360730">
        <ele>32.061745</ele>
        <time>2022-12-29T11:41:16.880Z</time>
      </trkpt>
      <trkpt lat="-33.982303" lon="18.360415">
        <ele>31.485348</ele>
        <time>2022-12-29T11:41:21.097Z</time>
      </trkpt>
      <trkpt lat="-33.982322" lon="18.360109">
        <ele>30.928549</ele>
        <time>2022-12-29T11:41:25.172Z</time>
      </trkpt>
      <trkpt lat="-33.982399" lon="18.359792">
        <ele>30.329174</ele>
        <time>2022-12-29T11:41:29.496Z</time>
      </trkpt>
      <trkpt lat="-33.982530" lon="18.359500">
        <ele>29.726758</ele>
        <time>2022-12-29T11:41:33.994Z</time>
      </trkpt>
      <trkpt lat="-33.982753" lon="18.359190">
        <ele>28.982089</ele>
        <time>2022-12-29T11:41:40.349Z</time>
      </trkpt>
      <trkpt lat="-33.983053" lon="18.358875">
        <ele>29.240966</ele>
        <time>2022-12-29T11:41:51.864Z</time>
      </trkpt>
      <trkpt lat="-33.983576" lon="18.358352">
        <ele>31.796599</ele>
        <time>2022-12-29T11:42:16.560Z</time>
      </trkpt>
      <trkpt lat="-33.983735" lon="18.358258">
        <ele>32.462681</ele>
        <time>2022-12-29T11:42:24.555Z</time>
      </trkpt>
      <trkpt lat="-33.984038" lon="18.358132">
        <ele>33.668281</ele>
        <time>2022-12-29T11:42:37.948Z</time>
      </trkpt>
      <trkpt lat="-33.984191" lon="18.358068">
        <ele>34.277432</ele>
        <time>2022-12-29T11:42:43.695Z</time>
      </trkpt>
      <trkpt lat="-33.984367" lon="18.357986">
        <ele>34.987149</ele>
        <time>2022-12-29T11:42:52.767Z</time>
      </trkpt>
      <trkpt lat="-33.984558" lon="18.357854">
        <ele>35.974714</ele>
        <time>2022-12-29T11:43:01.112Z</time>
      </trkpt>
      <trkpt lat="-33.984688" lon="18.357727">
        <ele>36.796118</ele>
        <time>2022-12-29T11:43:09.450Z</time>
      </trkpt>
      <trkpt lat="-33.984834" lon="18.357513">
        <ele>37.924324</ele>
        <time>2022-12-29T11:43:19.172Z</time>
      </trkpt>
      <trkpt lat="-33.984980" lon="18.357157">
        <ele>39.541212</ele>
        <time>2022-12-29T11:43:35.113Z</time>
      </trkpt>
      <trkpt lat="-33.985345" lon="18.355828">
        <ele>45.208117</ele>
        <time>2022-12-29T11:44:20.327Z</time>
      </trkpt>
      <trkpt lat="-33.985503" lon="18.355465">
        <ele>46.828420</ele>
        <time>2022-12-29T11:44:33.968Z</time>
      </trkpt>
      <trkpt lat="-33.985718" lon="18.355127">
        <ele>48.512063</ele>
        <time>2022-12-29T11:44:49.065Z</time>
      </trkpt>
      <trkpt lat="-33.985965" lon="18.354846">
        <ele>50.130520</ele>
        <time>2022-12-29T11:45:03.884Z</time>
      </trkpt>
      <trkpt lat="-33.986175" lon="18.354665">
        <ele>51.360810</ele>
        <time>2022-12-29T11:45:15.132Z</time>
      </trkpt>
      <trkpt lat="-33.986512" lon="18.354453">
        <ele>52.957896</ele>
        <time>2022-12-29T11:45:30.955Z</time>
      </trkpt>
      <trkpt lat="-33.987201" lon="18.354136">
        <ele>54.887786</ele>
        <time>2022-12-29T11:45:58.897Z</time>
      </trkpt>
      <trkpt lat="-33.987412" lon="18.353966">
        <ele>55.551863</ele>
        <time>2022-12-29T11:46:07.581Z</time>
      </trkpt>
      <trkpt lat="-33.987527" lon="18.353818">
        <ele>55.991992</ele>
        <time>2022-12-29T11:46:13.016Z</time>
      </trkpt>
      <trkpt lat="-33.987659" lon="18.353484">
        <ele>56.794868</ele>
        <time>2022-12-29T11:46:21.911Z</time>
      </trkpt>
      <trkpt lat="-33.987792" lon="18.352702">
        <ele>56.986708</ele>
        <time>2022-12-29T11:46:35.445Z</time>
      </trkpt>
      <trkpt lat="-33.987932" lon="18.352163">
        <ele>56.531713</ele>
        <time>2022-12-29T11:46:43.376Z</time>
      </trkpt>
      <trkpt lat="-33.988290" lon="18.351253">
        <ele>55.720340</ele>
        <time>2022-12-29T11:46:58.759Z</time>
      </trkpt>
      <trkpt lat="-33.988346" lon="18.351046">
        <ele>56.009530</ele>
        <time>2022-12-29T11:47:02.107Z</time>
      </trkpt>
      <trkpt lat="-33.988390" lon="18.350716">
        <ele>56.863548</ele>
        <time>2022-12-29T11:47:09.615Z</time>
      </trkpt>
      <trkpt lat="-33.988352" lon="18.349948">
        <ele>58.829362</ele>
        <time>2022-12-29T11:47:29.973Z</time>
      </trkpt>
      <trkpt lat="-33.988363" lon="18.349806">
        <ele>59.193767</ele>
        <time>2022-12-29T11:47:33.869Z</time>
      </trkpt>
      <trkpt lat="-33.988413" lon="18.349585">
        <ele>59.779090</ele>
        <time>2022-12-29T11:47:41.766Z</time>
      </trkpt>
      <trkpt lat="-33.988543" lon="18.349313">
        <ele>60.581272</ele>
        <time>2022-12-29T11:47:52.383Z</time>
      </trkpt>
      <trkpt lat="-33.988625" lon="18.349210">
        <ele>60.946120</ele>
        <time>2022-12-29T11:47:57.887Z</time>
      </trkpt>
      <trkpt lat="-33.988852" lon="18.349031">
        <ele>62.445415</ele>
        <time>2022-12-29T11:48:12.616Z</time>
      </trkpt>
      <trkpt lat="-33.989369" lon="18.348781">
        <ele>66.115786</ele>
        <time>2022-12-29T11:48:41.959Z</time>
      </trkpt>
      <trkpt lat="-33.989503" lon="18.348697">
        <ele>67.110921</ele>
        <time>2022-12-29T11:48:50.420Z</time>
      </trkpt>
      <trkpt lat="-33.989689" lon="18.348523">
        <ele>68.662033</ele>
        <time>2022-12-29T11:49:02.249Z</time>
      </trkpt>
      <trkpt lat="-33.989899" lon="18.348187">
        <ele>70.960917</ele>
        <time>2022-12-29T11:49:19.281Z</time>
      </trkpt>
      <trkpt lat="-33.990295" lon="18.347139">
        <ele>75.440236</ele>
        <time>2022-12-29T11:49:59.887Z</time>
      </trkpt>
      <trkpt lat="-33.990387" lon="18.346950">
        <ele>76.121023</ele>
        <time>2022-12-29T11:50:06.633Z</time>
      </trkpt>
      <trkpt lat="-33.991258" lon="18.345581">
        <ele>81.160550</ele>
        <time>2022-12-29T11:50:53.781Z</time>
      </trkpt>
      <trkpt lat="-33.991575" lon="18.345138">
        <ele>82.633680</ele>
        <time>2022-12-29T11:51:10.607Z</time>
      </trkpt>
      <trkpt lat="-33.991675" lon="18.345057">
        <ele>82.999424</ele>
        <time>2022-12-29T11:51:14.810Z</time>
      </trkpt>
      <trkpt lat="-33.991889" lon="18.344949">
        <ele>83.703773</ele>
        <time>2022-12-29T11:51:22.525Z</time>
      </trkpt>
      <trkpt lat="-33.992196" lon="18.344907">
        <ele>84.641882</ele>
        <time>2022-12-29T11:51:33.188Z</time>
      </trkpt>
      <trkpt lat="-33.992442" lon="18.344914">
        <ele>85.469978</ele>
        <time>2022-12-29T11:51:42.221Z</time>
      </trkpt>
      <trkpt lat="-33.992967" lon="18.344929">
        <ele>87.998017</ele>
        <time>2022-12-29T11:52:01.270Z</time>
      </trkpt>
      <trkpt lat="-33.993351" lon="18.344989">
        <ele>89.862026</ele>
        <time>2022-12-29T11:52:16.437Z</time>
      </trkpt>
      <trkpt lat="-33.995300" lon="18.345573">
        <ele>101.807964</ele>
        <time>2022-12-29T11:53:50.096Z</time>
      </trkpt>
      <trkpt lat="-33.995460" lon="18.345662">
        <ele>102.999998</ele>
        <time>2022-12-29T11:53:59.393Z</time>
      </trkpt>
      <trkpt lat="-33.995603" lon="18.345780">
        <ele>104.172194</ele>
        <time>2022-12-29T11:54:07.547Z</time>
      </trkpt>
      <trkpt lat="-33.996117" lon="18.346365">
        <ele>109.864768</ele>
        <time>2022-12-29T11:54:46.712Z</time>
      </trkpt>
      <trkpt lat="-33.996302" lon="18.346522">
        <ele>111.880199</ele>
        <time>2022-12-29T11:55:00.902Z</time>
      </trkpt>
      <trkpt lat="-33.996520" lon="18.346613">
        <ele>113.935572</ele>
        <time>2022-12-29T11:55:15.117Z</time>
      </trkpt>
      <trkpt lat="-33.996821" lon="18.346655">
        <ele>116.635316</ele>
        <time>2022-12-29T11:55:34.768Z</time>
      </trkpt>
      <trkpt lat="-33.998523" lon="18.346438">
        <ele>129.125352</ele>
        <time>2022-12-29T11:57:09.588Z</time>
      </trkpt>
      <trkpt lat="-33.998742" lon="18.346360">
        <ele>130.585989</ele>
        <time>2022-12-29T11:57:19.420Z</time>
      </trkpt>
      <trkpt lat="-33.998929" lon="18.346236">
        <ele>131.950978</ele>
        <time>2022-12-29T11:57:28.217Z</time>
      </trkpt>
      <trkpt lat="-33.999092" lon="18.346020">
        <ele>133.499901</ele>
        <time>2022-12-29T11:57:37.020Z</time>
      </trkpt>
      <trkpt lat="-33.999158" lon="18.345893">
        <ele>133.440308</ele>
        <time>2022-12-29T11:57:41.027Z</time>
      </trkpt>
      <trkpt lat="-33.999270" lon="18.345466">
        <ele>132.857801</ele>
        <time>2022-12-29T11:57:51.485Z</time>
      </trkpt>
      <trkpt lat="-33.999352" lon="18.344980">
        <ele>132.212731</ele>
        <time>2022-12-29T11:57:59.289Z</time>
      </trkpt>
      <trkpt lat="-33.999403" lon="18.344807">
        <ele>131.973918</ele>
        <time>2022-12-29T11:58:01.791Z</time>
      </trkpt>
      <trkpt lat="-33.999527" lon="18.344540">
        <ele>131.575872</ele>
        <time>2022-12-29T11:58:05.855Z</time>
      </trkpt>
      <trkpt lat="-33.999740" lon="18.344279">
        <ele>131.099529</ele>
        <time>2022-12-29T11:58:10.520Z</time>
      </trkpt>
      <trkpt lat="-33.999967" lon="18.344134">
        <ele>130.543167</ele>
        <time>2022-12-29T11:58:14.419Z</time>
      </trkpt>
      <trkpt lat="-34.000158" lon="18.344061">
        <ele>129.694699</ele>
        <time>2022-12-29T11:58:17.415Z</time>
      </trkpt>
      <trkpt lat="-34.001416" lon="18.343782">
        <ele>124.278092</ele>
        <time>2022-12-29T11:58:36.513Z</time>
      </trkpt>
      <trkpt lat="-34.001743" lon="18.343776">
        <ele>123.225727</ele>
        <time>2022-12-29T11:58:42.442Z</time>
      </trkpt>
      <trkpt lat="-34.001874" lon="18.343810">
        <ele>123.339920</ele>
        <time>2022-12-29T11:58:44.983Z</time>
      </trkpt>
      <trkpt lat="-34.002110" lon="18.343946">
        <ele>123.562811</ele>
        <time>2022-12-29T11:58:51.572Z</time>
      </trkpt>
      <trkpt lat="-34.002319" lon="18.344207">
        <ele>123.819177</ele>
        <time>2022-12-29T11:59:00.070Z</time>
      </trkpt>
      <trkpt lat="-34.002380" lon="18.344334">
        <ele>123.922872</ele>
        <time>2022-12-29T11:59:04.176Z</time>
      </trkpt>
      <trkpt lat="-34.002516" lon="18.344798">
        <ele>124.270566</ele>
        <time>2022-12-29T11:59:15.416Z</time>
      </trkpt>
      <trkpt lat="-34.002610" lon="18.345128">
        <ele>124.517084</ele>
        <time>2022-12-29T11:59:25.094Z</time>
      </trkpt>
      <trkpt lat="-34.002738" lon="18.345383">
        <ele>124.787223</ele>
        <time>2022-12-29T11:59:30.955Z</time>
      </trkpt>
      <trkpt lat="-34.002951" lon="18.345593">
        <ele>125.582808</ele>
        <time>2022-12-29T11:59:37.299Z</time>
      </trkpt>
      <trkpt lat="-34.003122" lon="18.345687">
        <ele>126.126277</ele>
        <time>2022-12-29T11:59:46.653Z</time>
      </trkpt>
      <trkpt lat="-34.004007" lon="18.345973">
        <ele>128.775991</ele>
        <time>2022-12-29T12:00:17.872Z</time>
      </trkpt>
      <trkpt lat="-34.004270" lon="18.346127">
        <ele>129.621475</ele>
        <time>2022-12-29T12:00:26.190Z</time>
      </trkpt>
      <trkpt lat="-34.004468" lon="18.346400">
        <ele>131.040298</ele>
        <time>2022-12-29T12:00:38.965Z</time>
      </trkpt>
      <trkpt lat="-34.004698" lon="18.346909">
        <ele>133.731383</ele>
        <time>2022-12-29T12:00:57.114Z</time>
      </trkpt>
      <trkpt lat="-34.004709" lon="18.346933">
        <ele>133.858689</ele>
        <time>2022-12-29T12:00:58.717Z</time>
      </trkpt>
      <trkpt lat="-34.004830" lon="18.347134">
        <ele>135.011829</ele>
        <time>2022-12-29T12:01:06.719Z</time>
      </trkpt>
      <trkpt lat="-34.004906" lon="18.347225">
        <ele>135.611473</ele>
        <time>2022-12-29T12:01:10.700Z</time>
      </trkpt>
      <trkpt lat="-34.005083" lon="18.347367">
        <ele>136.801819</ele>
        <time>2022-12-29T12:01:19.669Z</time>
      </trkpt>
      <trkpt lat="-34.005349" lon="18.347471">
        <ele>138.367643</ele>
        <time>2022-12-29T12:01:32.695Z</time>
      </trkpt>
      <trkpt lat="-34.005659" lon="18.347499">
        <ele>140.178315</ele>
        <time>2022-12-29T12:01:52.765Z</time>
      </trkpt>
      <trkpt lat="-34.005910" lon="18.347497">
        <ele>142.328730</ele>
        <time>2022-12-29T12:02:08.483Z</time>
      </trkpt>
      <trkpt lat="-34.006164" lon="18.347436">
        <ele>144.547505</ele>
        <time>2022-12-29T12:02:23.330Z</time>
      </trkpt>
      <trkpt lat="-34.006503" lon="18.347435">
        <ele>147.451796</ele>
        <time>2022-12-29T12:02:42.251Z</time>
      </trkpt>
      <trkpt lat="-34.006662" lon="18.347461">
        <ele>148.826440</ele>
        <time>2022-12-29T12:02:53.285Z</time>
      </trkpt>
      <trkpt lat="-34.006807" lon="18.347485">
        <ele>150.080324</ele>
        <time>2022-12-29T12:02:59.031Z</time>
      </trkpt>
      <trkpt lat="-34.006767" lon="18.347593">
        <ele>150.920409</ele>
        <time>2022-12-29T12:03:08.464Z</time>
      </trkpt>
      <trkpt lat="-34.006692" lon="18.347673">
        <ele>151.778116</ele>
        <time>2022-12-29T12:03:12.489Z</time>
      </trkpt>
      <trkpt lat="-34.006397" lon="18.347646">
        <ele>154.312705</ele>
        <time>2022-12-29T12:03:28.210Z</time>
      </trkpt>
      <trkpt lat="-34.006296" lon="18.347659">
        <ele>155.182905</ele>
        <time>2022-12-29T12:03:32.049Z</time>
      </trkpt>
      <trkpt lat="-34.006021" lon="18.347713">
        <ele>156.673095</ele>
        <time>2022-12-29T12:03:49.201Z</time>
      </trkpt>
      <trkpt lat="-34.005825" lon="18.347790">
        <ele>157.713920</ele>
        <time>2022-12-29T12:03:57.115Z</time>
      </trkpt>
      <trkpt lat="-34.005552" lon="18.348056">
        <ele>159.485883</ele>
        <time>2022-12-29T12:04:16.895Z</time>
      </trkpt>
      <trkpt lat="-34.005143" lon="18.348680">
        <ele>162.815619</ele>
        <time>2022-12-29T12:04:46.977Z</time>
      </trkpt>
      <trkpt lat="-34.004828" lon="18.348830">
        <ele>164.420050</ele>
        <time>2022-12-29T12:04:55.868Z</time>
      </trkpt>
      <trkpt lat="-34.005143" lon="18.348680">
        <ele>163.007187</ele>
        <time>2022-12-29T12:05:02.386Z</time>
      </trkpt>
      <trkpt lat="-34.005552" lon="18.348056">
        <ele>160.256000</ele>
        <time>2022-12-29T12:05:12.112Z</time>
      </trkpt>
      <trkpt lat="-34.005825" lon="18.347790">
        <ele>158.791919</ele>
        <time>2022-12-29T12:05:17.194Z</time>
      </trkpt>
      <trkpt lat="-34.006021" lon="18.347713">
        <ele>157.931940</ele>
        <time>2022-12-29T12:05:20.658Z</time>
      </trkpt>
      <trkpt lat="-34.006296" lon="18.347659">
        <ele>156.809036</ele>
        <time>2022-12-29T12:05:24.518Z</time>
      </trkpt>
      <trkpt lat="-34.006397" lon="18.347646">
        <ele>156.471379</ele>
        <time>2022-12-29T12:05:26.251Z</time>
      </trkpt>
      <trkpt lat="-34.006692" lon="18.347673">
        <ele>155.487900</ele>
        <time>2022-12-29T12:05:30.621Z</time>
      </trkpt>
      <trkpt lat="-34.006767" lon="18.347593">
        <ele>155.155090</ele>
        <time>2022-12-29T12:05:32.476Z</time>
      </trkpt>
      <trkpt lat="-34.006807" lon="18.347485">
        <ele>154.829118</ele>
        <time>2022-12-29T12:05:33.741Z</time>
      </trkpt>
      <trkpt lat="-34.007115" lon="18.347624">
        <ele>153.735937</ele>
        <time>2022-12-29T12:05:39.477Z</time>
      </trkpt>
      <trkpt lat="-34.007765" lon="18.348157">
        <ele>151.123218</ele>
        <time>2022-12-29T12:05:52.602Z</time>
      </trkpt>
      <trkpt lat="-34.007990" lon="18.348299">
        <ele>151.511826</ele>
        <time>2022-12-29T12:06:00.682Z</time>
      </trkpt>
      <trkpt lat="-34.008185" lon="18.348373">
        <ele>152.019440</ele>
        <time>2022-12-29T12:06:05.632Z</time>
      </trkpt>
      <trkpt lat="-34.008855" lon="18.348382">
        <ele>153.683273</ele>
        <time>2022-12-29T12:06:33.106Z</time>
      </trkpt>
      <trkpt lat="-34.009068" lon="18.348430">
        <ele>154.221339</ele>
        <time>2022-12-29T12:06:41.411Z</time>
      </trkpt>
      <trkpt lat="-34.010937" lon="18.349471">
        <ele>156.832389</ele>
        <time>2022-12-29T12:07:44.381Z</time>
      </trkpt>
      <trkpt lat="-34.011593" lon="18.349839">
        <ele>154.304842</ele>
        <time>2022-12-29T12:07:55.725Z</time>
      </trkpt>
      <trkpt lat="-34.011914" lon="18.350001">
        <ele>152.355128</ele>
        <time>2022-12-29T12:08:00.874Z</time>
      </trkpt>
      <trkpt lat="-34.012159" lon="18.350074">
        <ele>150.941061</ele>
        <time>2022-12-29T12:08:04.561Z</time>
      </trkpt>
      <trkpt lat="-34.012565" lon="18.350079">
        <ele>148.665991</ele>
        <time>2022-12-29T12:08:10.303Z</time>
      </trkpt>
      <trkpt lat="-34.013337" lon="18.349964">
        <ele>143.764759</ele>
        <time>2022-12-29T12:08:21.243Z</time>
      </trkpt>
      <trkpt lat="-34.013689" lon="18.349968">
        <ele>141.389108</ele>
        <time>2022-12-29T12:08:26.380Z</time>
      </trkpt>
      <trkpt lat="-34.013891" lon="18.350018">
        <ele>139.997471</ele>
        <time>2022-12-29T12:08:29.362Z</time>
      </trkpt>
      <trkpt lat="-34.015265" lon="18.350575">
        <ele>130.197958</ele>
        <time>2022-12-29T12:08:50.444Z</time>
      </trkpt>
      <trkpt lat="-34.016096" lon="18.350817">
        <ele>124.407067</ele>
        <time>2022-12-29T12:09:02.641Z</time>
      </trkpt>
      <trkpt lat="-34.016535" lon="18.350898">
        <ele>121.351463</ele>
        <time>2022-12-29T12:09:09.015Z</time>
      </trkpt>
      <trkpt lat="-34.018657" lon="18.351120">
        <ele>106.084622</ele>
        <time>2022-12-29T12:09:39.474Z</time>
      </trkpt>
      <trkpt lat="-34.019767" lon="18.351232">
        <ele>97.625946</ele>
        <time>2022-12-29T12:09:55.157Z</time>
      </trkpt>
      <trkpt lat="-34.020365" lon="18.351306">
        <ele>92.730866</ele>
        <time>2022-12-29T12:10:03.617Z</time>
      </trkpt>
      <trkpt lat="-34.021114" lon="18.351376">
        <ele>86.450397</ele>
        <time>2022-12-29T12:10:14.080Z</time>
      </trkpt>
      <trkpt lat="-34.021543" lon="18.351362">
        <ele>82.862605</ele>
        <time>2022-12-29T12:10:20.011Z</time>
      </trkpt>
      <trkpt lat="-34.022748" lon="18.351238">
        <ele>73.675026</ele>
        <time>2022-12-29T12:10:36.844Z</time>
      </trkpt>
      <trkpt lat="-34.023531" lon="18.351111">
        <ele>67.800275</ele>
        <time>2022-12-29T12:10:48.308Z</time>
      </trkpt>
      <trkpt lat="-34.024268" lon="18.350929">
        <ele>63.125950</ele>
        <time>2022-12-29T12:10:59.544Z</time>
      </trkpt>
      <trkpt lat="-34.025112" lon="18.350638">
        <ele>57.671791</ele>
        <time>2022-12-29T12:11:12.485Z</time>
      </trkpt>
      <trkpt lat="-34.027887" lon="18.349606">
        <ele>36.228268</ele>
        <time>2022-12-29T12:11:52.949Z</time>
      </trkpt>
      <trkpt lat="-34.027956" lon="18.349581">
        <ele>35.786791</ele>
        <time>2022-12-29T12:11:54.041Z</time>
      </trkpt>
      <trkpt lat="-34.028002" lon="18.349563">
        <ele>35.490455</ele>
        <time>2022-12-29T12:11:54.769Z</time>
      </trkpt>
      <trkpt lat="-34.028147" lon="18.349522">
        <ele>34.577837</ele>
        <time>2022-12-29T12:11:57.021Z</time>
      </trkpt>
      <trkpt lat="-34.028718" lon="18.349224">
        <ele>31.014683</ele>
        <time>2022-12-29T12:12:06.899Z</time>
      </trkpt>
      <trkpt lat="-34.028918" lon="18.349068">
        <ele>30.942763</ele>
        <time>2022-12-29T12:12:10.980Z</time>
      </trkpt>
      <trkpt lat="-34.029346" lon="18.348788">
        <ele>30.795733</ele>
        <time>2022-12-29T12:12:20.266Z</time>
      </trkpt>
      <trkpt lat="-34.029461" lon="18.348736">
        <ele>30.758645</ele>
        <time>2022-12-29T12:12:23.031Z</time>
      </trkpt>
      <trkpt lat="-34.029592" lon="18.348685">
        <ele>30.717075</ele>
        <time>2022-12-29T12:12:26.533Z</time>
      </trkpt>
      <trkpt lat="-34.030094" lon="18.348532">
        <ele>30.560711</ele>
        <time>2022-12-29T12:12:40.480Z</time>
      </trkpt>
      <trkpt lat="-34.030702" lon="18.348388">
        <ele>31.119441</ele>
        <time>2022-12-29T12:12:58.142Z</time>
      </trkpt>
      <trkpt lat="-34.030827" lon="18.348333">
        <ele>31.349689</ele>
        <time>2022-12-29T12:13:01.718Z</time>
      </trkpt>
      <trkpt lat="-34.031224" lon="18.348230">
        <ele>32.052407</ele>
        <time>2022-12-29T12:13:13.102Z</time>
      </trkpt>
      <trkpt lat="-34.031675" lon="18.348149">
        <ele>32.841469</ele>
        <time>2022-12-29T12:13:26.454Z</time>
      </trkpt>
      <trkpt lat="-34.032391" lon="18.348069">
        <ele>34.103960</ele>
        <time>2022-12-29T12:13:49.006Z</time>
      </trkpt>
      <trkpt lat="-34.032895" lon="18.348053">
        <ele>35.008817</ele>
        <time>2022-12-29T12:14:04.701Z</time>
      </trkpt>
      <trkpt lat="-34.032917" lon="18.348055">
        <ele>35.048413</ele>
        <time>2022-12-29T12:14:05.345Z</time>
      </trkpt>
      <trkpt lat="-34.033302" lon="18.348064">
        <ele>35.739513</ele>
        <time>2022-12-29T12:14:16.768Z</time>
      </trkpt>
      <trkpt lat="-34.033400" lon="18.348073">
        <ele>35.915905</ele>
        <time>2022-12-29T12:14:19.564Z</time>
      </trkpt>
      <trkpt lat="-34.034098" lon="18.348153">
        <ele>36.803142</ele>
        <time>2022-12-29T12:14:39.038Z</time>
      </trkpt>
      <trkpt lat="-34.034770" lon="18.348286">
        <ele>36.726346</ele>
        <time>2022-12-29T12:14:56.186Z</time>
      </trkpt>
      <trkpt lat="-34.035085" lon="18.348386">
        <ele>36.689614</ele>
        <time>2022-12-29T12:15:03.323Z</time>
      </trkpt>
      <trkpt lat="-34.035256" lon="18.348481">
        <ele>36.668384</ele>
        <time>2022-12-29T12:15:07.082Z</time>
      </trkpt>
      <trkpt lat="-34.035961" lon="18.349026">
        <ele>35.268452</ele>
        <time>2022-12-29T12:15:22.028Z</time>
      </trkpt>
      <trkpt lat="-34.036164" lon="18.349131">
        <ele>34.570051</ele>
        <time>2022-12-29T12:15:25.688Z</time>
      </trkpt>
      <trkpt lat="-34.036724" lon="18.349343">
        <ele>32.714146</ele>
        <time>2022-12-29T12:15:35.130Z</time>
      </trkpt>
      <trkpt lat="-34.037379" lon="18.349587">
        <ele>30.333548</ele>
        <time>2022-12-29T12:15:45.904Z</time>
      </trkpt>
      <trkpt lat="-34.038042" lon="18.349804">
        <ele>26.969602</ele>
        <time>2022-12-29T12:15:56.296Z</time>
      </trkpt>
      <trkpt lat="-34.038711" lon="18.349947">
        <ele>23.642577</ele>
        <time>2022-12-29T12:16:06.491Z</time>
      </trkpt>
      <trkpt lat="-34.039353" lon="18.350036">
        <ele>20.659609</ele>
        <time>2022-12-29T12:16:16.183Z</time>
      </trkpt>
      <trkpt lat="-34.040543" lon="18.350192">
        <ele>15.443344</ele>
        <time>2022-12-29T12:16:34.595Z</time>
      </trkpt>
      <trkpt lat="-34.040683" lon="18.350241">
        <ele>14.808114</ele>
        <time>2022-12-29T12:16:36.935Z</time>
      </trkpt>
      <trkpt lat="-34.040725" lon="18.350267">
        <ele>14.602412</ele>
        <time>2022-12-29T12:16:37.695Z</time>
      </trkpt>
      <trkpt lat="-34.040737" lon="18.350263">
        <ele>14.548160</ele>
        <time>2022-12-29T12:16:37.894Z</time>
      </trkpt>
      <trkpt lat="-34.040757" lon="18.350249">
        <ele>14.447404</ele>
        <time>2022-12-29T12:16:38.260Z</time>
      </trkpt>
      <trkpt lat="-34.040938" lon="18.350246">
        <ele>13.932399</ele>
        <time>2022-12-29T12:16:41.216Z</time>
      </trkpt>
      <trkpt lat="-34.041126" lon="18.350268">
        <ele>13.466942</ele>
        <time>2022-12-29T12:16:44.357Z</time>
      </trkpt>
      <trkpt lat="-34.042120" lon="18.350407">
        <ele>11.001063</ele>
        <time>2022-12-29T12:17:01.682Z</time>
      </trkpt>
      <trkpt lat="-34.043142" lon="18.350540">
        <ele>8.790259</ele>
        <time>2022-12-29T12:17:19.692Z</time>
      </trkpt>
      <trkpt lat="-34.043420" lon="18.350577">
        <ele>8.261019</ele>
        <time>2022-12-29T12:17:24.568Z</time>
      </trkpt>
      <trkpt lat="-34.043595" lon="18.350603">
        <ele>7.927372</ele>
        <time>2022-12-29T12:17:27.679Z</time>
      </trkpt>
      <trkpt lat="-34.043916" lon="18.350684">
        <ele>7.306819</ele>
        <time>2022-12-29T12:17:33.556Z</time>
      </trkpt>
      <trkpt lat="-34.044029" lon="18.350766">
        <ele>7.057315</ele>
        <time>2022-12-29T12:17:36.020Z</time>
      </trkpt>
      <trkpt lat="-34.044053" lon="18.350825">
        <ele>6.954259</ele>
        <time>2022-12-29T12:17:36.954Z</time>
      </trkpt>
      <trkpt lat="-34.044058" lon="18.350849">
        <ele>6.915458</ele>
        <time>2022-12-29T12:17:37.337Z</time>
      </trkpt>
      <trkpt lat="-34.044100" lon="18.350912">
        <ele>6.788675</ele>
        <time>2022-12-29T12:17:38.591Z</time>
      </trkpt>
      <trkpt lat="-34.044166" lon="18.350931">
        <ele>6.660281</ele>
        <time>2022-12-29T12:17:39.789Z</time>
      </trkpt>
      <trkpt lat="-34.044216" lon="18.350907">
        <ele>6.558459</ele>
        <time>2022-12-29T12:17:40.761Z</time>
      </trkpt>
      <trkpt lat="-34.044251" lon="18.350856">
        <ele>6.454628</ele>
        <time>2022-12-29T12:17:41.760Z</time>
      </trkpt>
      <trkpt lat="-34.044579" lon="18.350690">
        <ele>6.029030</ele>
        <time>2022-12-29T12:17:48.125Z</time>
      </trkpt>
      <trkpt lat="-34.044601" lon="18.350686">
        <ele>6.002448</ele>
        <time>2022-12-29T12:17:48.548Z</time>
      </trkpt>
      <trkpt lat="-34.044719" lon="18.350648">
        <ele>5.856527</ele>
        <time>2022-12-29T12:17:50.692Z</time>
      </trkpt>
      <trkpt lat="-34.044859" lon="18.350558">
        <ele>5.667003</ele>
        <time>2022-12-29T12:17:53.546Z</time>
      </trkpt>
      <trkpt lat="-34.045016" lon="18.350412">
        <ele>5.430189</ele>
        <time>2022-12-29T12:17:57.192Z</time>
      </trkpt>
      <trkpt lat="-34.045317" lon="18.350056">
        <ele>4.926645</ele>
        <time>2022-12-29T12:18:05.249Z</time>
      </trkpt>
      <trkpt lat="-34.045885" lon="18.349368">
        <ele>4.214574</ele>
        <time>2022-12-29T12:18:21.801Z</time>
      </trkpt>
      <trkpt lat="-34.046036" lon="18.349196">
        <ele>4.149178</ele>
        <time>2022-12-29T12:18:26.161Z</time>
      </trkpt>
      <trkpt lat="-34.046076" lon="18.349143">
        <ele>4.130469</ele>
        <time>2022-12-29T12:18:27.468Z</time>
      </trkpt>
      <trkpt lat="-34.046226" lon="18.348958">
        <ele>4.062919</ele>
        <time>2022-12-29T12:18:31.853Z</time>
      </trkpt>
      <trkpt lat="-34.046331" lon="18.348834">
        <ele>4.016649</ele>
        <time>2022-12-29T12:18:34.940Z</time>
      </trkpt>
      <trkpt lat="-34.046912" lon="18.348126">
        <ele>3.756601</ele>
        <time>2022-12-29T12:18:52.143Z</time>
      </trkpt>
      <trkpt lat="-34.047246" lon="18.347727">
        <ele>3.840179</ele>
        <time>2022-12-29T12:19:02.944Z</time>
      </trkpt>
      <trkpt lat="-34.047610" lon="18.347290">
        <ele>3.969281</ele>
        <time>2022-12-29T12:19:15.146Z</time>
      </trkpt>
      <trkpt lat="-34.048252" lon="18.346524">
        <ele>4.196664</ele>
        <time>2022-12-29T12:19:36.430Z</time>
      </trkpt>
      <trkpt lat="-34.048705" lon="18.345994">
        <ele>4.364334</ele>
        <time>2022-12-29T12:19:51.289Z</time>
      </trkpt>
      <trkpt lat="-34.048892" lon="18.345816">
        <ele>4.427627</ele>
        <time>2022-12-29T12:19:57.010Z</time>
      </trkpt>
      <trkpt lat="-34.049245" lon="18.345512">
        <ele>4.542873</ele>
        <time>2022-12-29T12:20:07.156Z</time>
      </trkpt>
      <trkpt lat="-34.050345" lon="18.344658">
        <ele>4.762018</ele>
        <time>2022-12-29T12:20:36.930Z</time>
      </trkpt>
      <trkpt lat="-34.050583" lon="18.344514">
        <ele>4.791985</ele>
        <time>2022-12-29T12:20:42.807Z</time>
      </trkpt>
      <trkpt lat="-34.050801" lon="18.344425">
        <ele>4.817889</ele>
        <time>2022-12-29T12:20:47.915Z</time>
      </trkpt>
      <trkpt lat="-34.051109" lon="18.344366">
        <ele>4.852991</ele>
        <time>2022-12-29T12:20:54.947Z</time>
      </trkpt>
      <trkpt lat="-34.051581" lon="18.344400">
        <ele>5.045097</ele>
        <time>2022-12-29T12:21:05.877Z</time>
      </trkpt>
      <trkpt lat="-34.051809" lon="18.344434">
        <ele>5.170399</ele>
        <time>2022-12-29T12:21:11.212Z</time>
      </trkpt>
      <trkpt lat="-34.053161" lon="18.344648">
        <ele>5.871490</ele>
        <time>2022-12-29T12:21:45.455Z</time>
      </trkpt>
      <trkpt lat="-34.053671" lon="18.344752">
        <ele>5.962712</ele>
        <time>2022-12-29T12:21:58.844Z</time>
      </trkpt>
      <trkpt lat="-34.053686" lon="18.344755">
        <ele>5.965394</ele>
        <time>2022-12-29T12:21:59.512Z</time>
      </trkpt>
      <trkpt lat="-34.053849" lon="18.344856">
        <ele>5.997709</ele>
        <time>2022-12-29T12:22:03.750Z</time>
      </trkpt>
      <trkpt lat="-34.053997" lon="18.344998">
        <ele>6.031054</ele>
        <time>2022-12-29T12:22:08.324Z</time>
      </trkpt>
      <trkpt lat="-34.054118" lon="18.345190">
        <ele>6.066303</ele>
        <time>2022-12-29T12:22:12.670Z</time>
      </trkpt>
      <trkpt lat="-34.054178" lon="18.345343">
        <ele>6.091038</ele>
        <time>2022-12-29T12:22:15.804Z</time>
      </trkpt>
      <trkpt lat="-34.054415" lon="18.346052">
        <ele>5.990137</ele>
        <time>2022-12-29T12:22:28.591Z</time>
      </trkpt>
      <trkpt lat="-34.054612" lon="18.346561">
        <ele>5.565046</ele>
        <time>2022-12-29T12:22:37.222Z</time>
      </trkpt>
      <trkpt lat="-34.054901" lon="18.347398">
        <ele>4.878926</ele>
        <time>2022-12-29T12:22:51.407Z</time>
      </trkpt>
      <trkpt lat="-34.055002" lon="18.347661">
        <ele>4.659586</ele>
        <time>2022-12-29T12:22:56.261Z</time>
      </trkpt>
      <trkpt lat="-34.055056" lon="18.347745">
        <ele>4.579138</ele>
        <time>2022-12-29T12:22:57.907Z</time>
      </trkpt>
      <trkpt lat="-34.055216" lon="18.347798">
        <ele>4.592189</ele>
        <time>2022-12-29T12:23:01.279Z</time>
      </trkpt>
      <trkpt lat="-34.055269" lon="18.347792">
        <ele>4.625170</ele>
        <time>2022-12-29T12:23:02.463Z</time>
      </trkpt>
      <trkpt lat="-34.055311" lon="18.347732">
        <ele>4.665488</ele>
        <time>2022-12-29T12:23:03.819Z</time>
      </trkpt>
      <trkpt lat="-34.055332" lon="18.347702">
        <ele>4.685647</ele>
        <time>2022-12-29T12:23:04.483Z</time>
      </trkpt>
      <trkpt lat="-34.055347" lon="18.347592">
        <ele>4.742869</ele>
        <time>2022-12-29T12:23:06.416Z</time>
      </trkpt>
      <trkpt lat="-34.055310" lon="18.347516">
        <ele>4.788116</ele>
        <time>2022-12-29T12:23:08.056Z</time>
      </trkpt>
      <trkpt lat="-34.055238" lon="18.347527">
        <ele>4.833080</ele>
        <time>2022-12-29T12:23:10.052Z</time>
      </trkpt>
      <trkpt lat="-34.055002" lon="18.347661">
        <ele>4.994663</ele>
        <time>2022-12-29T12:23:18.200Z</time>
      </trkpt>
      <trkpt lat="-34.054901" lon="18.347398">
        <ele>5.143457</ele>
        <time>2022-12-29T12:23:24.464Z</time>
      </trkpt>
      <trkpt lat="-34.054612" lon="18.346561">
        <ele>5.608904</ele>
        <time>2022-12-29T12:23:45.053Z</time>
      </trkpt>
      <trkpt lat="-34.054415" lon="18.346052">
        <ele>5.796021</ele>
        <time>2022-12-29T12:23:57.903Z</time>
      </trkpt>
      <trkpt lat="-34.054178" lon="18.345343">
        <ele>6.033999</ele>
        <time>2022-12-29T12:24:13.538Z</time>
      </trkpt>
      <trkpt lat="-34.054118" lon="18.345190">
        <ele>6.086689</ele>
        <time>2022-12-29T12:24:16.668Z</time>
      </trkpt>
      <trkpt lat="-34.053997" lon="18.344998">
        <ele>6.161778</ele>
        <time>2022-12-29T12:24:21.062Z</time>
      </trkpt>
      <trkpt lat="-34.053849" lon="18.344856">
        <ele>6.232810</ele>
        <time>2022-12-29T12:24:25.030Z</time>
      </trkpt>
      <trkpt lat="-34.053686" lon="18.344755">
        <ele>6.301648</ele>
        <time>2022-12-29T12:24:28.882Z</time>
      </trkpt>
      <trkpt lat="-34.053161" lon="18.344648">
        <ele>5.977303</ele>
        <time>2022-12-29T12:24:39.163Z</time>
      </trkpt>
      <trkpt lat="-34.051809" lon="18.344434">
        <ele>5.074379</ele>
        <time>2022-12-29T12:25:06.248Z</time>
      </trkpt>
      <trkpt lat="-34.051581" lon="18.344400">
        <ele>5.031548</ele>
        <time>2022-12-29T12:25:11.117Z</time>
      </trkpt>
      <trkpt lat="-34.051109" lon="18.344366">
        <ele>4.943391</ele>
        <time>2022-12-29T12:25:21.253Z</time>
      </trkpt>
      <trkpt lat="-34.050801" lon="18.344425">
        <ele>4.885248</ele>
        <time>2022-12-29T12:25:28.108Z</time>
      </trkpt>
      <trkpt lat="-34.050583" lon="18.344514">
        <ele>4.842342</ele>
        <time>2022-12-29T12:25:33.207Z</time>
      </trkpt>
      <trkpt lat="-34.050345" lon="18.344658">
        <ele>4.792706</ele>
        <time>2022-12-29T12:25:39.213Z</time>
      </trkpt>
      <trkpt lat="-34.049728" lon="18.345136">
        <ele>4.647660</ele>
        <time>2022-12-29T12:25:55.438Z</time>
      </trkpt>
      <trkpt lat="-34.049245" lon="18.345512">
        <ele>4.530998</ele>
        <time>2022-12-29T12:26:07.655Z</time>
      </trkpt>
      <trkpt lat="-34.048892" lon="18.345816">
        <ele>4.442977</ele>
        <time>2022-12-29T12:26:16.858Z</time>
      </trkpt>
      <trkpt lat="-34.048705" lon="18.345994">
        <ele>4.394636</ele>
        <time>2022-12-29T12:26:21.796Z</time>
      </trkpt>
      <trkpt lat="-34.048252" lon="18.346524">
        <ele>4.196847</ele>
        <time>2022-12-29T12:26:35.075Z</time>
      </trkpt>
      <trkpt lat="-34.047610" lon="18.347290">
        <ele>3.905807</ele>
        <time>2022-12-29T12:26:54.056Z</time>
      </trkpt>
      <trkpt lat="-34.047246" lon="18.347727">
        <ele>3.831073</ele>
        <time>2022-12-29T12:27:04.794Z</time>
      </trkpt>
      <trkpt lat="-34.046912" lon="18.348126">
        <ele>3.891320</ele>
        <time>2022-12-29T12:27:14.900Z</time>
      </trkpt>
      <trkpt lat="-34.046331" lon="18.348834">
        <ele>3.997168</ele>
        <time>2022-12-29T12:27:34.590Z</time>
      </trkpt>
      <trkpt lat="-34.046226" lon="18.348958">
        <ele>4.016002</ele>
        <time>2022-12-29T12:27:38.077Z</time>
      </trkpt>
      <trkpt lat="-34.046076" lon="18.349143">
        <ele>4.076167</ele>
        <time>2022-12-29T12:27:43.304Z</time>
      </trkpt>
      <trkpt lat="-34.046036" lon="18.349196">
        <ele>4.116222</ele>
        <time>2022-12-29T12:27:44.660Z</time>
      </trkpt>
      <trkpt lat="-34.045885" lon="18.349368">
        <ele>4.256233</ele>
        <time>2022-12-29T12:27:49.558Z</time>
      </trkpt>
      <trkpt lat="-34.045317" lon="18.350056">
        <ele>4.798879</ele>
        <time>2022-12-29T12:28:09.188Z</time>
      </trkpt>
      <trkpt lat="-34.045016" lon="18.350412">
        <ele>5.083064</ele>
        <time>2022-12-29T12:28:20.014Z</time>
      </trkpt>
      <trkpt lat="-34.044859" lon="18.350558">
        <ele>5.216714</ele>
        <time>2022-12-29T12:28:25.216Z</time>
      </trkpt>
      <trkpt lat="-34.044719" lon="18.350648">
        <ele>5.341507</ele>
        <time>2022-12-29T12:28:29.629Z</time>
      </trkpt>
      <trkpt lat="-34.044601" lon="18.350686">
        <ele>5.443440</ele>
        <time>2022-12-29T12:28:32.840Z</time>
      </trkpt>
      <trkpt lat="-34.044579" lon="18.350690">
        <ele>5.462009</ele>
        <time>2022-12-29T12:28:33.458Z</time>
      </trkpt>
      <trkpt lat="-34.044215" lon="18.350703">
        <ele>5.765949</ele>
        <time>2022-12-29T12:28:43.216Z</time>
      </trkpt>
      <trkpt lat="-34.044140" lon="18.350682">
        <ele>5.830210</ele>
        <time>2022-12-29T12:28:45.329Z</time>
      </trkpt>
      <trkpt lat="-34.044114" lon="18.350691">
        <ele>5.852785</ele>
        <time>2022-12-29T12:28:46.064Z</time>
      </trkpt>
      <trkpt lat="-34.044059" lon="18.350760">
        <ele>5.919000</ele>
        <time>2022-12-29T12:28:48.124Z</time>
      </trkpt>
      <trkpt lat="-34.044053" lon="18.350825">
        <ele>5.964231</ele>
        <time>2022-12-29T12:28:49.442Z</time>
      </trkpt>
      <trkpt lat="-34.044058" lon="18.350849">
        <ele>5.981346</ele>
        <time>2022-12-29T12:28:49.927Z</time>
      </trkpt>
      <trkpt lat="-34.044044" lon="18.351455">
        <ele>6.400609</ele>
        <time>2022-12-29T12:29:02.505Z</time>
      </trkpt>
      <trkpt lat="-34.044043" lon="18.351494">
        <ele>6.427593</ele>
        <time>2022-12-29T12:29:03.323Z</time>
      </trkpt>
      <trkpt lat="-34.044008" lon="18.351877">
        <ele>6.694076</ele>
        <time>2022-12-29T12:29:11.293Z</time>
      </trkpt>
      <trkpt lat="-34.043925" lon="18.352298">
        <ele>6.699257</ele>
        <time>2022-12-29T12:29:20.181Z</time>
      </trkpt>
      <trkpt lat="-34.043863" lon="18.352497">
        <ele>6.668683</ele>
        <time>2022-12-29T12:29:24.319Z</time>
      </trkpt>
      <trkpt lat="-34.043684" lon="18.352882">
        <ele>6.605197</ele>
        <time>2022-12-29T12:29:32.555Z</time>
      </trkpt>
      <trkpt lat="-34.042659" lon="18.354580">
        <ele>6.562260</ele>
        <time>2022-12-29T12:30:07.368Z</time>
      </trkpt>
      <trkpt lat="-34.042489" lon="18.354851">
        <ele>6.607472</ele>
        <time>2022-12-29T12:30:13.679Z</time>
      </trkpt>
      <trkpt lat="-34.042234" lon="18.355301">
        <ele>6.679988</ele>
        <time>2022-12-29T12:30:25.018Z</time>
      </trkpt>
      <trkpt lat="-34.042037" lon="18.355737">
        <ele>6.976214</ele>
        <time>2022-12-29T12:30:36.302Z</time>
      </trkpt>
      <trkpt lat="-34.041949" lon="18.355956">
        <ele>7.388962</ele>
        <time>2022-12-29T12:30:42.152Z</time>
      </trkpt>
      <trkpt lat="-34.041824" lon="18.356345">
        <ele>8.096502</ele>
        <time>2022-12-29T12:30:52.388Z</time>
      </trkpt>
      <trkpt lat="-34.041760" lon="18.356607">
        <ele>8.559712</ele>
        <time>2022-12-29T12:30:59.357Z</time>
      </trkpt>
      <trkpt lat="-34.041710" lon="18.356891">
        <ele>9.052076</ele>
        <time>2022-12-29T12:31:06.956Z</time>
      </trkpt>
      <trkpt lat="-34.041639" lon="18.357462">
        <ele>10.031234</ele>
        <time>2022-12-29T12:31:22.762Z</time>
      </trkpt>
      <trkpt lat="-34.041638" lon="18.357998">
        <ele>10.705841</ele>
        <time>2022-12-29T12:31:37.368Z</time>
      </trkpt>
      <trkpt lat="-34.041738" lon="18.358705">
        <ele>11.387082</ele>
        <time>2022-12-29T12:31:54.954Z</time>
      </trkpt>
      <trkpt lat="-34.041749" lon="18.359042">
        <ele>11.707422</ele>
        <time>2022-12-29T12:32:02.140Z</time>
      </trkpt>
      <trkpt lat="-34.041756" lon="18.359287">
        <ele>11.940267</ele>
        <time>2022-12-29T12:32:07.194Z</time>
      </trkpt>
      <trkpt lat="-34.041731" lon="18.359324">
        <ele>11.985613</ele>
        <time>2022-12-29T12:32:08.067Z</time>
      </trkpt>
      <trkpt lat="-34.041724" lon="18.359458">
        <ele>12.113143</ele>
        <time>2022-12-29T12:32:10.512Z</time>
      </trkpt>
      <trkpt lat="-34.041775" lon="18.359528">
        <ele>12.201676</ele>
        <time>2022-12-29T12:32:12.259Z</time>
      </trkpt>
      <trkpt lat="-34.041815" lon="18.359547">
        <ele>12.250950</ele>
        <time>2022-12-29T12:32:13.272Z</time>
      </trkpt>
      <trkpt lat="-34.041900" lon="18.359533">
        <ele>12.349286</ele>
        <time>2022-12-29T12:32:15.111Z</time>
      </trkpt>
      <trkpt lat="-34.041927" lon="18.359509">
        <ele>12.387724</ele>
        <time>2022-12-29T12:32:15.791Z</time>
      </trkpt>
      <trkpt lat="-34.042186" lon="18.359481">
        <ele>12.344116</ele>
        <time>2022-12-29T12:32:21.166Z</time>
      </trkpt>
      <trkpt lat="-34.042444" lon="18.359490">
        <ele>12.173332</ele>
        <time>2022-12-29T12:32:26.264Z</time>
      </trkpt>
      <trkpt lat="-34.042589" lon="18.359485">
        <ele>12.077350</ele>
        <time>2022-12-29T12:32:29.184Z</time>
      </trkpt>
      <trkpt lat="-34.042742" lon="18.359473">
        <ele>11.975900</ele>
        <time>2022-12-29T12:32:32.167Z</time>
      </trkpt>
      <trkpt lat="-34.042918" lon="18.359436">
        <ele>11.857691</ele>
        <time>2022-12-29T12:32:35.732Z</time>
      </trkpt>
      <trkpt lat="-34.043051" lon="18.359400">
        <ele>11.767502</ele>
        <time>2022-12-29T12:32:38.378Z</time>
      </trkpt>
      <trkpt lat="-34.043132" lon="18.359346">
        <ele>11.706272</ele>
        <time>2022-12-29T12:32:40.177Z</time>
      </trkpt>
      <trkpt lat="-34.043456" lon="18.359312">
        <ele>11.491080</ele>
        <time>2022-12-29T12:32:46.546Z</time>
      </trkpt>
      <trkpt lat="-34.043633" lon="18.359334">
        <ele>11.373344</ele>
        <time>2022-12-29T12:32:50.056Z</time>
      </trkpt>
      <trkpt lat="-34.043882" lon="18.359430">
        <ele>11.452827</ele>
        <time>2022-12-29T12:32:55.241Z</time>
      </trkpt>
      <trkpt lat="-34.044005" lon="18.359514">
        <ele>11.659418</ele>
        <time>2022-12-29T12:32:58.139Z</time>
      </trkpt>
      <trkpt lat="-34.044463" lon="18.360005">
        <ele>12.554919</ele>
        <time>2022-12-29T12:33:10.621Z</time>
      </trkpt>
      <trkpt lat="-34.044670" lon="18.360285">
        <ele>13.009431</ele>
        <time>2022-12-29T12:33:19.088Z</time>
      </trkpt>
      <trkpt lat="-34.044839" lon="18.360521">
        <ele>13.387242</ele>
        <time>2022-12-29T12:33:28.748Z</time>
      </trkpt>
      <trkpt lat="-34.045064" lon="18.360834">
        <ele>13.889144</ele>
        <time>2022-12-29T12:33:41.984Z</time>
      </trkpt>
      <trkpt lat="-34.045262" lon="18.361078">
        <ele>15.171914</ele>
        <time>2022-12-29T12:33:53.788Z</time>
      </trkpt>
      <trkpt lat="-34.045352" lon="18.361187">
        <ele>15.768881</ele>
        <time>2022-12-29T12:33:59.777Z</time>
      </trkpt>
      <trkpt lat="-34.045717" lon="18.361606">
        <ele>18.127401</ele>
        <time>2022-12-29T12:34:22.459Z</time>
      </trkpt>
      <trkpt lat="-34.045905" lon="18.361777">
        <ele>19.229602</ele>
        <time>2022-12-29T12:34:34.383Z</time>
      </trkpt>
      <trkpt lat="-34.046026" lon="18.361849">
        <ele>19.861236</ele>
        <time>2022-12-29T12:34:39.946Z</time>
      </trkpt>
      <trkpt lat="-34.046142" lon="18.361885">
        <ele>20.422014</ele>
        <time>2022-12-29T12:34:45.034Z</time>
      </trkpt>
      <trkpt lat="-34.046144" lon="18.361886">
        <ele>20.432150</ele>
        <time>2022-12-29T12:34:45.168Z</time>
      </trkpt>
      <trkpt lat="-34.046366" lon="18.361885">
        <ele>21.471554</ele>
        <time>2022-12-29T12:34:52.201Z</time>
      </trkpt>
      <trkpt lat="-34.046547" lon="18.361813">
        <ele>22.359636</ele>
        <time>2022-12-29T12:34:59.360Z</time>
      </trkpt>
      <trkpt lat="-34.046639" lon="18.361757">
        <ele>22.783100</ele>
        <time>2022-12-29T12:35:02.688Z</time>
      </trkpt>
      <trkpt lat="-34.047112" lon="18.361468">
        <ele>24.961929</ele>
        <time>2022-12-29T12:35:18.024Z</time>
      </trkpt>
      <trkpt lat="-34.047387" lon="18.361340">
        <ele>26.173250</ele>
        <time>2022-12-29T12:35:32.859Z</time>
      </trkpt>
      <trkpt lat="-34.047746" lon="18.361225">
        <ele>27.699737</ele>
        <time>2022-12-29T12:35:47.655Z</time>
      </trkpt>
      <trkpt lat="-34.048240" lon="18.361111">
        <ele>29.811363</ele>
        <time>2022-12-29T12:36:05.033Z</time>
      </trkpt>
      <trkpt lat="-34.048427" lon="18.361092">
        <ele>31.342702</ele>
        <time>2022-12-29T12:36:14.321Z</time>
      </trkpt>
      <trkpt lat="-34.048544" lon="18.361140">
        <ele>32.351087</ele>
        <time>2022-12-29T12:36:16.238Z</time>
      </trkpt>
      <trkpt lat="-34.048654" lon="18.361262">
        <ele>33.570146</ele>
        <time>2022-12-29T12:36:29.261Z</time>
      </trkpt>
      <trkpt lat="-34.048689" lon="18.361389">
        <ele>34.475066</ele>
        <time>2022-12-29T12:36:34.317Z</time>
      </trkpt>
      <trkpt lat="-34.048658" lon="18.361810">
        <ele>37.332733</ele>
        <time>2022-12-29T12:36:53.587Z</time>
      </trkpt>
      <trkpt lat="-34.048700" lon="18.362027">
        <ele>38.839403</ele>
        <time>2022-12-29T12:37:03.772Z</time>
      </trkpt>
      <trkpt lat="-34.048753" lon="18.362134">
        <ele>39.682264</ele>
        <time>2022-12-29T12:37:12.605Z</time>
      </trkpt>
      <trkpt lat="-34.048832" lon="18.362248">
        <ele>40.687083</ele>
        <time>2022-12-29T12:37:17.888Z</time>
      </trkpt>
      <trkpt lat="-34.048961" lon="18.362361">
        <ele>41.987772</ele>
        <time>2022-12-29T12:37:29.348Z</time>
      </trkpt>
      <trkpt lat="-34.049152" lon="18.362473">
        <ele>43.720573</ele>
        <time>2022-12-29T12:37:41.100Z</time>
      </trkpt>
      <trkpt lat="-34.049482" lon="18.362609">
        <ele>46.318864</ele>
        <time>2022-12-29T12:38:06.806Z</time>
      </trkpt>
      <trkpt lat="-34.049631" lon="18.362654">
        <ele>47.429261</ele>
        <time>2022-12-29T12:38:15.862Z</time>
      </trkpt>
      <trkpt lat="-34.050484" lon="18.362732">
        <ele>53.613634</ele>
        <time>2022-12-29T12:38:59.186Z</time>
      </trkpt>
      <trkpt lat="-34.050673" lon="18.362790">
        <ele>55.023470</ele>
        <time>2022-12-29T12:39:08.799Z</time>
      </trkpt>
      <trkpt lat="-34.050815" lon="18.362903">
        <ele>56.253103</ele>
        <time>2022-12-29T12:39:17.027Z</time>
      </trkpt>
      <trkpt lat="-34.051060" lon="18.363183">
        <ele>58.071181</ele>
        <time>2022-12-29T12:39:27.844Z</time>
      </trkpt>
      <trkpt lat="-34.051158" lon="18.363235">
        <ele>58.472609</ele>
        <time>2022-12-29T12:39:30.869Z</time>
      </trkpt>
      <trkpt lat="-34.051905" lon="18.363444">
        <ele>61.348010</ele>
        <time>2022-12-29T12:39:58.014Z</time>
      </trkpt>
      <trkpt lat="-34.052408" lon="18.363574">
        <ele>63.276933</ele>
        <time>2022-12-29T12:40:18.889Z</time>
      </trkpt>
      <trkpt lat="-34.052884" lon="18.363812">
        <ele>65.124887</ele>
        <time>2022-12-29T12:40:36.698Z</time>
      </trkpt>
      <trkpt lat="-34.053234" lon="18.364051">
        <ele>66.513522</ele>
        <time>2022-12-29T12:40:52.229Z</time>
      </trkpt>
      <trkpt lat="-34.053600" lon="18.364390">
        <ele>68.106641</ele>
        <time>2022-12-29T12:41:12.282Z</time>
      </trkpt>
      <trkpt lat="-34.053804" lon="18.364542">
        <ele>68.934507</ele>
        <time>2022-12-29T12:41:22.728Z</time>
      </trkpt>
      <trkpt lat="-34.053890" lon="18.364575">
        <ele>69.246127</ele>
        <time>2022-12-29T12:41:26.361Z</time>
      </trkpt>
      <trkpt lat="-34.054326" lon="18.364626">
        <ele>69.992528</ele>
        <time>2022-12-29T12:41:39.555Z</time>
      </trkpt>
      <trkpt lat="-34.054665" lon="18.364839">
        <ele>68.792863</ele>
        <time>2022-12-29T12:41:46.948Z</time>
      </trkpt>
      <trkpt lat="-34.054875" lon="18.364905">
        <ele>68.111695</ele>
        <time>2022-12-29T12:41:49.939Z</time>
      </trkpt>
      <trkpt lat="-34.055164" lon="18.364897">
        <ele>67.204289</ele>
        <time>2022-12-29T12:41:54.024Z</time>
      </trkpt>
      <trkpt lat="-34.055203" lon="18.364880">
        <ele>67.074130</ele>
        <time>2022-12-29T12:41:54.585Z</time>
      </trkpt>
      <trkpt lat="-34.055252" lon="18.364852">
        <ele>66.903953</ele>
        <time>2022-12-29T12:41:55.411Z</time>
      </trkpt>
      <trkpt lat="-34.055547" lon="18.364592">
        <ele>65.757358</ele>
        <time>2022-12-29T12:42:01.284Z</time>
      </trkpt>
      <trkpt lat="-34.055634" lon="18.364564">
        <ele>65.474725</ele>
        <time>2022-12-29T12:42:03.905Z</time>
      </trkpt>
      <trkpt lat="-34.055506" lon="18.364350">
        <ele>64.788308</ele>
        <time>2022-12-29T12:42:10.392Z</time>
      </trkpt>
      <trkpt lat="-34.055448" lon="18.364331">
        <ele>64.726269</ele>
        <time>2022-12-29T12:42:13.320Z</time>
      </trkpt>
      <trkpt lat="-34.055369" lon="18.364345">
        <ele>64.759446</ele>
        <time>2022-12-29T12:42:16.107Z</time>
      </trkpt>
      <trkpt lat="-34.055452" lon="18.364069">
        <ele>64.860524</ele>
        <time>2022-12-29T12:42:33.034Z</time>
      </trkpt>
      <trkpt lat="-34.055439" lon="18.363936">
        <ele>64.906626</ele>
        <time>2022-12-29T12:42:40.741Z</time>
      </trkpt>
      <trkpt lat="-34.055386" lon="18.363851">
        <ele>64.943248</ele>
        <time>2022-12-29T12:42:46.862Z</time>
      </trkpt>
      <trkpt lat="-34.055310" lon="18.363811">
        <ele>64.977699</ele>
        <time>2022-12-29T12:42:52.666Z</time>
      </trkpt>
      <trkpt lat="-34.055386" lon="18.363851">
        <ele>65.012149</ele>
        <time>2022-12-29T12:42:58.469Z</time>
      </trkpt>
      <trkpt lat="-34.055439" lon="18.363936">
        <ele>65.048771</ele>
        <time>2022-12-29T12:43:04.570Z</time>
      </trkpt>
      <trkpt lat="-34.055452" lon="18.364069">
        <ele>65.094874</ele>
        <time>2022-12-29T12:43:12.295Z</time>
      </trkpt>
      <trkpt lat="-34.055369" lon="18.364345">
        <ele>65.195951</ele>
        <time>2022-12-29T12:43:29.209Z</time>
      </trkpt>
      <trkpt lat="-34.055300" lon="18.364645">
        <ele>65.303132</ele>
        <time>2022-12-29T12:43:47.133Z</time>
      </trkpt>
      <trkpt lat="-34.055369" lon="18.364345">
        <ele>65.410312</ele>
        <time>2022-12-29T12:44:05.059Z</time>
      </trkpt>
      <trkpt lat="-34.055448" lon="18.364331">
        <ele>65.443489</ele>
        <time>2022-12-29T12:44:09.900Z</time>
      </trkpt>
      <trkpt lat="-34.055506" lon="18.364350">
        <ele>65.580994</ele>
        <time>2022-12-29T12:44:13.589Z</time>
      </trkpt>
      <trkpt lat="-34.055634" lon="18.364564">
        <ele>66.732680</ele>
        <time>2022-12-29T12:44:28.568Z</time>
      </trkpt>
      <trkpt lat="-34.055752" lon="18.364628">
        <ele>67.414006</ele>
        <time>2022-12-29T12:44:38.610Z</time>
      </trkpt>
      <trkpt lat="-34.055944" lon="18.364952">
        <ele>69.152161</ele>
        <time>2022-12-29T12:45:00.024Z</time>
      </trkpt>
      <trkpt lat="-34.056044" lon="18.365053">
        <ele>69.838889</ele>
        <time>2022-12-29T12:45:08.316Z</time>
      </trkpt>
      <trkpt lat="-34.056303" lon="18.365142">
        <ele>71.257158</ele>
        <time>2022-12-29T12:45:19.346Z</time>
      </trkpt>
      <trkpt lat="-34.056593" lon="18.365205">
        <ele>72.809031</ele>
        <time>2022-12-29T12:45:30.171Z</time>
      </trkpt>
      <trkpt lat="-34.056708" lon="18.365275">
        <ele>73.487354</ele>
        <time>2022-12-29T12:45:35.499Z</time>
      </trkpt>
      <trkpt lat="-34.056833" lon="18.365458">
        <ele>74.522242</ele>
        <time>2022-12-29T12:45:44.835Z</time>
      </trkpt>
      <trkpt lat="-34.057118" lon="18.366109">
        <ele>73.425590</ele>
        <time>2022-12-29T12:45:55.812Z</time>
      </trkpt>
      <trkpt lat="-34.057267" lon="18.366359">
        <ele>72.703642</ele>
        <time>2022-12-29T12:45:59.786Z</time>
      </trkpt>
      <trkpt lat="-34.057505" lon="18.366541">
        <ele>71.906437</ele>
        <time>2022-12-29T12:46:04.127Z</time>
      </trkpt>
      <trkpt lat="-34.057649" lon="18.366590">
        <ele>71.483101</ele>
        <time>2022-12-29T12:46:06.404Z</time>
      </trkpt>
      <trkpt lat="-34.057773" lon="18.366600">
        <ele>71.131455</ele>
        <time>2022-12-29T12:46:08.469Z</time>
      </trkpt>
      <trkpt lat="-34.057903" lon="18.366582">
        <ele>70.761202</ele>
        <time>2022-12-29T12:46:10.420Z</time>
      </trkpt>
      <trkpt lat="-34.058203" lon="18.366488">
        <ele>69.884205</ele>
        <time>2022-12-29T12:46:14.956Z</time>
      </trkpt>
      <trkpt lat="-34.058337" lon="18.366497">
        <ele>69.932972</ele>
        <time>2022-12-29T12:46:16.992Z</time>
      </trkpt>
      <trkpt lat="-34.058509" lon="18.366549">
        <ele>70.067559</ele>
        <time>2022-12-29T12:46:19.863Z</time>
      </trkpt>
      <trkpt lat="-34.058672" lon="18.366663">
        <ele>70.210550</ele>
        <time>2022-12-29T12:46:22.901Z</time>
      </trkpt>
      <trkpt lat="-34.059033" lon="18.367048">
        <ele>70.576195</ele>
        <time>2022-12-29T12:46:32.610Z</time>
      </trkpt>
      <trkpt lat="-34.059166" lon="18.367299">
        <ele>70.763555</ele>
        <time>2022-12-29T12:46:38.621Z</time>
      </trkpt>
      <trkpt lat="-34.059219" lon="18.367513">
        <ele>70.904009</ele>
        <time>2022-12-29T12:46:43.670Z</time>
      </trkpt>
      <trkpt lat="-34.059222" lon="18.367767">
        <ele>71.063749</ele>
        <time>2022-12-29T12:46:54.347Z</time>
      </trkpt>
      <trkpt lat="-34.058931" lon="18.369401">
        <ele>80.191007</ele>
        <time>2022-12-29T12:48:10.620Z</time>
      </trkpt>
      <trkpt lat="-34.058957" lon="18.369632">
        <ele>81.642709</ele>
        <time>2022-12-29T12:48:20.279Z</time>
      </trkpt>
      <trkpt lat="-34.059048" lon="18.369768">
        <ele>82.731336</ele>
        <time>2022-12-29T12:48:29.213Z</time>
      </trkpt>
      <trkpt lat="-34.059103" lon="18.369859">
        <ele>83.432786</ele>
        <time>2022-12-29T12:48:34.234Z</time>
      </trkpt>
      <trkpt lat="-34.059108" lon="18.369868">
        <ele>83.500266</ele>
        <time>2022-12-29T12:48:34.487Z</time>
      </trkpt>
      <trkpt lat="-34.059158" lon="18.369883">
        <ele>83.887529</ele>
        <time>2022-12-29T12:48:37.302Z</time>
      </trkpt>
      <trkpt lat="-34.059235" lon="18.369865">
        <ele>84.477061</ele>
        <time>2022-12-29T12:48:42.151Z</time>
      </trkpt>
      <trkpt lat="-34.059306" lon="18.369773">
        <ele>85.094911</ele>
        <time>2022-12-29T12:48:48.882Z</time>
      </trkpt>
      <trkpt lat="-34.059659" lon="18.369562">
        <ele>87.138174</ele>
        <time>2022-12-29T12:49:07.694Z</time>
      </trkpt>
      <trkpt lat="-34.059790" lon="18.369525">
        <ele>87.836042</ele>
        <time>2022-12-29T12:49:12.922Z</time>
      </trkpt>
      <trkpt lat="-34.059907" lon="18.369538">
        <ele>88.445502</ele>
        <time>2022-12-29T12:49:18.544Z</time>
      </trkpt>
      <trkpt lat="-34.060004" lon="18.369581">
        <ele>88.981511</ele>
        <time>2022-12-29T12:49:23.483Z</time>
      </trkpt>
      <trkpt lat="-34.060110" lon="18.369690">
        <ele>89.703813</ele>
        <time>2022-12-29T12:49:28.324Z</time>
      </trkpt>
      <trkpt lat="-34.060192" lon="18.369907">
        <ele>90.728747</ele>
        <time>2022-12-29T12:49:36.853Z</time>
      </trkpt>
      <trkpt lat="-34.060317" lon="18.371269">
        <ele>95.750773</ele>
        <time>2022-12-29T12:50:18.921Z</time>
      </trkpt>
      <trkpt lat="-34.060365" lon="18.371399">
        <ele>96.155366</ele>
        <time>2022-12-29T12:50:24.609Z</time>
      </trkpt>
      <trkpt lat="-34.060495" lon="18.371532">
        <ele>96.740111</ele>
        <time>2022-12-29T12:50:32.358Z</time>
      </trkpt>
      <trkpt lat="-34.060640" lon="18.371575">
        <ele>97.252452</ele>
        <time>2022-12-29T12:50:38.530Z</time>
      </trkpt>
      <trkpt lat="-34.060798" lon="18.371531">
        <ele>97.808847</ele>
        <time>2022-12-29T12:50:44.387Z</time>
      </trkpt>
      <trkpt lat="-34.061137" lon="18.371193">
        <ele>99.317583</ele>
        <time>2022-12-29T12:50:58.891Z</time>
      </trkpt>
      <trkpt lat="-34.061217" lon="18.371130">
        <ele>99.645344</ele>
        <time>2022-12-29T12:51:01.960Z</time>
      </trkpt>
      <trkpt lat="-34.061391" lon="18.371058">
        <ele>100.274688</ele>
        <time>2022-12-29T12:51:07.176Z</time>
      </trkpt>
      <trkpt lat="-34.061549" lon="18.371043">
        <ele>100.797783</ele>
        <time>2022-12-29T12:51:11.665Z</time>
      </trkpt>
      <trkpt lat="-34.061858" lon="18.371115">
        <ele>101.836478</ele>
        <time>2022-12-29T12:51:19.814Z</time>
      </trkpt>
      <trkpt lat="-34.062217" lon="18.371211">
        <ele>103.050099</ele>
        <time>2022-12-29T12:51:29.362Z</time>
      </trkpt>
      <trkpt lat="-34.062602" lon="18.371342">
        <ele>104.370325</ele>
        <time>2022-12-29T12:51:44.433Z</time>
      </trkpt>
      <trkpt lat="-34.063054" lon="18.371653">
        <ele>106.087502</ele>
        <time>2022-12-29T12:52:09.060Z</time>
      </trkpt>
      <trkpt lat="-34.063130" lon="18.371712">
        <ele>106.497004</ele>
        <time>2022-12-29T12:52:12.130Z</time>
      </trkpt>
      <trkpt lat="-34.063492" lon="18.371910">
        <ele>108.470843</ele>
        <time>2022-12-29T12:52:30.045Z</time>
      </trkpt>
      <trkpt lat="-34.063775" lon="18.372152">
        <ele>110.193307</ele>
        <time>2022-12-29T12:52:45.653Z</time>
      </trkpt>
      <trkpt lat="-34.064032" lon="18.372234">
        <ele>111.513542</ele>
        <time>2022-12-29T12:52:58.374Z</time>
      </trkpt>
      <trkpt lat="-34.064181" lon="18.372231">
        <ele>112.253659</ele>
        <time>2022-12-29T12:53:04.922Z</time>
      </trkpt>
      <trkpt lat="-34.064345" lon="18.372170">
        <ele>113.105960</ele>
        <time>2022-12-29T12:53:13.316Z</time>
      </trkpt>
      <trkpt lat="-34.064425" lon="18.372128">
        <ele>113.539233</ele>
        <time>2022-12-29T12:53:16.033Z</time>
      </trkpt>
      <trkpt lat="-34.064602" lon="18.371951">
        <ele>114.680768</ele>
        <time>2022-12-29T12:53:25.919Z</time>
      </trkpt>
      <trkpt lat="-34.064876" lon="18.371386">
        <ele>115.331484</ele>
        <time>2022-12-29T12:53:41.202Z</time>
      </trkpt>
      <trkpt lat="-34.065000" lon="18.371187">
        <ele>115.436429</ele>
        <time>2022-12-29T12:53:47.038Z</time>
      </trkpt>
      <trkpt lat="-34.065113" lon="18.371076">
        <ele>115.510546</ele>
        <time>2022-12-29T12:53:49.561Z</time>
      </trkpt>
      <trkpt lat="-34.065211" lon="18.371016">
        <ele>115.566450</ele>
        <time>2022-12-29T12:53:52.025Z</time>
      </trkpt>
      <trkpt lat="-34.065503" lon="18.370931">
        <ele>115.719262</ele>
        <time>2022-12-29T12:53:57.250Z</time>
      </trkpt>
      <trkpt lat="-34.066077" lon="18.370791">
        <ele>116.037684</ele>
        <time>2022-12-29T12:54:09.728Z</time>
      </trkpt>
      <trkpt lat="-34.066189" lon="18.370764">
        <ele>116.409927</ele>
        <time>2022-12-29T12:54:12.285Z</time>
      </trkpt>
      <trkpt lat="-34.066459" lon="18.370658">
        <ele>117.335291</ele>
        <time>2022-12-29T12:54:19.730Z</time>
      </trkpt>
      <trkpt lat="-34.067049" lon="18.370299">
        <ele>119.488715</ele>
        <time>2022-12-29T12:54:37.360Z</time>
      </trkpt>
      <trkpt lat="-34.067764" lon="18.369839">
        <ele>122.231728</ele>
        <time>2022-12-29T12:55:17.320Z</time>
      </trkpt>
      <trkpt lat="-34.067937" lon="18.369744">
        <ele>123.101064</ele>
        <time>2022-12-29T12:55:27.742Z</time>
      </trkpt>
      <trkpt lat="-34.068105" lon="18.369699">
        <ele>123.888195</ele>
        <time>2022-12-29T12:55:36.517Z</time>
      </trkpt>
      <trkpt lat="-34.068398" lon="18.369724">
        <ele>125.231737</ele>
        <time>2022-12-29T12:55:51.064Z</time>
      </trkpt>
      <trkpt lat="-34.068915" lon="18.369833">
        <ele>127.632318</ele>
        <time>2022-12-29T12:56:15.169Z</time>
      </trkpt>
      <trkpt lat="-34.069116" lon="18.369774">
        <ele>128.578492</ele>
        <time>2022-12-29T12:56:21.266Z</time>
      </trkpt>
      <trkpt lat="-34.069806" lon="18.369335">
        <ele>130.541111</ele>
        <time>2022-12-29T12:56:39.085Z</time>
      </trkpt>
      <trkpt lat="-34.069880" lon="18.369266">
        <ele>130.632871</ele>
        <time>2022-12-29T12:56:40.861Z</time>
      </trkpt>
      <trkpt lat="-34.070018" lon="18.369029">
        <ele>130.868367</ele>
        <time>2022-12-29T12:56:44.665Z</time>
      </trkpt>
      <trkpt lat="-34.070321" lon="18.368428">
        <ele>131.440299</ele>
        <time>2022-12-29T12:57:05.193Z</time>
      </trkpt>
      <trkpt lat="-34.070504" lon="18.368162">
        <ele>131.721384</ele>
        <time>2022-12-29T12:57:12.161Z</time>
      </trkpt>
      <trkpt lat="-34.070585" lon="18.368094">
        <ele>131.818204</ele>
        <time>2022-12-29T12:57:15.966Z</time>
      </trkpt>
      <trkpt lat="-34.070780" lon="18.367996">
        <ele>132.548506</ele>
        <time>2022-12-29T12:57:20.360Z</time>
      </trkpt>
      <trkpt lat="-34.071078" lon="18.367996">
        <ele>133.811030</ele>
        <time>2022-12-29T12:57:27.111Z</time>
      </trkpt>
      <trkpt lat="-34.071250" lon="18.368060">
        <ele>134.573563</ele>
        <time>2022-12-29T12:57:37.328Z</time>
      </trkpt>
      <trkpt lat="-34.071354" lon="18.368134">
        <ele>135.085013</ele>
        <time>2022-12-29T12:57:39.203Z</time>
      </trkpt>
      <trkpt lat="-34.071488" lon="18.368295">
        <ele>135.885973</ele>
        <time>2022-12-29T12:57:48.480Z</time>
      </trkpt>
      <trkpt lat="-34.071716" lon="18.368863">
        <ele>138.101022</ele>
        <time>2022-12-29T12:58:10.654Z</time>
      </trkpt>
      <trkpt lat="-34.071876" lon="18.368963">
        <ele>138.864343</ele>
        <time>2022-12-29T12:58:21.252Z</time>
      </trkpt>
      <trkpt lat="-34.071987" lon="18.368958">
        <ele>139.334939</ele>
        <time>2022-12-29T12:58:27.438Z</time>
      </trkpt>
      <trkpt lat="-34.072088" lon="18.368904">
        <ele>139.854797</ele>
        <time>2022-12-29T12:58:29.699Z</time>
      </trkpt>
      <trkpt lat="-34.072195" lon="18.368745">
        <ele>140.692153</ele>
        <time>2022-12-29T12:58:42.829Z</time>
      </trkpt>
      <trkpt lat="-34.072246" lon="18.368508">
        <ele>141.693039</ele>
        <time>2022-12-29T12:58:52.207Z</time>
      </trkpt>
      <trkpt lat="-34.072293" lon="18.368164">
        <ele>143.118126</ele>
        <time>2022-12-29T12:59:01.996Z</time>
      </trkpt>
      <trkpt lat="-34.072336" lon="18.367512">
        <ele>145.791586</ele>
        <time>2022-12-29T12:59:21.508Z</time>
      </trkpt>
      <trkpt lat="-34.072375" lon="18.367265">
        <ele>146.819367</ele>
        <time>2022-12-29T12:59:29.312Z</time>
      </trkpt>
      <trkpt lat="-34.072511" lon="18.366973">
        <ele>148.188641</ele>
        <time>2022-12-29T12:59:40.003Z</time>
      </trkpt>
      <trkpt lat="-34.072642" lon="18.366799">
        <ele>149.280864</ele>
        <time>2022-12-29T12:59:49.352Z</time>
      </trkpt>
      <trkpt lat="-34.073401" lon="18.365761">
        <ele>155.884241</ele>
        <time>2022-12-29T13:00:43.912Z</time>
      </trkpt>
      <trkpt lat="-34.073605" lon="18.365528">
        <ele>157.501159</ele>
        <time>2022-12-29T13:00:57.790Z</time>
      </trkpt>
      <trkpt lat="-34.073816" lon="18.365393">
        <ele>158.808020</ele>
        <time>2022-12-29T13:01:08.076Z</time>
      </trkpt>
      <trkpt lat="-34.074324" lon="18.365281">
        <ele>160.487903</ele>
        <time>2022-12-29T13:01:28.666Z</time>
      </trkpt>
      <trkpt lat="-34.074484" lon="18.365219">
        <ele>161.034546</ele>
        <time>2022-12-29T13:01:34.641Z</time>
      </trkpt>
      <trkpt lat="-34.074710" lon="18.365028">
        <ele>161.931974</ele>
        <time>2022-12-29T13:01:44.004Z</time>
      </trkpt>
      <trkpt lat="-34.075105" lon="18.364484">
        <ele>163.881269</ele>
        <time>2022-12-29T13:02:02.469Z</time>
      </trkpt>
      <trkpt lat="-34.075308" lon="18.364314">
        <ele>164.758073</ele>
        <time>2022-12-29T13:02:09.021Z</time>
      </trkpt>
      <trkpt lat="-34.075535" lon="18.364194">
        <ele>166.080046</ele>
        <time>2022-12-29T13:02:15.738Z</time>
      </trkpt>
      <trkpt lat="-34.075577" lon="18.364175">
        <ele>166.319315</ele>
        <time>2022-12-29T13:02:16.727Z</time>
      </trkpt>
      <trkpt lat="-34.075719" lon="18.364138">
        <ele>167.094281</ele>
        <time>2022-12-29T13:02:21.998Z</time>
      </trkpt>
      <trkpt lat="-34.075863" lon="18.364109">
        <ele>167.873089</ele>
        <time>2022-12-29T13:02:28.332Z</time>
      </trkpt>
      <trkpt lat="-34.076014" lon="18.364101">
        <ele>168.679400</ele>
        <time>2022-12-29T13:02:34.727Z</time>
      </trkpt>
      <trkpt lat="-34.076087" lon="18.364106">
        <ele>169.069457</ele>
        <time>2022-12-29T13:02:38.988Z</time>
      </trkpt>
      <trkpt lat="-34.077069" lon="18.364231">
        <ele>174.319173</ele>
        <time>2022-12-29T13:03:29.002Z</time>
      </trkpt>
      <trkpt lat="-34.077392" lon="18.364272">
        <ele>175.869955</ele>
        <time>2022-12-29T13:03:45.358Z</time>
      </trkpt>
      <trkpt lat="-34.077627" lon="18.364224">
        <ele>177.007994</ele>
        <time>2022-12-29T13:03:57.693Z</time>
      </trkpt>
      <trkpt lat="-34.077801" lon="18.364054">
        <ele>178.076782</ele>
        <time>2022-12-29T13:04:07.961Z</time>
      </trkpt>
      <trkpt lat="-34.077888" lon="18.363903">
        <ele>178.804248</ele>
        <time>2022-12-29T13:04:15.307Z</time>
      </trkpt>
      <trkpt lat="-34.077950" lon="18.363570">
        <ele>180.154095</ele>
        <time>2022-12-29T13:04:28.056Z</time>
      </trkpt>
      <trkpt lat="-34.078064" lon="18.361953">
        <ele>183.266827</ele>
        <time>2022-12-29T13:05:03.078Z</time>
      </trkpt>
      <trkpt lat="-34.078028" lon="18.361646">
        <ele>183.431481</ele>
        <time>2022-12-29T13:05:07.830Z</time>
      </trkpt>
      <trkpt lat="-34.077921" lon="18.361230">
        <ele>183.662799</ele>
        <time>2022-12-29T13:05:15.524Z</time>
      </trkpt>
      <trkpt lat="-34.077849" lon="18.360907">
        <ele>183.840428</ele>
        <time>2022-12-29T13:05:22.607Z</time>
      </trkpt>
      <trkpt lat="-34.077782" lon="18.360572">
        <ele>184.250130</ele>
        <time>2022-12-29T13:05:30.401Z</time>
      </trkpt>
      <trkpt lat="-34.077690" lon="18.359773">
        <ele>185.514870</ele>
        <time>2022-12-29T13:05:51.556Z</time>
      </trkpt>
      <trkpt lat="-34.077684" lon="18.359650">
        <ele>185.708047</ele>
        <time>2022-12-29T13:05:54.951Z</time>
      </trkpt>
      <trkpt lat="-34.077673" lon="18.359291">
        <ele>186.271282</ele>
        <time>2022-12-29T13:06:05.719Z</time>
      </trkpt>
      <trkpt lat="-34.077677" lon="18.359133">
        <ele>186.519115</ele>
        <time>2022-12-29T13:06:10.909Z</time>
      </trkpt>
      <trkpt lat="-34.077698" lon="18.358104">
        <ele>187.855948</ele>
        <time>2022-12-29T13:06:32.202Z</time>
      </trkpt>
      <trkpt lat="-34.077607" lon="18.357458">
        <ele>188.536731</ele>
        <time>2022-12-29T13:06:43.461Z</time>
      </trkpt>
      <trkpt lat="-34.077593" lon="18.357176">
        <ele>188.830234</ele>
        <time>2022-12-29T13:06:50.246Z</time>
      </trkpt>
      <trkpt lat="-34.077638" lon="18.356951">
        <ele>189.070710</ele>
        <time>2022-12-29T13:06:53.880Z</time>
      </trkpt>
      <trkpt lat="-34.077693" lon="18.356855">
        <ele>189.191981</ele>
        <time>2022-12-29T13:06:57.472Z</time>
      </trkpt>
      <trkpt lat="-34.077797" lon="18.356773">
        <ele>189.347784</ele>
        <time>2022-12-29T13:07:01.193Z</time>
      </trkpt>
      <trkpt lat="-34.078325" lon="18.356679">
        <ele>193.463507</ele>
        <time>2022-12-29T13:07:17.039Z</time>
      </trkpt>
      <trkpt lat="-34.078460" lon="18.356680">
        <ele>194.931934</ele>
        <time>2022-12-29T13:07:23.214Z</time>
      </trkpt>
      <trkpt lat="-34.078884" lon="18.356945">
        <ele>200.125106</ele>
        <time>2022-12-29T13:08:03.110Z</time>
      </trkpt>
      <trkpt lat="-34.078986" lon="18.357033">
        <ele>201.488714</ele>
        <time>2022-12-29T13:08:17.408Z</time>
      </trkpt>
      <trkpt lat="-34.079334" lon="18.357446">
        <ele>206.796417</ele>
        <time>2022-12-29T13:08:54.073Z</time>
      </trkpt>
      <trkpt lat="-34.079478" lon="18.357542">
        <ele>208.585627</ele>
        <time>2022-12-29T13:09:07.592Z</time>
      </trkpt>
      <trkpt lat="-34.079709" lon="18.357644">
        <ele>210.109615</ele>
        <time>2022-12-29T13:09:20.982Z</time>
      </trkpt>
      <trkpt lat="-34.079868" lon="18.357844">
        <ele>211.256503</ele>
        <time>2022-12-29T13:09:40.564Z</time>
      </trkpt>
      <trkpt lat="-34.080017" lon="18.357929">
        <ele>212.079639</ele>
        <time>2022-12-29T13:09:45.908Z</time>
      </trkpt>
      <trkpt lat="-34.080170" lon="18.357923">
        <ele>212.844263</ele>
        <time>2022-12-29T13:09:58.691Z</time>
      </trkpt>
      <trkpt lat="-34.080552" lon="18.357729">
        <ele>214.914242</ele>
        <time>2022-12-29T13:10:16.499Z</time>
      </trkpt>
      <trkpt lat="-34.080949" lon="18.357258">
        <ele>217.694351</ele>
        <time>2022-12-29T13:10:32.045Z</time>
      </trkpt>
      <trkpt lat="-34.081395" lon="18.356925">
        <ele>213.932514</ele>
        <time>2022-12-29T13:10:39.585Z</time>
      </trkpt>
      <trkpt lat="-34.081479" lon="18.356887">
        <ele>213.079599</ele>
        <time>2022-12-29T13:10:40.738Z</time>
      </trkpt>
      <trkpt lat="-34.081632" lon="18.356855">
        <ele>211.603171</ele>
        <time>2022-12-29T13:10:42.750Z</time>
      </trkpt>
      <trkpt lat="-34.082129" lon="18.356901">
        <ele>206.863707</ele>
        <time>2022-12-29T13:10:49.378Z</time>
      </trkpt>
      <trkpt lat="-34.082295" lon="18.356951">
        <ele>205.236964</ele>
        <time>2022-12-29T13:10:51.713Z</time>
      </trkpt>
      <trkpt lat="-34.082582" lon="18.357106">
        <ele>202.247540</ele>
        <time>2022-12-29T13:10:56.050Z</time>
      </trkpt>
      <trkpt lat="-34.082716" lon="18.357126">
        <ele>200.948629</ele>
        <time>2022-12-29T13:10:57.871Z</time>
      </trkpt>
      <trkpt lat="-34.082842" lon="18.357060">
        <ele>199.250293</ele>
        <time>2022-12-29T13:10:59.686Z</time>
      </trkpt>
      <trkpt lat="-34.082912" lon="18.356985">
        <ele>198.093057</ele>
        <time>2022-12-29T13:11:00.967Z</time>
      </trkpt>
      <trkpt lat="-34.083076" lon="18.356618">
        <ele>193.822319</ele>
        <time>2022-12-29T13:11:05.565Z</time>
      </trkpt>
      <trkpt lat="-34.083131" lon="18.356545">
        <ele>192.811649</ele>
        <time>2022-12-29T13:11:06.655Z</time>
      </trkpt>
      <trkpt lat="-34.083208" lon="18.356499">
        <ele>191.749346</ele>
        <time>2022-12-29T13:11:07.807Z</time>
      </trkpt>
      <trkpt lat="-34.083484" lon="18.356449">
        <ele>188.298311</ele>
        <time>2022-12-29T13:11:11.561Z</time>
      </trkpt>
      <trkpt lat="-34.083770" lon="18.356552">
        <ele>184.607858</ele>
        <time>2022-12-29T13:11:15.594Z</time>
      </trkpt>
      <trkpt lat="-34.083936" lon="18.356534">
        <ele>182.546951</ele>
        <time>2022-12-29T13:11:17.816Z</time>
      </trkpt>
      <trkpt lat="-34.084004" lon="18.356492">
        <ele>181.602478</ele>
        <time>2022-12-29T13:11:18.794Z</time>
      </trkpt>
      <trkpt lat="-34.084057" lon="18.356431">
        <ele>180.697069</ele>
        <time>2022-12-29T13:11:19.732Z</time>
      </trkpt>
      <trkpt lat="-34.084232" lon="18.356032">
        <ele>177.265416</ele>
        <time>2022-12-29T13:11:24.512Z</time>
      </trkpt>
      <trkpt lat="-34.084463" lon="18.355791">
        <ele>175.157298</ele>
        <time>2022-12-29T13:11:28.416Z</time>
      </trkpt>
      <trkpt lat="-34.084668" lon="18.355755">
        <ele>173.726810</ele>
        <time>2022-12-29T13:11:31.474Z</time>
      </trkpt>
      <trkpt lat="-34.085064" lon="18.355783">
        <ele>170.987613</ele>
        <time>2022-12-29T13:11:36.851Z</time>
      </trkpt>
      <trkpt lat="-34.085338" lon="18.355686">
        <ele>169.015902</ele>
        <time>2022-12-29T13:11:40.874Z</time>
      </trkpt>
      <trkpt lat="-34.085406" lon="18.355525">
        <ele>167.982319</ele>
        <time>2022-12-29T13:11:43.789Z</time>
      </trkpt>
      <trkpt lat="-34.085445" lon="18.355493">
        <ele>167.656714</ele>
        <time>2022-12-29T13:11:44.660Z</time>
      </trkpt>
      <trkpt lat="-34.085469" lon="18.355501">
        <ele>167.484786</ele>
        <time>2022-12-29T13:11:45.425Z</time>
      </trkpt>
      <trkpt lat="-34.085489" lon="18.355507">
        <ele>167.342481</ele>
        <time>2022-12-29T13:11:45.971Z</time>
      </trkpt>
      <trkpt lat="-34.085630" lon="18.355638">
        <ele>167.421821</ele>
        <time>2022-12-29T13:11:54.711Z</time>
      </trkpt>
      <trkpt lat="-34.085759" lon="18.355644">
        <ele>171.408688</ele>
        <time>2022-12-29T13:11:56.434Z</time>
      </trkpt>
      <trkpt lat="-34.085865" lon="18.355609">
        <ele>174.802485</ele>
        <time>2022-12-29T13:12:09.129Z</time>
      </trkpt>
      <trkpt lat="-34.085946" lon="18.355531">
        <ele>178.002136</ele>
        <time>2022-12-29T13:12:21.238Z</time>
      </trkpt>
      <trkpt lat="-34.086093" lon="18.355255">
        <ele>186.395218</ele>
        <time>2022-12-29T13:12:52.696Z</time>
      </trkpt>
      <trkpt lat="-34.086160" lon="18.355215">
        <ele>188.703495</ele>
        <time>2022-12-29T13:13:01.513Z</time>
      </trkpt>
      <trkpt lat="-34.086253" lon="18.355227">
        <ele>191.591971</ele>
        <time>2022-12-29T13:13:12.313Z</time>
      </trkpt>
      <trkpt lat="-34.086332" lon="18.355272">
        <ele>194.289593</ele>
        <time>2022-12-29T13:13:22.311Z</time>
      </trkpt>
      <trkpt lat="-34.086636" lon="18.355570">
        <ele>206.382457</ele>
        <time>2022-12-29T13:14:09.269Z</time>
      </trkpt>
      <trkpt lat="-34.086918" lon="18.355760">
        <ele>216.355571</ele>
        <time>2022-12-29T13:14:47.855Z</time>
      </trkpt>
      <trkpt lat="-34.087185" lon="18.356113">
        <ele>225.610295</ele>
        <time>2022-12-29T13:15:35.292Z</time>
      </trkpt>
      <trkpt lat="-34.087256" lon="18.356159">
        <ele>226.991739</ele>
        <time>2022-12-29T13:15:44.672Z</time>
      </trkpt>
      <trkpt lat="-34.087350" lon="18.356171">
        <ele>228.612331</ele>
        <time>2022-12-29T13:15:55.593Z</time>
      </trkpt>
      <trkpt lat="-34.087632" lon="18.356028">
        <ele>233.856220</ele>
        <time>2022-12-29T13:16:31.036Z</time>
      </trkpt>
      <trkpt lat="-34.087802" lon="18.355953">
        <ele>236.959290</ele>
        <time>2022-12-29T13:16:50.557Z</time>
      </trkpt>
      <trkpt lat="-34.087963" lon="18.355916">
        <ele>239.769152</ele>
        <time>2022-12-29T13:17:09.361Z</time>
      </trkpt>
      <trkpt lat="-34.088298" lon="18.355795">
        <ele>245.764118</ele>
        <time>2022-12-29T13:17:41.957Z</time>
      </trkpt>
      <trkpt lat="-34.088485" lon="18.355602">
        <ele>249.981774</ele>
        <time>2022-12-29T13:17:53.692Z</time>
      </trkpt>
      <trkpt lat="-34.088712" lon="18.355216">
        <ele>244.902150</ele>
        <time>2022-12-29T13:17:58.708Z</time>
      </trkpt>
      <trkpt lat="-34.088988" lon="18.354456">
        <ele>221.621583</ele>
        <time>2022-12-29T13:18:07.781Z</time>
      </trkpt>
      <trkpt lat="-34.089286" lon="18.353293">
        <ele>187.976373</ele>
        <time>2022-12-29T13:18:20.967Z</time>
      </trkpt>
      <trkpt lat="-34.089283" lon="18.353083">
        <ele>182.772468</ele>
        <time>2022-12-29T13:18:23.205Z</time>
      </trkpt>
      <trkpt lat="-34.089242" lon="18.352820">
        <ele>176.141718</ele>
        <time>2022-12-29T13:18:26.077Z</time>
      </trkpt>
      <trkpt lat="-34.089264" lon="18.352653">
        <ele>171.951966</ele>
        <time>2022-12-29T13:18:27.877Z</time>
      </trkpt>
      <trkpt lat="-34.089325" lon="18.352511">
        <ele>167.988503</ele>
        <time>2022-12-29T13:18:29.594Z</time>
      </trkpt>
      <trkpt lat="-34.089507" lon="18.352332">
        <ele>160.965832</ele>
        <time>2022-12-29T13:18:32.590Z</time>
      </trkpt>
      <trkpt lat="-34.090126" lon="18.351860">
        <ele>139.063337</ele>
        <time>2022-12-29T13:18:41.869Z</time>
      </trkpt>
      <trkpt lat="-34.090621" lon="18.351247">
        <ele>123.384743</ele>
        <time>2022-12-29T13:18:50.846Z</time>
      </trkpt>
      <trkpt lat="-34.090829" lon="18.351055">
        <ele>117.703396</ele>
        <time>2022-12-29T13:18:54.159Z</time>
      </trkpt>
      <trkpt lat="-34.090924" lon="18.350998">
        <ele>115.401437</ele>
        <time>2022-12-29T13:18:55.496Z</time>
      </trkpt>
      <trkpt lat="-34.091151" lon="18.350933">
        <ele>110.338947</ele>
        <time>2022-12-29T13:18:58.445Z</time>
      </trkpt>
      <trkpt lat="-34.091522" lon="18.350877">
        <ele>102.225617</ele>
        <time>2022-12-29T13:19:03.164Z</time>
      </trkpt>
      <trkpt lat="-34.091701" lon="18.350899">
        <ele>98.569441</ele>
        <time>2022-12-29T13:19:05.451Z</time>
      </trkpt>
      <trkpt lat="-34.091850" lon="18.350963">
        <ele>96.453819</ele>
        <time>2022-12-29T13:19:07.463Z</time>
      </trkpt>
      <trkpt lat="-34.092162" lon="18.351155">
        <ele>91.769233</ele>
        <time>2022-12-29T13:19:11.943Z</time>
      </trkpt>
      <trkpt lat="-34.092596" lon="18.351524">
        <ele>84.668526</ele>
        <time>2022-12-29T13:19:18.909Z</time>
      </trkpt>
      <trkpt lat="-34.092923" lon="18.351885">
        <ele>78.741401</ele>
        <time>2022-12-29T13:19:24.936Z</time>
      </trkpt>
      <trkpt lat="-34.093383" lon="18.352262">
        <ele>73.220736</ele>
        <time>2022-12-29T13:19:32.847Z</time>
      </trkpt>
      <trkpt lat="-34.094195" lon="18.352718">
        <ele>67.614118</ele>
        <time>2022-12-29T13:19:45.751Z</time>
      </trkpt>
      <trkpt lat="-34.094270" lon="18.352821">
        <ele>66.903018</ele>
        <time>2022-12-29T13:19:47.414Z</time>
      </trkpt>
      <trkpt lat="-34.094383" lon="18.353103">
        <ele>65.278772</ele>
        <time>2022-12-29T13:19:51.242Z</time>
      </trkpt>
      <trkpt lat="-34.094609" lon="18.353316">
        <ele>63.571237</ele>
        <time>2022-12-29T13:19:55.623Z</time>
      </trkpt>
      <trkpt lat="-34.094899" lon="18.353691">
        <ele>62.346075</ele>
        <time>2022-12-29T13:20:02.530Z</time>
      </trkpt>
      <trkpt lat="-34.095439" lon="18.354084">
        <ele>60.528101</ele>
        <time>2022-12-29T13:20:13.126Z</time>
      </trkpt>
      <trkpt lat="-34.095650" lon="18.354293">
        <ele>59.741204</ele>
        <time>2022-12-29T13:20:17.689Z</time>
      </trkpt>
      <trkpt lat="-34.095766" lon="18.354474">
        <ele>59.194703</ele>
        <time>2022-12-29T13:20:20.927Z</time>
      </trkpt>
      <trkpt lat="-34.095820" lon="18.354677">
        <ele>58.685589</ele>
        <time>2022-12-29T13:20:23.733Z</time>
      </trkpt>
      <trkpt lat="-34.095774" lon="18.355874">
        <ele>59.904942</ele>
        <time>2022-12-29T13:20:43.396Z</time>
      </trkpt>
      <trkpt lat="-34.095788" lon="18.355998">
        <ele>60.068849</ele>
        <time>2022-12-29T13:20:45.956Z</time>
      </trkpt>
      <trkpt lat="-34.095839" lon="18.356108">
        <ele>60.233960</ele>
        <time>2022-12-29T13:20:49.614Z</time>
      </trkpt>
      <trkpt lat="-34.095922" lon="18.356230">
        <ele>60.440753</ele>
        <time>2022-12-29T13:20:52.996Z</time>
      </trkpt>
      <trkpt lat="-34.096019" lon="18.356401">
        <ele>60.712219</ele>
        <time>2022-12-29T13:20:58.081Z</time>
      </trkpt>
      <trkpt lat="-34.096064" lon="18.356650">
        <ele>61.046011</ele>
        <time>2022-12-29T13:21:08.556Z</time>
      </trkpt>
      <trkpt lat="-34.095851" lon="18.357753">
        <ele>66.676489</ele>
        <time>2022-12-29T13:21:57.499Z</time>
      </trkpt>
      <trkpt lat="-34.095763" lon="18.358186">
        <ele>69.237028</ele>
        <time>2022-12-29T13:22:16.188Z</time>
      </trkpt>
      <trkpt lat="-34.095682" lon="18.358389">
        <ele>70.531151</ele>
        <time>2022-12-29T13:22:27.974Z</time>
      </trkpt>
      <trkpt lat="-34.095561" lon="18.358594">
        <ele>71.976936</ele>
        <time>2022-12-29T13:22:37.452Z</time>
      </trkpt>
      <trkpt lat="-34.095412" lon="18.359253">
        <ele>74.325828</ele>
        <time>2022-12-29T13:23:04.623Z</time>
      </trkpt>
      <trkpt lat="-34.095322" lon="18.359521">
        <ele>74.754467</ele>
        <time>2022-12-29T13:23:15.355Z</time>
      </trkpt>
      <trkpt lat="-34.095190" lon="18.359815">
        <ele>75.250148</ele>
        <time>2022-12-29T13:23:26.463Z</time>
      </trkpt>
      <trkpt lat="-34.095180" lon="18.359994">
        <ele>75.516058</ele>
        <time>2022-12-29T13:23:33.225Z</time>
      </trkpt>
      <trkpt lat="-34.095249" lon="18.360137">
        <ele>75.761362</ele>
        <time>2022-12-29T13:23:36.701Z</time>
      </trkpt>
      <trkpt lat="-34.095334" lon="18.360195">
        <ele>75.936105</ele>
        <time>2022-12-29T13:23:38.867Z</time>
      </trkpt>
      <trkpt lat="-34.095425" lon="18.360210">
        <ele>76.100489</ele>
        <time>2022-12-29T13:23:40.355Z</time>
      </trkpt>
      <trkpt lat="-34.095630" lon="18.360176">
        <ele>76.470846</ele>
        <time>2022-12-29T13:23:43.715Z</time>
      </trkpt>
      <trkpt lat="-34.095780" lon="18.360218">
        <ele>76.746442</ele>
        <time>2022-12-29T13:23:46.144Z</time>
      </trkpt>
      <trkpt lat="-34.095884" lon="18.360354">
        <ele>76.929155</ele>
        <time>2022-12-29T13:23:48.529Z</time>
      </trkpt>
      <trkpt lat="-34.095936" lon="18.360534">
        <ele>76.103416</ele>
        <time>2022-12-29T13:23:50.969Z</time>
      </trkpt>
      <trkpt lat="-34.095994" lon="18.360950">
        <ele>74.276182</ele>
        <time>2022-12-29T13:23:56.237Z</time>
      </trkpt>
      <trkpt lat="-34.095894" lon="18.362614">
        <ele>67.119114</ele>
        <time>2022-12-29T13:24:16.658Z</time>
      </trkpt>
      <trkpt lat="-34.095965" lon="18.362967">
        <ele>65.747912</ele>
        <time>2022-12-29T13:24:21.070Z</time>
      </trkpt>
      <trkpt lat="-34.096191" lon="18.363326">
        <ele>64.045694</ele>
        <time>2022-12-29T13:24:26.654Z</time>
      </trkpt>
      <trkpt lat="-34.096258" lon="18.363523">
        <ele>63.241813</ele>
        <time>2022-12-29T13:24:29.352Z</time>
      </trkpt>
      <trkpt lat="-34.096277" lon="18.363684">
        <ele>62.627952</ele>
        <time>2022-12-29T13:24:31.433Z</time>
      </trkpt>
      <trkpt lat="-34.096253" lon="18.364097">
        <ele>61.065182</ele>
        <time>2022-12-29T13:24:36.835Z</time>
      </trkpt>
      <trkpt lat="-34.096410" lon="18.364521">
        <ele>59.348380</ele>
        <time>2022-12-29T13:24:43.027Z</time>
      </trkpt>
      <trkpt lat="-34.096439" lon="18.364725">
        <ele>58.927342</ele>
        <time>2022-12-29T13:24:45.839Z</time>
      </trkpt>
      <trkpt lat="-34.096431" lon="18.364964">
        <ele>58.440781</ele>
        <time>2022-12-29T13:24:49.193Z</time>
      </trkpt>
      <trkpt lat="-34.096257" lon="18.365786">
        <ele>56.714938</ele>
        <time>2022-12-29T13:25:01.294Z</time>
      </trkpt>
      <trkpt lat="-34.096246" lon="18.365978">
        <ele>56.323445</ele>
        <time>2022-12-29T13:25:04.022Z</time>
      </trkpt>
      <trkpt lat="-34.096547" lon="18.367512">
        <ele>52.760979</ele>
        <time>2022-12-29T13:25:26.924Z</time>
      </trkpt>
      <trkpt lat="-34.096552" lon="18.367750">
        <ele>52.183891</ele>
        <time>2022-12-29T13:25:30.254Z</time>
      </trkpt>
      <trkpt lat="-34.096502" lon="18.368184">
        <ele>51.121761</ele>
        <time>2022-12-29T13:25:36.233Z</time>
      </trkpt>
      <trkpt lat="-34.096504" lon="18.368388">
        <ele>50.627238</ele>
        <time>2022-12-29T13:25:38.923Z</time>
      </trkpt>
      <trkpt lat="-34.096579" lon="18.368685">
        <ele>49.874593</ele>
        <time>2022-12-29T13:25:42.916Z</time>
      </trkpt>
      <trkpt lat="-34.096926" lon="18.369532">
        <ele>46.284773</ele>
        <time>2022-12-29T13:25:54.932Z</time>
      </trkpt>
      <trkpt lat="-34.097076" lon="18.369981">
        <ele>44.393246</ele>
        <time>2022-12-29T13:26:01.023Z</time>
      </trkpt>
      <trkpt lat="-34.097119" lon="18.370271">
        <ele>43.242253</ele>
        <time>2022-12-29T13:26:04.755Z</time>
      </trkpt>
      <trkpt lat="-34.097127" lon="18.370430">
        <ele>42.619926</ele>
        <time>2022-12-29T13:26:06.689Z</time>
      </trkpt>
      <trkpt lat="-34.097102" lon="18.370757">
        <ele>41.336968</ele>
        <time>2022-12-29T13:26:10.807Z</time>
      </trkpt>
      <trkpt lat="-34.096870" lon="18.371599">
        <ele>38.730412</ele>
        <time>2022-12-29T13:26:21.868Z</time>
      </trkpt>
      <trkpt lat="-34.096680" lon="18.372253">
        <ele>36.717642</ele>
        <time>2022-12-29T13:26:31.174Z</time>
      </trkpt>
      <trkpt lat="-34.096554" lon="18.372867">
        <ele>34.909999</ele>
        <time>2022-12-29T13:26:40.479Z</time>
      </trkpt>
      <trkpt lat="-34.096544" lon="18.373471">
        <ele>34.690358</ele>
        <time>2022-12-29T13:26:49.734Z</time>
      </trkpt>
      <trkpt lat="-34.096581" lon="18.373931">
        <ele>34.522328</ele>
        <time>2022-12-29T13:26:57.153Z</time>
      </trkpt>
      <trkpt lat="-34.096711" lon="18.374490">
        <ele>34.311230</ele>
        <time>2022-12-29T13:27:07.504Z</time>
      </trkpt>
      <trkpt lat="-34.097146" lon="18.376014">
        <ele>35.138508</ele>
        <time>2022-12-29T13:27:43.053Z</time>
      </trkpt>
      <trkpt lat="-34.096975" lon="18.376134">
        <ele>35.358978</ele>
        <time>2022-12-29T13:27:48.952Z</time>
      </trkpt>
      <trkpt lat="-34.096893" lon="18.376227">
        <ele>35.484380</ele>
        <time>2022-12-29T13:27:51.784Z</time>
      </trkpt>
      <trkpt lat="-34.096738" lon="18.376478">
        <ele>35.773412</ele>
        <time>2022-12-29T13:27:59.296Z</time>
      </trkpt>
      <trkpt lat="-34.096643" lon="18.376747">
        <ele>36.043368</ele>
        <time>2022-12-29T13:28:05.941Z</time>
      </trkpt>
      <trkpt lat="-34.096588" lon="18.377174">
        <ele>36.175893</ele>
        <time>2022-12-29T13:28:14.906Z</time>
      </trkpt>
      <trkpt lat="-34.096762" lon="18.377248">
        <ele>36.206371</ele>
        <time>2022-12-29T13:28:20.598Z</time>
      </trkpt>
      <trkpt lat="-34.096860" lon="18.377488">
        <ele>36.242980</ele>
        <time>2022-12-29T13:28:27.756Z</time>
      </trkpt>
      <trkpt lat="-34.096902" lon="18.377592">
        <ele>36.258810</ele>
        <time>2022-12-29T13:28:30.729Z</time>
      </trkpt>
      <trkpt lat="-34.096860" lon="18.377488">
        <ele>36.274640</ele>
        <time>2022-12-29T13:28:33.365Z</time>
      </trkpt>
      <trkpt lat="-34.096762" lon="18.377248">
        <ele>36.311250</ele>
        <time>2022-12-29T13:28:39.360Z</time>
      </trkpt>
      <trkpt lat="-34.096588" lon="18.377174">
        <ele>36.341727</ele>
        <time>2022-12-29T13:28:44.735Z</time>
      </trkpt>
      <trkpt lat="-34.096643" lon="18.376747">
        <ele>36.400848</ele>
        <time>2022-12-29T13:28:52.492Z</time>
      </trkpt>
      <trkpt lat="-34.096738" lon="18.376478">
        <ele>36.456751</ele>
        <time>2022-12-29T13:28:57.494Z</time>
      </trkpt>
      <trkpt lat="-34.096893" lon="18.376227">
        <ele>36.547683</ele>
        <time>2022-12-29T13:29:02.713Z</time>
      </trkpt>
      <trkpt lat="-34.096975" lon="18.376134">
        <ele>36.587136</ele>
        <time>2022-12-29T13:29:05.477Z</time>
      </trkpt>
      <trkpt lat="-34.097146" lon="18.376014">
        <ele>36.656497</ele>
        <time>2022-12-29T13:29:09.414Z</time>
      </trkpt>
      <trkpt lat="-34.097594" lon="18.377571">
        <ele>37.315576</ele>
        <time>2022-12-29T13:29:43.238Z</time>
      </trkpt>
      <trkpt lat="-34.097826" lon="18.378282">
        <ele>38.052782</ele>
        <time>2022-12-29T13:30:02.182Z</time>
      </trkpt>
      <trkpt lat="-34.097994" lon="18.378633">
        <ele>38.443871</ele>
        <time>2022-12-29T13:30:12.061Z</time>
      </trkpt>
      <trkpt lat="-34.098195" lon="18.378962">
        <ele>38.838274</ele>
        <time>2022-12-29T13:30:21.116Z</time>
      </trkpt>
      <trkpt lat="-34.098295" lon="18.379138">
        <ele>39.044178</ele>
        <time>2022-12-29T13:30:25.568Z</time>
      </trkpt>
      <trkpt lat="-34.098318" lon="18.379166">
        <ele>39.082223</ele>
        <time>2022-12-29T13:30:26.284Z</time>
      </trkpt>
      <trkpt lat="-34.098443" lon="18.379322">
        <ele>39.086206</ele>
        <time>2022-12-29T13:30:30.130Z</time>
      </trkpt>
      <trkpt lat="-34.098652" lon="18.379552">
        <ele>38.928148</ele>
        <time>2022-12-29T13:30:36.434Z</time>
      </trkpt>
      <trkpt lat="-34.098963" lon="18.379832">
        <ele>38.711312</ele>
        <time>2022-12-29T13:30:44.788Z</time>
      </trkpt>
      <trkpt lat="-34.099030" lon="18.379881">
        <ele>38.667529</ele>
        <time>2022-12-29T13:30:46.519Z</time>
      </trkpt>
      <trkpt lat="-34.099200" lon="18.379993">
        <ele>38.559282</ele>
        <time>2022-12-29T13:30:50.237Z</time>
      </trkpt>
      <trkpt lat="-34.099619" lon="18.380223">
        <ele>38.302011</ele>
        <time>2022-12-29T13:30:59.105Z</time>
      </trkpt>
      <trkpt lat="-34.099933" lon="18.380343">
        <ele>38.088464</ele>
        <time>2022-12-29T13:31:05.161Z</time>
      </trkpt>
      <trkpt lat="-34.100406" lon="18.380454">
        <ele>37.550265</ele>
        <time>2022-12-29T13:31:14.108Z</time>
      </trkpt>
      <trkpt lat="-34.100507" lon="18.380452">
        <ele>37.437438</ele>
        <time>2022-12-29T13:31:15.797Z</time>
      </trkpt>
      <trkpt lat="-34.102356" lon="18.380787">
        <ele>35.289225</ele>
        <time>2022-12-29T13:31:52.272Z</time>
      </trkpt>
      <trkpt lat="-34.103489" lon="18.380994">
        <ele>33.865044</ele>
        <time>2022-12-29T13:32:13.724Z</time>
      </trkpt>
      <trkpt lat="-34.103791" lon="18.381050">
        <ele>33.230491</ele>
        <time>2022-12-29T13:32:19.231Z</time>
      </trkpt>
      <trkpt lat="-34.104052" lon="18.381090">
        <ele>32.684091</ele>
        <time>2022-12-29T13:32:23.880Z</time>
      </trkpt>
      <trkpt lat="-34.104632" lon="18.381147">
        <ele>31.475548</ele>
        <time>2022-12-29T13:32:33.967Z</time>
      </trkpt>
      <trkpt lat="-34.105089" lon="18.381140">
        <ele>30.526360</ele>
        <time>2022-12-29T13:32:41.871Z</time>
      </trkpt>
      <trkpt lat="-34.108449" lon="18.380704">
        <ele>21.473942</ele>
        <time>2022-12-29T13:33:38.509Z</time>
      </trkpt>
      <trkpt lat="-34.109265" lon="18.380608">
        <ele>19.360785</ele>
        <time>2022-12-29T13:33:52.137Z</time>
      </trkpt>
      <trkpt lat="-34.109667" lon="18.380626">
        <ele>18.374035</ele>
        <time>2022-12-29T13:33:58.932Z</time>
      </trkpt>
      <trkpt lat="-34.110150" lon="18.380728">
        <ele>17.171301</ele>
        <time>2022-12-29T13:34:07.283Z</time>
      </trkpt>
      <trkpt lat="-34.112189" lon="18.381542">
        <ele>12.718011</ele>
        <time>2022-12-29T13:34:45.294Z</time>
      </trkpt>
      <trkpt lat="-34.112853" lon="18.381967">
        <ele>11.346053</ele>
        <time>2022-12-29T13:34:58.291Z</time>
      </trkpt>
      <trkpt lat="-34.113873" lon="18.382608">
        <ele>9.286246</ele>
        <time>2022-12-29T13:35:18.851Z</time>
      </trkpt>
      <trkpt lat="-34.114093" lon="18.382788">
        <ele>9.201309</ele>
        <time>2022-12-29T13:35:23.877Z</time>
      </trkpt>
      <trkpt lat="-34.114471" lon="18.383188">
        <ele>9.040670</ele>
        <time>2022-12-29T13:35:33.820Z</time>
      </trkpt>
      <trkpt lat="-34.114630" lon="18.383418">
        <ele>8.961374</ele>
        <time>2022-12-29T13:35:38.961Z</time>
      </trkpt>
      <trkpt lat="-34.115725" lon="18.385539">
        <ele>9.391690</ele>
        <time>2022-12-29T13:36:29.595Z</time>
      </trkpt>
      <trkpt lat="-34.115750" lon="18.385587">
        <ele>9.416193</ele>
        <time>2022-12-29T13:36:30.772Z</time>
      </trkpt>
      <trkpt lat="-34.115868" lon="18.385806">
        <ele>9.529094</ele>
        <time>2022-12-29T13:36:36.164Z</time>
      </trkpt>
      <trkpt lat="-34.116284" lon="18.386619">
        <ele>9.817269</ele>
        <time>2022-12-29T13:36:54.943Z</time>
      </trkpt>
      <trkpt lat="-34.116557" lon="18.387070">
        <ele>9.954349</ele>
        <time>2022-12-29T13:37:05.643Z</time>
      </trkpt>
      <trkpt lat="-34.117385" lon="18.387981">
        <ele>10.200090</ele>
        <time>2022-12-29T13:37:31.689Z</time>
      </trkpt>
      <trkpt lat="-34.118522" lon="18.389230">
        <ele>10.240799</ele>
        <time>2022-12-29T13:38:06.024Z</time>
      </trkpt>
      <trkpt lat="-34.118664" lon="18.389374">
        <ele>10.194459</ele>
        <time>2022-12-29T13:38:10.069Z</time>
      </trkpt>
      <trkpt lat="-34.119951" lon="18.390688">
        <ele>9.852149</ele>
        <time>2022-12-29T13:38:45.366Z</time>
      </trkpt>
      <trkpt lat="-34.120412" lon="18.391176">
        <ele>10.027073</ele>
        <time>2022-12-29T13:38:58.920Z</time>
      </trkpt>
      <trkpt lat="-34.120799" lon="18.391793">
        <ele>10.209950</ele>
        <time>2022-12-29T13:39:14.205Z</time>
      </trkpt>
      <trkpt lat="-34.120863" lon="18.391916">
        <ele>10.244271</ele>
        <time>2022-12-29T13:39:17.113Z</time>
      </trkpt>
      <trkpt lat="-34.121687" lon="18.391812">
        <ele>11.117734</ele>
        <time>2022-12-29T13:39:38.641Z</time>
      </trkpt>
      <trkpt lat="-34.122047" lon="18.391805">
        <ele>11.636556</ele>
        <time>2022-12-29T13:39:48.603Z</time>
      </trkpt>
      <trkpt lat="-34.122578" lon="18.391881">
        <ele>12.407072</ele>
        <time>2022-12-29T13:40:04.086Z</time>
      </trkpt>
      <trkpt lat="-34.122864" lon="18.391952">
        <ele>12.827807</ele>
        <time>2022-12-29T13:40:12.880Z</time>
      </trkpt>
      <trkpt lat="-34.122935" lon="18.391977">
        <ele>12.947466</ele>
        <time>2022-12-29T13:40:15.068Z</time>
      </trkpt>
      <trkpt lat="-34.124052" lon="18.392412">
        <ele>15.793497</ele>
        <time>2022-12-29T13:40:51.703Z</time>
      </trkpt>
      <trkpt lat="-34.125539" lon="18.392992">
        <ele>20.824092</ele>
        <time>2022-12-29T13:41:44.420Z</time>
      </trkpt>
      <trkpt lat="-34.126764" lon="18.393490">
        <ele>25.986657</ele>
        <time>2022-12-29T13:42:37.304Z</time>
      </trkpt>
      <trkpt lat="-34.126990" lon="18.393621">
        <ele>27.113943</ele>
        <time>2022-12-29T13:42:48.298Z</time>
      </trkpt>
      <trkpt lat="-34.127484" lon="18.393930">
        <ele>29.615649</ele>
        <time>2022-12-29T13:43:12.566Z</time>
      </trkpt>
      <trkpt lat="-34.128432" lon="18.394604">
        <ele>32.778757</ele>
        <time>2022-12-29T13:43:52.206Z</time>
      </trkpt>
      <trkpt lat="-34.128550" lon="18.394701">
        <ele>32.960294</ele>
        <time>2022-12-29T13:43:56.885Z</time>
      </trkpt>
      <trkpt lat="-34.128588" lon="18.394623">
        <ele>33.055585</ele>
        <time>2022-12-29T13:43:58.670Z</time>
      </trkpt>
      <trkpt lat="-34.128961" lon="18.393758">
        <ele>34.082473</ele>
        <time>2022-12-29T13:44:17.015Z</time>
      </trkpt>
      <trkpt lat="-34.129237" lon="18.392864">
        <ele>34.406973</ele>
        <time>2022-12-29T13:44:32.941Z</time>
      </trkpt>
      <trkpt lat="-34.129325" lon="18.392509">
        <ele>34.430643</ele>
        <time>2022-12-29T13:44:39.028Z</time>
      </trkpt>
      <trkpt lat="-34.129631" lon="18.391327">
        <ele>34.528870</ele>
        <time>2022-12-29T13:45:04.499Z</time>
      </trkpt>
      <trkpt lat="-34.130166" lon="18.389352">
        <ele>34.908209</ele>
        <time>2022-12-29T13:45:46.736Z</time>
      </trkpt>
      <trkpt lat="-34.130409" lon="18.388550">
        <ele>32.907458</ele>
        <time>2022-12-29T13:45:59.304Z</time>
      </trkpt>
      <trkpt lat="-34.130496" lon="18.388321">
        <ele>32.317178</ele>
        <time>2022-12-29T13:46:02.729Z</time>
      </trkpt>
      <trkpt lat="-34.131371" lon="18.386511">
        <ele>26.617394</ele>
        <time>2022-12-29T13:46:29.586Z</time>
      </trkpt>
      <trkpt lat="-34.131700" lon="18.385841">
        <ele>24.211281</ele>
        <time>2022-12-29T13:46:39.825Z</time>
      </trkpt>
      <trkpt lat="-34.131843" lon="18.385427">
        <ele>23.057270</ele>
        <time>2022-12-29T13:46:46.045Z</time>
      </trkpt>
      <trkpt lat="-34.131858" lon="18.385229">
        <ele>22.851001</ele>
        <time>2022-12-29T13:46:48.801Z</time>
      </trkpt>
      <trkpt lat="-34.132094" lon="18.384397">
        <ele>21.938588</ele>
        <time>2022-12-29T13:47:02.146Z</time>
      </trkpt>
      <trkpt lat="-34.132374" lon="18.383375">
        <ele>20.918873</ele>
        <time>2022-12-29T13:47:20.709Z</time>
      </trkpt>
      <trkpt lat="-34.132593" lon="18.382664">
        <ele>20.908956</ele>
        <time>2022-12-29T13:47:35.174Z</time>
      </trkpt>
      <trkpt lat="-34.132978" lon="18.381392">
        <ele>20.879355</ele>
        <time>2022-12-29T13:48:00.396Z</time>
      </trkpt>
      <trkpt lat="-34.133188" lon="18.380683">
        <ele>20.612364</ele>
        <time>2022-12-29T13:48:13.990Z</time>
      </trkpt>
      <trkpt lat="-34.133535" lon="18.379519">
        <ele>20.173709</ele>
        <time>2022-12-29T13:48:35.058Z</time>
      </trkpt>
      <trkpt lat="-34.133689" lon="18.378998">
        <ele>19.657947</ele>
        <time>2022-12-29T13:48:43.858Z</time>
      </trkpt>
      <trkpt lat="-34.133909" lon="18.378204">
        <ele>18.700801</ele>
        <time>2022-12-29T13:48:56.557Z</time>
      </trkpt>
      <trkpt lat="-34.134115" lon="18.377493">
        <ele>17.839686</ele>
        <time>2022-12-29T13:49:07.927Z</time>
      </trkpt>
      <trkpt lat="-34.134342" lon="18.376600">
        <ele>17.188838</ele>
        <time>2022-12-29T13:49:21.951Z</time>
      </trkpt>
      <trkpt lat="-34.134487" lon="18.375564">
        <ele>16.566498</ele>
        <time>2022-12-29T13:49:39.253Z</time>
      </trkpt>
      <trkpt lat="-34.134630" lon="18.374475">
        <ele>17.068152</ele>
        <time>2022-12-29T13:50:02.028Z</time>
      </trkpt>
      <trkpt lat="-34.134736" lon="18.373898">
        <ele>17.643608</ele>
        <time>2022-12-29T13:50:15.661Z</time>
      </trkpt>
      <trkpt lat="-34.134752" lon="18.373829">
        <ele>17.713374</ele>
        <time>2022-12-29T13:50:17.314Z</time>
      </trkpt>
      <trkpt lat="-34.134767" lon="18.373763">
        <ele>17.780012</ele>
        <time>2022-12-29T13:50:18.937Z</time>
      </trkpt>
      <trkpt lat="-34.134798" lon="18.373626">
        <ele>17.918294</ele>
        <time>2022-12-29T13:50:22.306Z</time>
      </trkpt>
      <trkpt lat="-34.135017" lon="18.372658">
        <ele>18.978568</ele>
        <time>2022-12-29T13:50:46.715Z</time>
      </trkpt>
      <trkpt lat="-34.135131" lon="18.372210">
        <ele>19.523340</ele>
        <time>2022-12-29T13:50:57.826Z</time>
      </trkpt>
      <trkpt lat="-34.135333" lon="18.371447">
        <ele>20.454450</ele>
        <time>2022-12-29T13:51:16.160Z</time>
      </trkpt>
      <trkpt lat="-34.135500" lon="18.370678">
        <ele>21.288202</ele>
        <time>2022-12-29T13:51:33.490Z</time>
      </trkpt>
      <trkpt lat="-34.135525" lon="18.370546">
        <ele>21.408848</ele>
        <time>2022-12-29T13:51:36.348Z</time>
      </trkpt>
      <trkpt lat="-34.136354" lon="18.366771">
        <ele>24.816700</ele>
        <time>2022-12-29T13:53:02.388Z</time>
      </trkpt>
      <trkpt lat="-34.137018" lon="18.363712">
        <ele>26.891531</ele>
        <time>2022-12-29T13:54:08.033Z</time>
      </trkpt>
      <trkpt lat="-34.137286" lon="18.362808">
        <ele>27.554714</ele>
        <time>2022-12-29T13:54:28.591Z</time>
      </trkpt>
      <trkpt lat="-34.137677" lon="18.361738">
        <ele>28.398322</ele>
        <time>2022-12-29T13:54:54.052Z</time>
      </trkpt>
      <trkpt lat="-34.138066" lon="18.360861">
        <ele>29.122081</ele>
        <time>2022-12-29T13:55:15.055Z</time>
      </trkpt>
      <trkpt lat="-34.138370" lon="18.360253">
        <ele>29.469561</ele>
        <time>2022-12-29T13:55:29.846Z</time>
      </trkpt>
      <trkpt lat="-34.140035" lon="18.357397">
        <ele>30.259817</ele>
        <time>2022-12-29T13:56:38.471Z</time>
      </trkpt>
      <trkpt lat="-34.141657" lon="18.354614">
        <ele>29.317207</ele>
        <time>2022-12-29T13:57:33.191Z</time>
      </trkpt>
      <trkpt lat="-34.142831" lon="18.352577">
        <ele>32.398465</ele>
        <time>2022-12-29T13:58:35.460Z</time>
      </trkpt>
      <trkpt lat="-34.143065" lon="18.352079">
        <ele>33.462684</ele>
        <time>2022-12-29T13:58:51.239Z</time>
      </trkpt>
      <trkpt lat="-34.143213" lon="18.351681">
        <ele>34.252754</ele>
        <time>2022-12-29T13:59:02.862Z</time>
      </trkpt>
      <trkpt lat="-34.143400" lon="18.351074">
        <ele>34.988224</ele>
        <time>2022-12-29T13:59:19.373Z</time>
      </trkpt>
      <trkpt lat="-34.143507" lon="18.350637">
        <ele>35.505710</ele>
        <time>2022-12-29T13:59:30.329Z</time>
      </trkpt>
      <trkpt lat="-34.143593" lon="18.350103">
        <ele>36.123456</ele>
        <time>2022-12-29T13:59:43.097Z</time>
      </trkpt>
      <trkpt lat="-34.143663" lon="18.349383">
        <ele>36.460662</ele>
        <time>2022-12-29T13:59:56.790Z</time>
      </trkpt>
      <trkpt lat="-34.143659" lon="18.348738">
        <ele>35.817624</ele>
        <time>2022-12-29T14:00:07.376Z</time>
      </trkpt>
      <trkpt lat="-34.143619" lon="18.348135">
        <ele>35.214548</ele>
        <time>2022-12-29T14:00:16.736Z</time>
      </trkpt>
      <trkpt lat="-34.143402" lon="18.346293">
        <ele>32.130318</ele>
        <time>2022-12-29T14:00:43.125Z</time>
      </trkpt>
      <trkpt lat="-34.143383" lon="18.346104">
        <ele>31.739635</ele>
        <time>2022-12-29T14:00:45.702Z</time>
      </trkpt>
      <trkpt lat="-34.142891" lon="18.341599">
        <ele>22.930496</ele>
        <time>2022-12-29T14:01:49.289Z</time>
      </trkpt>
      <trkpt lat="-34.142862" lon="18.341334">
        <ele>22.502818</ele>
        <time>2022-12-29T14:01:53.422Z</time>
      </trkpt>
      <trkpt lat="-34.142346" lon="18.336732">
        <ele>21.308349</ele>
        <time>2022-12-29T14:03:16.934Z</time>
      </trkpt>
      <trkpt lat="-34.142207" lon="18.335479">
        <ele>21.021910</ele>
        <time>2022-12-29T14:03:39.649Z</time>
      </trkpt>
      <trkpt lat="-34.142137" lon="18.335112">
        <ele>20.934468</ele>
        <time>2022-12-29T14:03:46.353Z</time>
      </trkpt>
      <trkpt lat="-34.142059" lon="18.334844">
        <ele>20.868509</ele>
        <time>2022-12-29T14:03:51.389Z</time>
      </trkpt>
      <trkpt lat="-34.141860" lon="18.334374">
        <ele>20.558234</ele>
        <time>2022-12-29T14:04:00.674Z</time>
      </trkpt>
      <trkpt lat="-34.141111" lon="18.332967">
        <ele>18.771247</ele>
        <time>2022-12-29T14:04:26.244Z</time>
      </trkpt>
      <trkpt lat="-34.141035" lon="18.332829">
        <ele>18.594183</ele>
        <time>2022-12-29T14:04:28.648Z</time>
      </trkpt>
      <trkpt lat="-34.140756" lon="18.332318">
        <ele>17.968703</ele>
        <time>2022-12-29T14:04:37.607Z</time>
      </trkpt>
      <trkpt lat="-34.140455" lon="18.331611">
        <ele>17.164454</ele>
        <time>2022-12-29T14:04:49.575Z</time>
      </trkpt>
      <trkpt lat="-34.140336" lon="18.331128">
        <ele>16.654677</ele>
        <time>2022-12-29T14:04:57.462Z</time>
      </trkpt>
      <trkpt lat="-34.140285" lon="18.330594">
        <ele>16.342450</ele>
        <time>2022-12-29T14:05:06.869Z</time>
      </trkpt>
      <trkpt lat="-34.140284" lon="18.329207">
        <ele>16.879169</ele>
        <time>2022-12-29T14:05:35.498Z</time>
      </trkpt>
      <trkpt lat="-34.140287" lon="18.328772">
        <ele>17.047504</ele>
        <time>2022-12-29T14:05:44.808Z</time>
      </trkpt>
      <trkpt lat="-34.140314" lon="18.326943">
        <ele>17.945724</ele>
        <time>2022-12-29T14:06:21.092Z</time>
      </trkpt>
      <trkpt lat="-34.140316" lon="18.326788">
        <ele>18.023663</ele>
        <time>2022-12-29T14:06:23.923Z</time>
      </trkpt>
      <trkpt lat="-34.140394" lon="18.326426">
        <ele>18.211731</ele>
        <time>2022-12-29T14:06:31.838Z</time>
      </trkpt>
      <trkpt lat="-34.140591" lon="18.325996">
        <ele>19.792946</ele>
        <time>2022-12-29T14:06:42.626Z</time>
      </trkpt>
      <trkpt lat="-34.140777" lon="18.325766">
        <ele>20.828126</ele>
        <time>2022-12-29T14:06:50.571Z</time>
      </trkpt>
      <trkpt lat="-34.140929" lon="18.325696">
        <ele>21.460823</ele>
        <time>2022-12-29T14:06:55.626Z</time>
      </trkpt>
      <trkpt lat="-34.141006" lon="18.325664">
        <ele>21.777537</ele>
        <time>2022-12-29T14:06:58.484Z</time>
      </trkpt>
      <trkpt lat="-34.141019" lon="18.325633">
        <ele>21.889411</ele>
        <time>2022-12-29T14:06:59.426Z</time>
      </trkpt>
      <trkpt lat="-34.141125" lon="18.325490">
        <ele>22.507391</ele>
        <time>2022-12-29T14:07:04.594Z</time>
      </trkpt>
      <trkpt lat="-34.141399" lon="18.325390">
        <ele>23.620677</ele>
        <time>2022-12-29T14:07:15.503Z</time>
      </trkpt>
      <trkpt lat="-34.141801" lon="18.325345">
        <ele>25.190959</ele>
        <time>2022-12-29T14:07:34.881Z</time>
      </trkpt>
      <trkpt lat="-34.142230" lon="18.325363">
        <ele>30.219342</ele>
        <time>2022-12-29T14:08:03.701Z</time>
      </trkpt>
      <trkpt lat="-34.142937" lon="18.325379">
        <ele>38.558926</ele>
        <time>2022-12-29T14:08:56.204Z</time>
      </trkpt>
      <trkpt lat="-34.143604" lon="18.325395">
        <ele>46.426918</ele>
        <time>2022-12-29T14:09:43.463Z</time>
      </trkpt>
      <trkpt lat="-34.143713" lon="18.325379">
        <ele>47.735449</ele>
        <time>2022-12-29T14:09:53.799Z</time>
      </trkpt>
      <trkpt lat="-34.144352" lon="18.325102">
        <ele>55.825833</ele>
        <time>2022-12-29T14:10:46.648Z</time>
      </trkpt>
      <trkpt lat="-34.144599" lon="18.325022">
        <ele>58.873313</ele>
        <time>2022-12-29T14:11:06.748Z</time>
      </trkpt>
      <trkpt lat="-34.144707" lon="18.324954">
        <ele>60.324639</ele>
        <time>2022-12-29T14:11:16.833Z</time>
      </trkpt>
      <trkpt lat="-34.144872" lon="18.324746">
        <ele>63.166323</ele>
        <time>2022-12-29T14:11:32.568Z</time>
      </trkpt>
      <trkpt lat="-34.144920" lon="18.324686">
        <ele>63.989377</ele>
        <time>2022-12-29T14:11:37.486Z</time>
      </trkpt>
      <trkpt lat="-34.145017" lon="18.324586">
        <ele>65.508934</ele>
        <time>2022-12-29T14:11:47.153Z</time>
      </trkpt>
      <trkpt lat="-34.145080" lon="18.324543">
        <ele>66.371226</ele>
        <time>2022-12-29T14:11:51.562Z</time>
      </trkpt>
      <trkpt lat="-34.145486" lon="18.324415">
        <ele>69.286429</ele>
        <time>2022-12-29T14:12:11.354Z</time>
      </trkpt>
      <trkpt lat="-34.145583" lon="18.324353">
        <ele>69.818691</ele>
        <time>2022-12-29T14:12:15.328Z</time>
      </trkpt>
      <trkpt lat="-34.146257" lon="18.323575">
        <ele>74.339871</ele>
        <time>2022-12-29T14:12:55.913Z</time>
      </trkpt>
      <trkpt lat="-34.146852" lon="18.322778">
        <ele>77.010767</ele>
        <time>2022-12-29T14:13:22.634Z</time>
      </trkpt>
      <trkpt lat="-34.146980" lon="18.322675">
        <ele>77.166283</ele>
        <time>2022-12-29T14:13:26.007Z</time>
      </trkpt>
      <trkpt lat="-34.147151" lon="18.322599">
        <ele>77.350534</ele>
        <time>2022-12-29T14:13:30.092Z</time>
      </trkpt>
      <trkpt lat="-34.147450" lon="18.322495">
        <ele>77.665175</ele>
        <time>2022-12-29T14:13:36.648Z</time>
      </trkpt>
      <trkpt lat="-34.147788" lon="18.322495">
        <ele>78.006977</ele>
        <time>2022-12-29T14:13:44.258Z</time>
      </trkpt>
      <trkpt lat="-34.148138" lon="18.322588">
        <ele>78.369370</ele>
        <time>2022-12-29T14:13:53.508Z</time>
      </trkpt>
      <trkpt lat="-34.148303" lon="18.322656">
        <ele>79.088582</ele>
        <time>2022-12-29T14:13:58.553Z</time>
      </trkpt>
      <trkpt lat="-34.148454" lon="18.322766">
        <ele>79.923542</ele>
        <time>2022-12-29T14:14:03.758Z</time>
      </trkpt>
      <trkpt lat="-34.148914" lon="18.323213">
        <ele>82.718895</ele>
        <time>2022-12-29T14:14:24.530Z</time>
      </trkpt>
      <trkpt lat="-34.149806" lon="18.324306">
        <ele>89.456911</ele>
        <time>2022-12-29T14:15:28.779Z</time>
      </trkpt>
      <trkpt lat="-34.150291" lon="18.324785">
        <ele>93.600733</ele>
        <time>2022-12-29T14:16:05.406Z</time>
      </trkpt>
      <trkpt lat="-34.151274" lon="18.325637">
        <ele>99.391950</ele>
        <time>2022-12-29T14:16:56.498Z</time>
      </trkpt>
      <trkpt lat="-34.151681" lon="18.326021">
        <ele>100.099171</ele>
        <time>2022-12-29T14:17:10.434Z</time>
      </trkpt>
      <trkpt lat="-34.152043" lon="18.326282">
        <ele>100.676518</ele>
        <time>2022-12-29T14:17:19.983Z</time>
      </trkpt>
      <trkpt lat="-34.152668" lon="18.326659">
        <ele>101.277995</ele>
        <time>2022-12-29T14:17:33.480Z</time>
      </trkpt>
      <trkpt lat="-34.152801" lon="18.326776">
        <ele>101.278011</ele>
        <time>2022-12-29T14:17:36.482Z</time>
      </trkpt>
      <trkpt lat="-34.153026" lon="18.327078">
        <ele>101.278044</ele>
        <time>2022-12-29T14:17:42.796Z</time>
      </trkpt>
      <trkpt lat="-34.153115" lon="18.327257">
        <ele>101.278061</ele>
        <time>2022-12-29T14:17:46.245Z</time>
      </trkpt>
      <trkpt lat="-34.153195" lon="18.327447">
        <ele>101.278078</ele>
        <time>2022-12-29T14:17:50.244Z</time>
      </trkpt>
      <trkpt lat="-34.153509" lon="18.328474">
        <ele>101.424928</ele>
        <time>2022-12-29T14:18:14.936Z</time>
      </trkpt>
      <trkpt lat="-34.153600" lon="18.328659">
        <ele>101.545505</ele>
        <time>2022-12-29T14:18:20.055Z</time>
      </trkpt>
      <trkpt lat="-34.153714" lon="18.328821">
        <ele>101.664648</ele>
        <time>2022-12-29T14:18:25.168Z</time>
      </trkpt>
      <trkpt lat="-34.154584" lon="18.329650">
        <ele>102.414754</ele>
        <time>2022-12-29T14:18:53.151Z</time>
      </trkpt>
      <trkpt lat="-34.155819" lon="18.330949">
        <ele>100.524436</ele>
        <time>2022-12-29T14:19:24.804Z</time>
      </trkpt>
      <trkpt lat="-34.156236" lon="18.331240">
        <ele>99.205180</ele>
        <time>2022-12-29T14:19:32.716Z</time>
      </trkpt>
      <trkpt lat="-34.156378" lon="18.331302">
        <ele>98.486315</ele>
        <time>2022-12-29T14:19:35.185Z</time>
      </trkpt>
      <trkpt lat="-34.156789" lon="18.331419">
        <ele>96.475907</ele>
        <time>2022-12-29T14:19:41.888Z</time>
      </trkpt>
      <trkpt lat="-34.157091" lon="18.331505">
        <ele>94.998646</ele>
        <time>2022-12-29T14:19:46.551Z</time>
      </trkpt>
      <trkpt lat="-34.157458" lon="18.331651">
        <ele>93.159046</ele>
        <time>2022-12-29T14:19:52.134Z</time>
      </trkpt>
      <trkpt lat="-34.158191" lon="18.331942">
        <ele>89.046292</ele>
        <time>2022-12-29T14:20:03.345Z</time>
      </trkpt>
      <trkpt lat="-34.158808" lon="18.332213">
        <ele>85.269818</ele>
        <time>2022-12-29T14:20:12.950Z</time>
      </trkpt>
      <trkpt lat="-34.159274" lon="18.332505">
        <ele>82.250209</ele>
        <time>2022-12-29T14:20:20.855Z</time>
      </trkpt>
      <trkpt lat="-34.159889" lon="18.333004">
        <ele>78.751643</ele>
        <time>2022-12-29T14:20:31.997Z</time>
      </trkpt>
      <trkpt lat="-34.160834" lon="18.333564">
        <ele>74.113668</ele>
        <time>2022-12-29T14:20:48.402Z</time>
      </trkpt>
      <trkpt lat="-34.161548" lon="18.333857">
        <ele>71.959294</ele>
        <time>2022-12-29T14:21:00.371Z</time>
      </trkpt>
      <trkpt lat="-34.161838" lon="18.334065">
        <ele>71.159039</ele>
        <time>2022-12-29T14:21:05.939Z</time>
      </trkpt>
      <trkpt lat="-34.162232" lon="18.334445">
        <ele>69.962819</ele>
        <time>2022-12-29T14:21:14.710Z</time>
      </trkpt>
      <trkpt lat="-34.162563" lon="18.334889">
        <ele>69.122236</ele>
        <time>2022-12-29T14:21:24.470Z</time>
      </trkpt>
      <trkpt lat="-34.162757" lon="18.335246">
        <ele>69.336577</ele>
        <time>2022-12-29T14:21:33.282Z</time>
      </trkpt>
      <trkpt lat="-34.163551" lon="18.337092">
        <ele>70.124271</ele>
        <time>2022-12-29T14:22:18.797Z</time>
      </trkpt>
      <trkpt lat="-34.163681" lon="18.337342">
        <ele>70.110999</ele>
        <time>2022-12-29T14:22:24.555Z</time>
      </trkpt>
      <trkpt lat="-34.163942" lon="18.337655">
        <ele>70.091026</ele>
        <time>2022-12-29T14:22:32.946Z</time>
      </trkpt>
      <trkpt lat="-34.164297" lon="18.337916">
        <ele>70.068455</ele>
        <time>2022-12-29T14:22:41.715Z</time>
      </trkpt>
      <trkpt lat="-34.164533" lon="18.338146">
        <ele>70.051986</ele>
        <time>2022-12-29T14:22:47.579Z</time>
      </trkpt>
      <trkpt lat="-34.164631" lon="18.338296">
        <ele>69.923822</ele>
        <time>2022-12-29T14:22:50.573Z</time>
      </trkpt>
      <trkpt lat="-34.164770" lon="18.338628">
        <ele>69.436313</ele>
        <time>2022-12-29T14:22:56.063Z</time>
      </trkpt>
      <trkpt lat="-34.164848" lon="18.339260">
        <ele>68.599093</ele>
        <time>2022-12-29T14:23:05.650Z</time>
      </trkpt>
      <trkpt lat="-34.164911" lon="18.340249">
        <ele>67.299452</ele>
        <time>2022-12-29T14:23:20.753Z</time>
      </trkpt>
      <trkpt lat="-34.164892" lon="18.340492">
        <ele>66.852115</ele>
        <time>2022-12-29T14:23:24.239Z</time>
      </trkpt>
      <trkpt lat="-34.164688" lon="18.341551">
        <ele>64.601089</ele>
        <time>2022-12-29T14:23:39.643Z</time>
      </trkpt>
      <trkpt lat="-34.164660" lon="18.341787">
        <ele>64.107512</ele>
        <time>2022-12-29T14:23:42.881Z</time>
      </trkpt>
      <trkpt lat="-34.164685" lon="18.342154">
        <ele>63.345159</ele>
        <time>2022-12-29T14:23:47.924Z</time>
      </trkpt>
      <trkpt lat="-34.164757" lon="18.342509">
        <ele>62.573095</ele>
        <time>2022-12-29T14:23:52.949Z</time>
      </trkpt>
      <trkpt lat="-34.164866" lon="18.342762">
        <ele>61.900654</ele>
        <time>2022-12-29T14:23:56.884Z</time>
      </trkpt>
      <trkpt lat="-34.166379" lon="18.345048">
        <ele>55.272259</ele>
        <time>2022-12-29T14:24:37.172Z</time>
      </trkpt>
      <trkpt lat="-34.166702" lon="18.345440">
        <ele>54.106178</ele>
        <time>2022-12-29T14:24:45.223Z</time>
      </trkpt>
      <trkpt lat="-34.166971" lon="18.345687">
        <ele>53.245574</ele>
        <time>2022-12-29T14:24:51.024Z</time>
      </trkpt>
      <trkpt lat="-34.167148" lon="18.345810">
        <ele>52.708959</ele>
        <time>2022-12-29T14:24:54.503Z</time>
      </trkpt>
      <trkpt lat="-34.167410" lon="18.345948">
        <ele>51.935958</ele>
        <time>2022-12-29T14:25:01.118Z</time>
      </trkpt>
      <trkpt lat="-34.167662" lon="18.346024">
        <ele>51.233475</ele>
        <time>2022-12-29T14:25:07.039Z</time>
      </trkpt>
      <trkpt lat="-34.169185" lon="18.346232">
        <ele>47.145396</ele>
        <time>2022-12-29T14:25:32.639Z</time>
      </trkpt>
      <trkpt lat="-34.169375" lon="18.346306">
        <ele>46.635277</ele>
        <time>2022-12-29T14:25:35.927Z</time>
      </trkpt>
      <trkpt lat="-34.169596" lon="18.346434">
        <ele>46.009029</ele>
        <time>2022-12-29T14:25:39.938Z</time>
      </trkpt>
      <trkpt lat="-34.169728" lon="18.346542">
        <ele>45.601691</ele>
        <time>2022-12-29T14:25:42.583Z</time>
      </trkpt>
      <trkpt lat="-34.170147" lon="18.347074">
        <ele>44.048740</ele>
        <time>2022-12-29T14:25:53.005Z</time>
      </trkpt>
      <trkpt lat="-34.170282" lon="18.347201">
        <ele>43.611573</ele>
        <time>2022-12-29T14:25:55.965Z</time>
      </trkpt>
      <trkpt lat="-34.170520" lon="18.347261">
        <ele>43.006559</ele>
        <time>2022-12-29T14:26:00.355Z</time>
      </trkpt>
      <trkpt lat="-34.170963" lon="18.347317">
        <ele>41.902536</ele>
        <time>2022-12-29T14:26:08.252Z</time>
      </trkpt>
      <trkpt lat="-34.171224" lon="18.347422">
        <ele>41.220718</ele>
        <time>2022-12-29T14:26:12.879Z</time>
      </trkpt>
      <trkpt lat="-34.171453" lon="18.347577">
        <ele>40.570169</ele>
        <time>2022-12-29T14:26:17.301Z</time>
      </trkpt>
      <trkpt lat="-34.171887" lon="18.347952">
        <ele>39.247831</ele>
        <time>2022-12-29T14:26:26.175Z</time>
      </trkpt>
      <trkpt lat="-34.172202" lon="18.348275">
        <ele>38.172515</ele>
        <time>2022-12-29T14:26:33.016Z</time>
      </trkpt>
      <trkpt lat="-34.172372" lon="18.348467">
        <ele>37.560905</ele>
        <time>2022-12-29T14:26:36.885Z</time>
      </trkpt>
      <trkpt lat="-34.172880" lon="18.349042">
        <ele>35.731406</ele>
        <time>2022-12-29T14:26:48.470Z</time>
      </trkpt>
      <trkpt lat="-34.173008" lon="18.349180">
        <ele>35.280529</ele>
        <time>2022-12-29T14:26:51.357Z</time>
      </trkpt>
      <trkpt lat="-34.173247" lon="18.349438">
        <ele>34.438182</ele>
        <time>2022-12-29T14:26:56.831Z</time>
      </trkpt>
      <trkpt lat="-34.173993" lon="18.350245">
        <ele>32.604628</ele>
        <time>2022-12-29T14:27:14.646Z</time>
      </trkpt>
      <trkpt lat="-34.174566" lon="18.350813">
        <ele>31.269025</ele>
        <time>2022-12-29T14:27:28.635Z</time>
      </trkpt>
      <trkpt lat="-34.175284" lon="18.351684">
        <ele>28.868314</ele>
        <time>2022-12-29T14:27:46.207Z</time>
      </trkpt>
      <trkpt lat="-34.175615" lon="18.351965">
        <ele>27.891363</ele>
        <time>2022-12-29T14:27:52.912Z</time>
      </trkpt>
      <trkpt lat="-34.175715" lon="18.352043">
        <ele>27.603908</ele>
        <time>2022-12-29T14:27:55.542Z</time>
      </trkpt>
      <trkpt lat="-34.175930" lon="18.352230">
        <ele>26.964150</ele>
        <time>2022-12-29T14:28:01.725Z</time>
      </trkpt>
      <trkpt lat="-34.176008" lon="18.352328">
        <ele>26.710579</ele>
        <time>2022-12-29T14:28:04.240Z</time>
      </trkpt>
      <trkpt lat="-34.176723" lon="18.353273">
        <ele>24.845956</ele>
        <time>2022-12-29T14:28:22.210Z</time>
      </trkpt>
      <trkpt lat="-34.176841" lon="18.353440">
        <ele>24.526180</ele>
        <time>2022-12-29T14:28:25.556Z</time>
      </trkpt>
      <trkpt lat="-34.177000" lon="18.353745">
        <ele>24.001274</ele>
        <time>2022-12-29T14:28:31.275Z</time>
      </trkpt>
      <trkpt lat="-34.177349" lon="18.354539">
        <ele>23.621556</ele>
        <time>2022-12-29T14:28:48.340Z</time>
      </trkpt>
      <trkpt lat="-34.178201" lon="18.355841">
        <ele>23.664541</ele>
        <time>2022-12-29T14:29:19.920Z</time>
      </trkpt>
      <trkpt lat="-34.178423" lon="18.356088">
        <ele>23.571872</ele>
        <time>2022-12-29T14:29:26.474Z</time>
      </trkpt>
      <trkpt lat="-34.178901" lon="18.356447">
        <ele>23.399035</ele>
        <time>2022-12-29T14:29:38.435Z</time>
      </trkpt>
      <trkpt lat="-34.179091" lon="18.356640">
        <ele>23.322812</ele>
        <time>2022-12-29T14:29:43.646Z</time>
      </trkpt>
      <trkpt lat="-34.180431" lon="18.358728">
        <ele>22.064084</ele>
        <time>2022-12-29T14:30:27.974Z</time>
      </trkpt>
      <trkpt lat="-34.180568" lon="18.358878">
        <ele>21.938918</ele>
        <time>2022-12-29T14:30:31.556Z</time>
      </trkpt>
      <trkpt lat="-34.180830" lon="18.359071">
        <ele>21.595279</ele>
        <time>2022-12-29T14:30:37.559Z</time>
      </trkpt>
      <trkpt lat="-34.181103" lon="18.359188">
        <ele>21.258704</ele>
        <time>2022-12-29T14:30:43.165Z</time>
      </trkpt>
      <trkpt lat="-34.181334" lon="18.359321">
        <ele>20.961387</ele>
        <time>2022-12-29T14:30:47.972Z</time>
      </trkpt>
      <trkpt lat="-34.181533" lon="18.359482">
        <ele>20.683135</ele>
        <time>2022-12-29T14:30:52.334Z</time>
      </trkpt>
      <trkpt lat="-34.181696" lon="18.359670">
        <ele>20.421343</ele>
        <time>2022-12-29T14:30:56.372Z</time>
      </trkpt>
      <trkpt lat="-34.182286" lon="18.360476">
        <ele>20.017714</ele>
        <time>2022-12-29T14:31:13.169Z</time>
      </trkpt>
      <trkpt lat="-34.182430" lon="18.360724">
        <ele>20.140236</ele>
        <time>2022-12-29T14:31:18.437Z</time>
      </trkpt>
      <trkpt lat="-34.182873" lon="18.361473">
        <ele>20.512560</ele>
        <time>2022-12-29T14:31:37.291Z</time>
      </trkpt>
      <trkpt lat="-34.183019" lon="18.361685">
        <ele>20.624106</ele>
        <time>2022-12-29T14:31:44.147Z</time>
      </trkpt>
      <trkpt lat="-34.183465" lon="18.362287">
        <ele>21.883941</ele>
        <time>2022-12-29T14:32:05.465Z</time>
      </trkpt>
      <trkpt lat="-34.184270" lon="18.363349">
        <ele>24.723358</ele>
        <time>2022-12-29T14:32:45.573Z</time>
      </trkpt>
      <trkpt lat="-34.184391" lon="18.363475">
        <ele>25.014265</ele>
        <time>2022-12-29T14:32:50.553Z</time>
      </trkpt>
      <trkpt lat="-34.185278" lon="18.364110">
        <ele>25.427656</ele>
        <time>2022-12-29T14:33:17.088Z</time>
      </trkpt>
      <trkpt lat="-34.185689" lon="18.364307">
        <ele>25.604954</ele>
        <time>2022-12-29T14:33:25.797Z</time>
      </trkpt>
      <trkpt lat="-34.186560" lon="18.364611">
        <ele>25.668073</ele>
        <time>2022-12-29T14:33:43.378Z</time>
      </trkpt>
      <trkpt lat="-34.187084" lon="18.364853">
        <ele>25.623885</ele>
        <time>2022-12-29T14:33:55.494Z</time>
      </trkpt>
      <trkpt lat="-34.187274" lon="18.365022">
        <ele>25.605303</ele>
        <time>2022-12-29T14:34:01.295Z</time>
      </trkpt>
      <trkpt lat="-34.188023" lon="18.365872">
        <ele>25.711469</ele>
        <time>2022-12-29T14:34:27.859Z</time>
      </trkpt>
      <trkpt lat="-34.188343" lon="18.366149">
        <ele>25.793459</ele>
        <time>2022-12-29T14:34:38.004Z</time>
      </trkpt>
      <trkpt lat="-34.189119" lon="18.366515">
        <ele>25.776984</ele>
        <time>2022-12-29T14:34:56.291Z</time>
      </trkpt>
      <trkpt lat="-34.191636" lon="18.367979">
        <ele>20.324216</ele>
        <time>2022-12-29T14:35:43.621Z</time>
      </trkpt>
      <trkpt lat="-34.192099" lon="18.368302">
        <ele>19.475151</ele>
        <time>2022-12-29T14:35:54.014Z</time>
      </trkpt>
      <trkpt lat="-34.193309" lon="18.369540">
        <ele>20.080223</ele>
        <time>2022-12-29T14:36:33.342Z</time>
      </trkpt>
      <trkpt lat="-34.194180" lon="18.370626">
        <ele>20.906992</ele>
        <time>2022-12-29T14:37:06.417Z</time>
      </trkpt>
      <trkpt lat="-34.194375" lon="18.370938">
        <ele>21.122381</ele>
        <time>2022-12-29T14:37:14.361Z</time>
      </trkpt>
      <trkpt lat="-34.195020" lon="18.372190">
        <ele>21.601315</ele>
        <time>2022-12-29T14:37:42.813Z</time>
      </trkpt>
      <trkpt lat="-34.195208" lon="18.372436">
        <ele>21.629884</ele>
        <time>2022-12-29T14:37:49.003Z</time>
      </trkpt>
      <trkpt lat="-34.195701" lon="18.372913">
        <ele>21.695003</ele>
        <time>2022-12-29T14:38:03.086Z</time>
      </trkpt>
      <trkpt lat="-34.196103" lon="18.373577">
        <ele>21.872827</ele>
        <time>2022-12-29T14:38:18.386Z</time>
      </trkpt>
      <trkpt lat="-34.196163" lon="18.373686">
        <ele>21.914430</ele>
        <time>2022-12-29T14:38:20.838Z</time>
      </trkpt>
      <trkpt lat="-34.196406" lon="18.374126">
        <ele>22.082542</ele>
        <time>2022-12-29T14:38:30.918Z</time>
      </trkpt>
      <trkpt lat="-34.196599" lon="18.374427">
        <ele>22.203557</ele>
        <time>2022-12-29T14:38:38.274Z</time>
      </trkpt>
      <trkpt lat="-34.196729" lon="18.374581">
        <ele>22.273476</ele>
        <time>2022-12-29T14:38:42.581Z</time>
      </trkpt>
      <trkpt lat="-34.197171" lon="18.374931">
        <ele>22.652146</ele>
        <time>2022-12-29T14:38:56.044Z</time>
      </trkpt>
      <trkpt lat="-34.197341" lon="18.375063">
        <ele>22.957866</ele>
        <time>2022-12-29T14:39:01.603Z</time>
      </trkpt>
      <trkpt lat="-34.197919" lon="18.375496">
        <ele>23.986759</ele>
        <time>2022-12-29T14:39:20.666Z</time>
      </trkpt>
      <trkpt lat="-34.198121" lon="18.375698">
        <ele>24.383423</ele>
        <time>2022-12-29T14:39:28.384Z</time>
      </trkpt>
      <trkpt lat="-34.198187" lon="18.375793">
        <ele>24.538697</ele>
        <time>2022-12-29T14:39:31.614Z</time>
      </trkpt>
      <trkpt lat="-34.198361" lon="18.376116">
        <ele>25.021126</ele>
        <time>2022-12-29T14:39:41.404Z</time>
      </trkpt>
      <trkpt lat="-34.198559" lon="18.376446">
        <ele>25.523033</ele>
        <time>2022-12-29T14:39:51.417Z</time>
      </trkpt>
      <trkpt lat="-34.198743" lon="18.376664">
        <ele>25.904592</ele>
        <time>2022-12-29T14:39:58.751Z</time>
      </trkpt>
      <trkpt lat="-34.199357" lon="18.377277">
        <ele>27.083960</ele>
        <time>2022-12-29T14:40:20.900Z</time>
      </trkpt>
      <trkpt lat="-34.199920" lon="18.377887">
        <ele>28.162772</ele>
        <time>2022-12-29T14:40:41.127Z</time>
      </trkpt>
      <trkpt lat="-34.200143" lon="18.378180">
        <ele>28.600853</ele>
        <time>2022-12-29T14:40:50.587Z</time>
      </trkpt>
      <trkpt lat="-34.200341" lon="18.378525">
        <ele>29.062858</ele>
        <time>2022-12-29T14:41:00.322Z</time>
      </trkpt>
      <trkpt lat="-34.200543" lon="18.378934">
        <ele>29.586967</ele>
        <time>2022-12-29T14:41:10.987Z</time>
      </trkpt>
      <trkpt lat="-34.200798" lon="18.379891">
        <ele>30.634272</ele>
        <time>2022-12-29T14:41:34.107Z</time>
      </trkpt>
      <trkpt lat="-34.200947" lon="18.380380">
        <ele>31.139856</ele>
        <time>2022-12-29T14:41:45.632Z</time>
      </trkpt>
      <trkpt lat="-34.201216" lon="18.380910">
        <ele>31.743144</ele>
        <time>2022-12-29T14:41:59.428Z</time>
      </trkpt>
      <trkpt lat="-34.201328" lon="18.381128">
        <ele>31.992123</ele>
        <time>2022-12-29T14:42:04.937Z</time>
      </trkpt>
      <trkpt lat="-34.201656" lon="18.381762">
        <ele>32.773886</ele>
        <time>2022-12-29T14:42:21.397Z</time>
      </trkpt>
      <trkpt lat="-34.201766" lon="18.382038">
        <ele>33.111620</ele>
        <time>2022-12-29T14:42:28.290Z</time>
      </trkpt>
      <trkpt lat="-34.201788" lon="18.382226">
        <ele>33.320927</ele>
        <time>2022-12-29T14:42:32.174Z</time>
      </trkpt>
      <trkpt lat="-34.201739" lon="18.382587">
        <ele>33.724202</ele>
        <time>2022-12-29T14:42:40.370Z</time>
      </trkpt>
      <trkpt lat="-34.201747" lon="18.382837">
        <ele>33.999997</ele>
        <time>2022-12-29T14:42:46.028Z</time>
      </trkpt>
      <trkpt lat="-34.201918" lon="18.383318">
        <ele>34.577140</ele>
        <time>2022-12-29T14:42:58.454Z</time>
      </trkpt>
      <trkpt lat="-34.202309" lon="18.384285">
        <ele>36.109763</ele>
        <time>2022-12-29T14:43:25.769Z</time>
      </trkpt>
      <trkpt lat="-34.202423" lon="18.384842">
        <ele>36.948497</ele>
        <time>2022-12-29T14:43:39.740Z</time>
      </trkpt>
      <trkpt lat="-34.202502" lon="18.385090">
        <ele>37.336960</ele>
        <time>2022-12-29T14:43:45.925Z</time>
      </trkpt>
      <trkpt lat="-34.203142" lon="18.386684">
        <ele>39.689984</ele>
        <time>2022-12-29T14:44:26.549Z</time>
      </trkpt>
      <trkpt lat="-34.203247" lon="18.386993">
        <ele>40.121727</ele>
        <time>2022-12-29T14:44:34.419Z</time>
      </trkpt>
      <trkpt lat="-34.203401" lon="18.387884">
        <ele>41.836253</ele>
        <time>2022-12-29T14:44:56.698Z</time>
      </trkpt>
      <trkpt lat="-34.203704" lon="18.388972">
        <ele>44.636400</ele>
        <time>2022-12-29T14:45:28.920Z</time>
      </trkpt>
      <trkpt lat="-34.203716" lon="18.389130">
        <ele>45.023398</ele>
        <time>2022-12-29T14:45:33.696Z</time>
      </trkpt>
      <trkpt lat="-34.203697" lon="18.389613">
        <ele>46.289868</ele>
        <time>2022-12-29T14:45:49.138Z</time>
      </trkpt>
      <trkpt lat="-34.203724" lon="18.389756">
        <ele>46.798327</ele>
        <time>2022-12-29T14:45:54.048Z</time>
      </trkpt>
      <trkpt lat="-34.203779" lon="18.389925">
        <ele>47.427885</ele>
        <time>2022-12-29T14:45:59.828Z</time>
      </trkpt>
      <trkpt lat="-34.204445" lon="18.391362">
        <ele>53.138017</ele>
        <time>2022-12-29T14:46:53.225Z</time>
      </trkpt>
      <trkpt lat="-34.204605" lon="18.391794">
        <ele>54.992705</ele>
        <time>2022-12-29T14:47:08.818Z</time>
      </trkpt>
      <trkpt lat="-34.204657" lon="18.392120">
        <ele>56.341482</ele>
        <time>2022-12-29T14:47:19.744Z</time>
      </trkpt>
      <trkpt lat="-34.204609" lon="18.393047">
        <ele>60.114778</ele>
        <time>2022-12-29T14:47:50.720Z</time>
      </trkpt>
      <trkpt lat="-34.204628" lon="18.393438">
        <ele>61.705949</ele>
        <time>2022-12-29T14:48:04.730Z</time>
      </trkpt>
      <trkpt lat="-34.204679" lon="18.393705">
        <ele>63.009400</ele>
        <time>2022-12-29T14:48:15.280Z</time>
      </trkpt>
      <trkpt lat="-34.204981" lon="18.394283">
        <ele>66.963227</ele>
        <time>2022-12-29T14:48:43.648Z</time>
      </trkpt>
      <trkpt lat="-34.205043" lon="18.394466">
        <ele>68.106892</ele>
        <time>2022-12-29T14:48:52.519Z</time>
      </trkpt>
      <trkpt lat="-34.205285" lon="18.396269">
        <ele>77.629900</ele>
        <time>2022-12-29T14:50:10.536Z</time>
      </trkpt>
      <trkpt lat="-34.205288" lon="18.396491">
        <ele>78.555119</ele>
        <time>2022-12-29T14:50:19.342Z</time>
      </trkpt>
      <trkpt lat="-34.205254" lon="18.396732">
        <ele>79.573897</ele>
        <time>2022-12-29T14:50:28.181Z</time>
      </trkpt>
      <trkpt lat="-34.205045" lon="18.397893">
        <ele>84.129922</ele>
        <time>2022-12-29T14:51:04.824Z</time>
      </trkpt>
      <trkpt lat="-34.204989" lon="18.398432">
        <ele>84.656950</ele>
        <time>2022-12-29T14:51:17.015Z</time>
      </trkpt>
      <trkpt lat="-34.205006" lon="18.398754">
        <ele>84.969979</ele>
        <time>2022-12-29T14:51:23.067Z</time>
      </trkpt>
      <trkpt lat="-34.205079" lon="18.398954">
        <ele>85.182068</ele>
        <time>2022-12-29T14:51:27.390Z</time>
      </trkpt>
      <trkpt lat="-34.205309" lon="18.399277">
        <ele>85.595579</ele>
        <time>2022-12-29T14:51:35.953Z</time>
      </trkpt>
      <trkpt lat="-34.205444" lon="18.399458">
        <ele>85.832041</ele>
        <time>2022-12-29T14:51:40.810Z</time>
      </trkpt>
      <trkpt lat="-34.206033" lon="18.400264">
        <ele>87.399980</ele>
        <time>2022-12-29T14:52:04.313Z</time>
      </trkpt>
      <trkpt lat="-34.206351" lon="18.400729">
        <ele>88.391663</ele>
        <time>2022-12-29T14:52:18.871Z</time>
      </trkpt>
      <trkpt lat="-34.206443" lon="18.400957">
        <ele>88.808611</ele>
        <time>2022-12-29T14:52:24.927Z</time>
      </trkpt>
      <trkpt lat="-34.206469" lon="18.401259">
        <ele>89.307637</ele>
        <time>2022-12-29T14:52:33.023Z</time>
      </trkpt>
      <trkpt lat="-34.206400" lon="18.401562">
        <ele>90.005434</ele>
        <time>2022-12-29T14:52:42.526Z</time>
      </trkpt>
      <trkpt lat="-34.206076" lon="18.402816">
        <ele>95.179505</ele>
        <time>2022-12-29T14:53:27.684Z</time>
      </trkpt>
      <trkpt lat="-34.205992" lon="18.403138">
        <ele>96.509243</ele>
        <time>2022-12-29T14:53:40.756Z</time>
      </trkpt>
      <trkpt lat="-34.205536" lon="18.404870">
        <ele>103.247540</ele>
        <time>2022-12-29T14:54:45.417Z</time>
      </trkpt>
      <trkpt lat="-34.205400" lon="18.405424">
        <ele>105.346637</ele>
        <time>2022-12-29T14:55:03.103Z</time>
      </trkpt>
      <trkpt lat="-34.205397" lon="18.405692">
        <ele>106.170395</ele>
        <time>2022-12-29T14:55:10.690Z</time>
      </trkpt>
      <trkpt lat="-34.205471" lon="18.405926">
        <ele>106.232973</ele>
        <time>2022-12-29T14:55:17.059Z</time>
      </trkpt>
      <trkpt lat="-34.205556" lon="18.406044">
        <ele>106.272062</ele>
        <time>2022-12-29T14:55:21.037Z</time>
      </trkpt>
      <trkpt lat="-34.205716" lon="18.406185">
        <ele>106.331860</ele>
        <time>2022-12-29T14:55:26.414Z</time>
      </trkpt>
      <trkpt lat="-34.205895" lon="18.406253">
        <ele>106.388530</ele>
        <time>2022-12-29T14:55:31.375Z</time>
      </trkpt>
      <trkpt lat="-34.206940" lon="18.406321">
        <ele>106.686472</ele>
        <time>2022-12-29T14:55:52.114Z</time>
      </trkpt>
      <trkpt lat="-34.207569" lon="18.406415">
        <ele>105.165008</ele>
        <time>2022-12-29T14:56:03.184Z</time>
      </trkpt>
      <trkpt lat="-34.208549" lon="18.406668">
        <ele>102.759402</ele>
        <time>2022-12-29T14:56:19.749Z</time>
      </trkpt>
      <trkpt lat="-34.209673" lon="18.407008">
        <ele>100.361479</ele>
        <time>2022-12-29T14:56:39.336Z</time>
      </trkpt>
      <trkpt lat="-34.209945" lon="18.407053">
        <ele>99.807446</ele>
        <time>2022-12-29T14:56:44.214Z</time>
      </trkpt>
      <trkpt lat="-34.210456" lon="18.407083">
        <ele>98.774988</ele>
        <time>2022-12-29T14:56:53.820Z</time>
      </trkpt>
      <trkpt lat="-34.211695" lon="18.406916">
        <ele>97.849924</ele>
        <time>2022-12-29T14:57:18.672Z</time>
      </trkpt>
      <trkpt lat="-34.212343" lon="18.406888">
        <ele>97.394514</ele>
        <time>2022-12-29T14:57:32.073Z</time>
      </trkpt>
      <trkpt lat="-34.215056" lon="18.407152">
        <ele>95.504429</ele>
        <time>2022-12-29T14:58:27.742Z</time>
      </trkpt>
      <trkpt lat="-34.217327" lon="18.407233">
        <ele>91.928025</ele>
        <time>2022-12-29T14:59:09.078Z</time>
      </trkpt>
      <trkpt lat="-34.217990" lon="18.407266">
        <ele>90.497917</ele>
        <time>2022-12-29T14:59:20.142Z</time>
      </trkpt>
      <trkpt lat="-34.218741" lon="18.407372">
        <ele>88.677394</ele>
        <time>2022-12-29T14:59:32.756Z</time>
      </trkpt>
      <trkpt lat="-34.219482" lon="18.407539">
        <ele>86.938094</ele>
        <time>2022-12-29T14:59:45.653Z</time>
      </trkpt>
      <trkpt lat="-34.221047" lon="18.407895">
        <ele>85.140039</ele>
        <time>2022-12-29T15:00:16.244Z</time>
      </trkpt>
      <trkpt lat="-34.226781" lon="18.409176">
        <ele>82.059207</ele>
        <time>2022-12-29T15:02:19.481Z</time>
      </trkpt>
      <trkpt lat="-34.227222" lon="18.409307">
        <ele>80.671731</ele>
        <time>2022-12-29T15:02:27.098Z</time>
      </trkpt>
      <trkpt lat="-34.227576" lon="18.409467">
        <ele>79.517063</ele>
        <time>2022-12-29T15:02:33.097Z</time>
      </trkpt>
      <trkpt lat="-34.229115" lon="18.410384">
        <ele>73.720805</ele>
        <time>2022-12-29T15:02:59.464Z</time>
      </trkpt>
      <trkpt lat="-34.229377" lon="18.410574">
        <ele>72.624118</ele>
        <time>2022-12-29T15:03:04.341Z</time>
      </trkpt>
      <trkpt lat="-34.229556" lon="18.410739">
        <ele>71.816160</ele>
        <time>2022-12-29T15:03:08.068Z</time>
      </trkpt>
      <trkpt lat="-34.229722" lon="18.410946">
        <ele>70.981042</ele>
        <time>2022-12-29T15:03:12.106Z</time>
      </trkpt>
      <trkpt lat="-34.230787" lon="18.412832">
        <ele>69.601744</ele>
        <time>2022-12-29T15:03:51.255Z</time>
      </trkpt>
      <trkpt lat="-34.231560" lon="18.414163">
        <ele>68.927499</ele>
        <time>2022-12-29T15:04:19.360Z</time>
      </trkpt>
      <trkpt lat="-34.231944" lon="18.414731">
        <ele>68.512108</ele>
        <time>2022-12-29T15:04:31.294Z</time>
      </trkpt>
      <trkpt lat="-34.232353" lon="18.415265">
        <ele>67.942286</ele>
        <time>2022-12-29T15:04:43.002Z</time>
      </trkpt>
      <trkpt lat="-34.232790" lon="18.415750">
        <ele>67.380739</ele>
        <time>2022-12-29T15:04:54.508Z</time>
      </trkpt>
      <trkpt lat="-34.233283" lon="18.416244">
        <ele>66.704235</ele>
        <time>2022-12-29T15:05:06.826Z</time>
      </trkpt>
      <trkpt lat="-34.233823" lon="18.416702">
        <ele>65.917671</ele>
        <time>2022-12-29T15:05:19.373Z</time>
      </trkpt>
      <trkpt lat="-34.234336" lon="18.417003">
        <ele>65.237675</ele>
        <time>2022-12-29T15:05:30.113Z</time>
      </trkpt>
      <trkpt lat="-34.235621" lon="18.417861">
        <ele>63.355866</ele>
        <time>2022-12-29T15:05:57.250Z</time>
      </trkpt>
      <trkpt lat="-34.236015" lon="18.418167">
        <ele>62.745573</ele>
        <time>2022-12-29T15:06:06.048Z</time>
      </trkpt>
      <trkpt lat="-34.236329" lon="18.418524">
        <ele>62.321859</ele>
        <time>2022-12-29T15:06:14.194Z</time>
      </trkpt>
      <trkpt lat="-34.236476" lon="18.418584">
        <ele>62.194598</ele>
        <time>2022-12-29T15:06:17.173Z</time>
      </trkpt>
      <trkpt lat="-34.236878" lon="18.418950">
        <ele>61.781876</ele>
        <time>2022-12-29T15:06:26.863Z</time>
      </trkpt>
      <trkpt lat="-34.239110" lon="18.421475">
        <ele>60.991463</ele>
        <time>2022-12-29T15:07:29.776Z</time>
      </trkpt>
      <trkpt lat="-34.239646" lon="18.422053">
        <ele>62.142889</ele>
        <time>2022-12-29T15:07:50.598Z</time>
      </trkpt>
      <trkpt lat="-34.240213" lon="18.422550">
        <ele>63.302897</ele>
        <time>2022-12-29T15:08:13.732Z</time>
      </trkpt>
      <trkpt lat="-34.241105" lon="18.423498">
        <ele>67.194350</ele>
        <time>2022-12-29T15:08:56.829Z</time>
      </trkpt>
      <trkpt lat="-34.241667" lon="18.424151">
        <ele>69.728961</ele>
        <time>2022-12-29T15:09:23.927Z</time>
      </trkpt>
      <trkpt lat="-34.242034" lon="18.424796">
        <ele>71.784644</ele>
        <time>2022-12-29T15:09:46.579Z</time>
      </trkpt>
      <trkpt lat="-34.242245" lon="18.425257">
        <ele>73.168042</ele>
        <time>2022-12-29T15:10:01.987Z</time>
      </trkpt>
      <trkpt lat="-34.242924" lon="18.426517">
        <ele>76.520348</ele>
        <time>2022-12-29T15:10:45.119Z</time>
      </trkpt>
      <trkpt lat="-34.246004" lon="18.432215">
        <ele>89.428476</ele>
        <time>2022-12-29T15:13:40.459Z</time>
      </trkpt>
      <trkpt lat="-34.246669" lon="18.433256">
        <ele>91.916750</ele>
        <time>2022-12-29T15:14:12.367Z</time>
      </trkpt>
      <trkpt lat="-34.246961" lon="18.433714">
        <ele>93.431656</ele>
        <time>2022-12-29T15:14:27.220Z</time>
      </trkpt>
      <trkpt lat="-34.249501" lon="18.437348">
        <ele>105.543486</ele>
        <time>2022-12-29T15:16:49.171Z</time>
      </trkpt>
      <trkpt lat="-34.250498" lon="18.438904">
        <ele>108.950194</ele>
        <time>2022-12-29T15:17:38.121Z</time>
      </trkpt>
      <trkpt lat="-34.250999" lon="18.439787">
        <ele>110.249462</ele>
        <time>2022-12-29T15:18:01.011Z</time>
      </trkpt>
      <trkpt lat="-34.251635" lon="18.440995">
        <ele>112.148975</ele>
        <time>2022-12-29T15:18:33.083Z</time>
      </trkpt>
      <trkpt lat="-34.253025" lon="18.444058">
        <ele>119.064090</ele>
        <time>2022-12-29T15:20:05.236Z</time>
      </trkpt>
      <trkpt lat="-34.255283" lon="18.449063">
        <ele>134.744904</ele>
        <time>2022-12-29T15:22:55.605Z</time>
      </trkpt>
      <trkpt lat="-34.256170" lon="18.451013">
        <ele>139.563870</ele>
        <time>2022-12-29T15:23:56.326Z</time>
      </trkpt>
      <trkpt lat="-34.256448" lon="18.451678">
        <ele>140.678624</ele>
        <time>2022-12-29T15:24:13.952Z</time>
      </trkpt>
      <trkpt lat="-34.256620" lon="18.452170">
        <ele>141.329687</ele>
        <time>2022-12-29T15:24:26.251Z</time>
      </trkpt>
      <trkpt lat="-34.256813" lon="18.452872">
        <ele>142.231346</ele>
        <time>2022-12-29T15:24:42.531Z</time>
      </trkpt>
      <trkpt lat="-34.257555" lon="18.456106">
        <ele>145.459871</ele>
        <time>2022-12-29T15:26:00.451Z</time>
      </trkpt>
      <trkpt lat="-34.258103" lon="18.458458">
        <ele>143.316583</ele>
        <time>2022-12-29T15:26:42.197Z</time>
      </trkpt>
      <trkpt lat="-34.258287" lon="18.458924">
        <ele>142.130653</ele>
        <time>2022-12-29T15:26:49.036Z</time>
      </trkpt>
      <trkpt lat="-34.258579" lon="18.459359">
        <ele>140.843808</ele>
        <time>2022-12-29T15:26:56.083Z</time>
      </trkpt>
      <trkpt lat="-34.258683" lon="18.459553">
        <ele>139.556584</ele>
        <time>2022-12-29T15:26:58.831Z</time>
      </trkpt>
      <trkpt lat="-34.259127" lon="18.460405">
        <ele>133.069776</ele>
        <time>2022-12-29T15:27:10.607Z</time>
      </trkpt>
      <trkpt lat="-34.259957" lon="18.461796">
        <ele>120.828693</ele>
        <time>2022-12-29T15:27:30.186Z</time>
      </trkpt>
      <trkpt lat="-34.260475" lon="18.462582">
        <ele>112.710936</ele>
        <time>2022-12-29T15:27:41.450Z</time>
      </trkpt>
      <trkpt lat="-34.261233" lon="18.464202">
        <ele>96.938824</ele>
        <time>2022-12-29T15:28:02.351Z</time>
      </trkpt>
      <trkpt lat="-34.261538" lon="18.464572">
        <ele>92.446764</ele>
        <time>2022-12-29T15:28:08.212Z</time>
      </trkpt>
      <trkpt lat="-34.261873" lon="18.465094">
        <ele>86.851221</ele>
        <time>2022-12-29T15:28:15.478Z</time>
      </trkpt>
      <trkpt lat="-34.261938" lon="18.465233">
        <ele>85.510357</ele>
        <time>2022-12-29T15:28:17.288Z</time>
      </trkpt>
      <trkpt lat="-34.262028" lon="18.465487">
        <ele>83.190113</ele>
        <time>2022-12-29T15:28:20.308Z</time>
      </trkpt>
      <trkpt lat="-34.262171" lon="18.466286">
        <ele>76.326430</ele>
        <time>2022-12-29T15:28:29.497Z</time>
      </trkpt>
      <trkpt lat="-34.262153" lon="18.466407">
        <ele>75.294221</ele>
        <time>2022-12-29T15:28:30.905Z</time>
      </trkpt>
      <trkpt lat="-34.262116" lon="18.466493">
        <ele>74.480214</ele>
        <time>2022-12-29T15:28:32.065Z</time>
      </trkpt>
      <trkpt lat="-34.262008" lon="18.466640">
        <ele>72.828893</ele>
        <time>2022-12-29T15:28:34.228Z</time>
      </trkpt>
      <trkpt lat="-34.261742" lon="18.466971">
        <ele>70.028443</ele>
        <time>2022-12-29T15:28:39.595Z</time>
      </trkpt>
      <trkpt lat="-34.261431" lon="18.467453">
        <ele>66.614054</ele>
        <time>2022-12-29T15:28:46.836Z</time>
      </trkpt>
      <trkpt lat="-34.261267" lon="18.467645">
        <ele>65.072309</ele>
        <time>2022-12-29T15:28:50.041Z</time>
      </trkpt>
      <trkpt lat="-34.260680" lon="18.468141">
        <ele>60.235180</ele>
        <time>2022-12-29T15:29:00.770Z</time>
      </trkpt>
      <trkpt lat="-34.260388" lon="18.468340">
        <ele>58.364426</ele>
        <time>2022-12-29T15:29:05.880Z</time>
      </trkpt>
      <trkpt lat="-34.260255" lon="18.468473">
        <ele>57.423332</ele>
        <time>2022-12-29T15:29:08.452Z</time>
      </trkpt>
      <trkpt lat="-34.260105" lon="18.468701">
        <ele>56.109685</ele>
        <time>2022-12-29T15:29:12.011Z</time>
      </trkpt>
      <trkpt lat="-34.259314" lon="18.470114">
        <ele>48.934142</ele>
        <time>2022-12-29T15:29:32.905Z</time>
      </trkpt>
      <trkpt lat="-34.259023" lon="18.470831">
        <ele>46.376859</ele>
        <time>2022-12-29T15:29:42.950Z</time>
      </trkpt>
      <trkpt lat="-34.258924" lon="18.470993">
        <ele>45.731844</ele>
        <time>2022-12-29T15:29:45.609Z</time>
      </trkpt>
      <trkpt lat="-34.258417" lon="18.471626">
        <ele>43.152459</ele>
        <time>2022-12-29T15:29:57.983Z</time>
      </trkpt>
      <trkpt lat="-34.258004" lon="18.472346">
        <ele>42.437274</ele>
        <time>2022-12-29T15:30:12.206Z</time>
      </trkpt>
      <trkpt lat="-34.257750" lon="18.472563">
        <ele>42.130273</ele>
        <time>2022-12-29T15:30:18.732Z</time>
      </trkpt>
      <trkpt lat="-34.256900" lon="18.473077">
        <ele>41.097871</ele>
        <time>2022-12-29T15:30:38.022Z</time>
      </trkpt>
      <trkpt lat="-34.256661" lon="18.473253">
        <ele>40.724375</ele>
        <time>2022-12-29T15:30:43.205Z</time>
      </trkpt>
      <trkpt lat="-34.256585" lon="18.473336">
        <ele>40.587703</ele>
        <time>2022-12-29T15:30:44.995Z</time>
      </trkpt>
      <trkpt lat="-34.256417" lon="18.473621">
        <ele>40.201470</ele>
        <time>2022-12-29T15:30:50.081Z</time>
      </trkpt>
      <trkpt lat="-34.256223" lon="18.474232">
        <ele>39.479295</ele>
        <time>2022-12-29T15:30:59.517Z</time>
      </trkpt>
      <trkpt lat="-34.256094" lon="18.474455">
        <ele>39.178973</ele>
        <time>2022-12-29T15:31:03.965Z</time>
      </trkpt>
      <trkpt lat="-34.255945" lon="18.474625">
        <ele>39.058881</ele>
        <time>2022-12-29T15:31:08.165Z</time>
      </trkpt>
      <trkpt lat="-34.255765" lon="18.474766">
        <ele>39.059490</ele>
        <time>2022-12-29T15:31:12.611Z</time>
      </trkpt>
      <trkpt lat="-34.255439" lon="18.474945">
        <ele>39.060506</ele>
        <time>2022-12-29T15:31:20.180Z</time>
      </trkpt>
      <trkpt lat="-34.255051" lon="18.475107">
        <ele>39.061671</ele>
        <time>2022-12-29T15:31:29.041Z</time>
      </trkpt>
      <trkpt lat="-34.254778" lon="18.475170">
        <ele>39.062459</ele>
        <time>2022-12-29T15:31:35.669Z</time>
      </trkpt>
      <trkpt lat="-34.254296" lon="18.475186">
        <ele>39.095104</ele>
        <time>2022-12-29T15:31:47.844Z</time>
      </trkpt>
      <trkpt lat="-34.253488" lon="18.475014">
        <ele>39.532734</ele>
        <time>2022-12-29T15:32:10.119Z</time>
      </trkpt>
      <trkpt lat="-34.253192" lon="18.475014">
        <ele>39.690628</ele>
        <time>2022-12-29T15:32:17.300Z</time>
      </trkpt>
      <trkpt lat="-34.252926" lon="18.475086">
        <ele>39.836027</ele>
        <time>2022-12-29T15:32:22.987Z</time>
      </trkpt>
      <trkpt lat="-34.252499" lon="18.475310">
        <ele>40.124418</ele>
        <time>2022-12-29T15:32:32.701Z</time>
      </trkpt>
      <trkpt lat="-34.252357" lon="18.475361">
        <ele>40.255250</ele>
        <time>2022-12-29T15:32:36.190Z</time>
      </trkpt>
      <trkpt lat="-34.252142" lon="18.475386">
        <ele>40.446026</ele>
        <time>2022-12-29T15:32:40.967Z</time>
      </trkpt>
      <trkpt lat="-34.251941" lon="18.475355">
        <ele>40.624997</ele>
        <time>2022-12-29T15:32:45.833Z</time>
      </trkpt>
      <trkpt lat="-34.251432" lon="18.475156">
        <ele>41.097467</ele>
        <time>2022-12-29T15:32:59.127Z</time>
      </trkpt>
      <trkpt lat="-34.250988" lon="18.475092">
        <ele>41.492406</ele>
        <time>2022-12-29T15:33:11.970Z</time>
      </trkpt>
      <trkpt lat="-34.249267" lon="18.475044">
        <ele>45.211632</ele>
        <time>2022-12-29T15:34:07.652Z</time>
      </trkpt>
      <trkpt lat="-34.248637" lon="18.475217">
        <ele>46.117190</ele>
        <time>2022-12-29T15:34:26.759Z</time>
      </trkpt>
      <trkpt lat="-34.248318" lon="18.475225">
        <ele>46.428920</ele>
        <time>2022-12-29T15:34:35.980Z</time>
      </trkpt>
      <trkpt lat="-34.248085" lon="18.475155">
        <ele>46.663475</ele>
        <time>2022-12-29T15:34:42.700Z</time>
      </trkpt>
      <trkpt lat="-34.247579" lon="18.474853">
        <ele>47.214727</ele>
        <time>2022-12-29T15:34:56.344Z</time>
      </trkpt>
      <trkpt lat="-34.247306" lon="18.474718">
        <ele>47.353537</ele>
        <time>2022-12-29T15:35:02.430Z</time>
      </trkpt>
      <trkpt lat="-34.247171" lon="18.474681">
        <ele>47.101394</ele>
        <time>2022-12-29T15:35:05.413Z</time>
      </trkpt>
      <trkpt lat="-34.246446" lon="18.474604">
        <ele>45.775682</ele>
        <time>2022-12-29T15:35:19.066Z</time>
      </trkpt>
      <trkpt lat="-34.246112" lon="18.474520">
        <ele>45.154272</ele>
        <time>2022-12-29T15:35:25.023Z</time>
      </trkpt>
      <trkpt lat="-34.244918" lon="18.473894">
        <ele>41.404923</ele>
        <time>2022-12-29T15:35:46.145Z</time>
      </trkpt>
      <trkpt lat="-34.244666" lon="18.473801">
        <ele>40.449095</ele>
        <time>2022-12-29T15:35:50.289Z</time>
      </trkpt>
      <trkpt lat="-34.244336" lon="18.473773">
        <ele>39.248945</ele>
        <time>2022-12-29T15:35:55.495Z</time>
      </trkpt>
      <trkpt lat="-34.243530" lon="18.473823">
        <ele>35.682138</ele>
        <time>2022-12-29T15:36:08.239Z</time>
      </trkpt>
      <trkpt lat="-34.242841" lon="18.473738">
        <ele>31.960862</ele>
        <time>2022-12-29T15:36:18.848Z</time>
      </trkpt>
      <trkpt lat="-34.242573" lon="18.473777">
        <ele>30.510486</ele>
        <time>2022-12-29T15:36:22.799Z</time>
      </trkpt>
      <trkpt lat="-34.242168" lon="18.473894">
        <ele>28.273182</ele>
        <time>2022-12-29T15:36:28.769Z</time>
      </trkpt>
      <trkpt lat="-34.241721" lon="18.474143">
        <ele>25.120755</ele>
        <time>2022-12-29T15:36:35.721Z</time>
      </trkpt>
      <trkpt lat="-34.240493" lon="18.474929">
        <ele>16.177249</ele>
        <time>2022-12-29T15:36:55.725Z</time>
      </trkpt>
      <trkpt lat="-34.240185" lon="18.475168">
        <ele>15.444356</ele>
        <time>2022-12-29T15:37:01.386Z</time>
      </trkpt>
      <trkpt lat="-34.239787" lon="18.475586">
        <ele>14.388693</ele>
        <time>2022-12-29T15:37:10.387Z</time>
      </trkpt>
      <trkpt lat="-34.239481" lon="18.475803">
        <ele>13.678265</ele>
        <time>2022-12-29T15:37:17.401Z</time>
      </trkpt>
      <trkpt lat="-34.239262" lon="18.475823">
        <ele>13.238392</ele>
        <time>2022-12-29T15:37:22.192Z</time>
      </trkpt>
      <trkpt lat="-34.238929" lon="18.475724">
        <ele>12.629186</ele>
        <time>2022-12-29T15:37:31.443Z</time>
      </trkpt>
      <trkpt lat="-34.238223" lon="18.475297">
        <ele>12.552663</ele>
        <time>2022-12-29T15:37:51.020Z</time>
      </trkpt>
      <trkpt lat="-34.237921" lon="18.475157">
        <ele>12.521309</ele>
        <time>2022-12-29T15:37:58.133Z</time>
      </trkpt>
      <trkpt lat="-34.237656" lon="18.475080">
        <ele>12.494888</ele>
        <time>2022-12-29T15:38:04.245Z</time>
      </trkpt>
      <trkpt lat="-34.237407" lon="18.475068">
        <ele>12.470729</ele>
        <time>2022-12-29T15:38:08.996Z</time>
      </trkpt>
      <trkpt lat="-34.237010" lon="18.475048">
        <ele>12.076906</ele>
        <time>2022-12-29T15:38:16.291Z</time>
      </trkpt>
      <trkpt lat="-34.236814" lon="18.474981">
        <ele>11.792951</ele>
        <time>2022-12-29T15:38:19.752Z</time>
      </trkpt>
      <trkpt lat="-34.235999" lon="18.474684">
        <ele>10.606276</ele>
        <time>2022-12-29T15:38:34.727Z</time>
      </trkpt>
      <trkpt lat="-34.235518" lon="18.474664">
        <ele>9.983641</ele>
        <time>2022-12-29T15:38:43.456Z</time>
      </trkpt>
      <trkpt lat="-34.235180" lon="18.474585">
        <ele>10.963550</ele>
        <time>2022-12-29T15:38:52.082Z</time>
      </trkpt>
      <trkpt lat="-34.234769" lon="18.474378">
        <ele>12.230821</ele>
        <time>2022-12-29T15:39:05.630Z</time>
      </trkpt>
      <trkpt lat="-34.234120" lon="18.473940">
        <ele>14.346292</ele>
        <time>2022-12-29T15:39:33.501Z</time>
      </trkpt>
      <trkpt lat="-34.233876" lon="18.473812">
        <ele>15.141996</ele>
        <time>2022-12-29T15:39:45.282Z</time>
      </trkpt>
      <trkpt lat="-34.232165" lon="18.473212">
        <ele>26.273415</ele>
        <time>2022-12-29T15:41:11.053Z</time>
      </trkpt>
      <trkpt lat="-34.231890" lon="18.473094">
        <ele>27.997523</ele>
        <time>2022-12-29T15:41:24.887Z</time>
      </trkpt>
      <trkpt lat="-34.231694" lon="18.472967">
        <ele>29.309799</ele>
        <time>2022-12-29T15:41:35.743Z</time>
      </trkpt>
      <trkpt lat="-34.231320" lon="18.472640">
        <ele>32.033368</ele>
        <time>2022-12-29T15:41:58.042Z</time>
      </trkpt>
      <trkpt lat="-34.231175" lon="18.472453">
        <ele>33.284322</ele>
        <time>2022-12-29T15:42:08.133Z</time>
      </trkpt>
      <trkpt lat="-34.231026" lon="18.472224">
        <ele>34.706236</ele>
        <time>2022-12-29T15:42:19.217Z</time>
      </trkpt>
      <trkpt lat="-34.230556" lon="18.471197">
        <ele>37.306287</ele>
        <time>2022-12-29T15:42:58.913Z</time>
      </trkpt>
      <trkpt lat="-34.230403" lon="18.470911">
        <ele>37.486916</ele>
        <time>2022-12-29T15:43:07.705Z</time>
      </trkpt>
      <trkpt lat="-34.230103" lon="18.470541">
        <ele>37.761708</ele>
        <time>2022-12-29T15:43:16.930Z</time>
      </trkpt>
      <trkpt lat="-34.230059" lon="18.470487">
        <ele>37.801910</ele>
        <time>2022-12-29T15:43:18.097Z</time>
      </trkpt>
      <trkpt lat="-34.229713" lon="18.470218">
        <ele>38.065705</ele>
        <time>2022-12-29T15:43:24.684Z</time>
      </trkpt>
      <trkpt lat="-34.229360" lon="18.470043">
        <ele>36.035656</ele>
        <time>2022-12-29T15:43:30.380Z</time>
      </trkpt>
      <trkpt lat="-34.228418" lon="18.469850">
        <ele>30.636810</ele>
        <time>2022-12-29T15:43:44.178Z</time>
      </trkpt>
      <trkpt lat="-34.227964" lon="18.469755">
        <ele>28.033254</ele>
        <time>2022-12-29T15:43:50.935Z</time>
      </trkpt>
      <trkpt lat="-34.227798" lon="18.469695">
        <ele>27.595592</ele>
        <time>2022-12-29T15:43:53.477Z</time>
      </trkpt>
      <trkpt lat="-34.227463" lon="18.469508">
        <ele>26.822206</ele>
        <time>2022-12-29T15:43:59.087Z</time>
      </trkpt>
      <trkpt lat="-34.227271" lon="18.469365">
        <ele>26.349561</ele>
        <time>2022-12-29T15:44:02.763Z</time>
      </trkpt>
      <trkpt lat="-34.226049" lon="18.468213">
        <ele>23.735062</ele>
        <time>2022-12-29T15:44:36.845Z</time>
      </trkpt>
      <trkpt lat="-34.225889" lon="18.468011">
        <ele>23.544636</ele>
        <time>2022-12-29T15:44:42.281Z</time>
      </trkpt>
      <trkpt lat="-34.225495" lon="18.467396">
        <ele>23.015013</ele>
        <time>2022-12-29T15:44:55.089Z</time>
      </trkpt>
      <trkpt lat="-34.225287" lon="18.467154">
        <ele>22.777387</ele>
        <time>2022-12-29T15:45:00.227Z</time>
      </trkpt>
      <trkpt lat="-34.225099" lon="18.467024">
        <ele>22.470705</ele>
        <time>2022-12-29T15:45:03.997Z</time>
      </trkpt>
      <trkpt lat="-34.223815" lon="18.466503">
        <ele>19.142500</ele>
        <time>2022-12-29T15:45:26.756Z</time>
      </trkpt>
      <trkpt lat="-34.223597" lon="18.466393">
        <ele>18.562021</ele>
        <time>2022-12-29T15:45:30.725Z</time>
      </trkpt>
      <trkpt lat="-34.223224" lon="18.466100">
        <ele>17.581845</ele>
        <time>2022-12-29T15:45:38.259Z</time>
      </trkpt>
      <trkpt lat="-34.222825" lon="18.465648">
        <ele>16.434023</ele>
        <time>2022-12-29T15:45:47.850Z</time>
      </trkpt>
      <trkpt lat="-34.222678" lon="18.465501">
        <ele>16.033550</ele>
        <time>2022-12-29T15:45:51.205Z</time>
      </trkpt>
      <trkpt lat="-34.222491" lon="18.465364">
        <ele>15.574516</ele>
        <time>2022-12-29T15:45:55.189Z</time>
      </trkpt>
      <trkpt lat="-34.222215" lon="18.465241">
        <ele>14.956951</ele>
        <time>2022-12-29T15:46:00.514Z</time>
      </trkpt>
      <trkpt lat="-34.221898" lon="18.465190">
        <ele>14.285406</ele>
        <time>2022-12-29T15:46:06.132Z</time>
      </trkpt>
      <trkpt lat="-34.220519" lon="18.465329">
        <ele>11.378076</ele>
        <time>2022-12-29T15:46:29.898Z</time>
      </trkpt>
      <trkpt lat="-34.220177" lon="18.465336">
        <ele>10.681141</ele>
        <time>2022-12-29T15:46:35.863Z</time>
      </trkpt>
      <trkpt lat="-34.219147" lon="18.465154">
        <ele>10.131603</ele>
        <time>2022-12-29T15:46:55.444Z</time>
      </trkpt>
      <trkpt lat="-34.216637" lon="18.464654">
        <ele>11.418714</ele>
        <time>2022-12-29T15:47:59.541Z</time>
      </trkpt>
      <trkpt lat="-34.216408" lon="18.464589">
        <ele>11.907251</ele>
        <time>2022-12-29T15:48:07.043Z</time>
      </trkpt>
      <trkpt lat="-34.216289" lon="18.464541">
        <ele>12.167789</ele>
        <time>2022-12-29T15:48:11.096Z</time>
      </trkpt>
      <trkpt lat="-34.216157" lon="18.464466">
        <ele>12.470693</ele>
        <time>2022-12-29T15:48:16.086Z</time>
      </trkpt>
      <trkpt lat="-34.216000" lon="18.464363">
        <ele>12.841661</ele>
        <time>2022-12-29T15:48:21.406Z</time>
      </trkpt>
      <trkpt lat="-34.215858" lon="18.464244">
        <ele>13.200476</ele>
        <time>2022-12-29T15:48:27.259Z</time>
      </trkpt>
      <trkpt lat="-34.215784" lon="18.464173">
        <ele>13.396665</ele>
        <time>2022-12-29T15:48:29.883Z</time>
      </trkpt>
      <trkpt lat="-34.215707" lon="18.464089">
        <ele>13.612043</ele>
        <time>2022-12-29T15:48:33.154Z</time>
      </trkpt>
      <trkpt lat="-34.215570" lon="18.463925">
        <ele>14.012411</ele>
        <time>2022-12-29T15:48:39.583Z</time>
      </trkpt>
      <trkpt lat="-34.215492" lon="18.463832">
        <ele>14.239909</ele>
        <time>2022-12-29T15:48:42.485Z</time>
      </trkpt>
      <trkpt lat="-34.215260" lon="18.463647">
        <ele>14.817079</ele>
        <time>2022-12-29T15:48:51.566Z</time>
      </trkpt>
      <trkpt lat="-34.215141" lon="18.463584">
        <ele>15.086878</ele>
        <time>2022-12-29T15:48:55.412Z</time>
      </trkpt>
      <trkpt lat="-34.214569" lon="18.463391">
        <ele>15.404244</ele>
        <time>2022-12-29T15:49:13.556Z</time>
      </trkpt>
      <trkpt lat="-34.214211" lon="18.463191">
        <ele>15.581264</ele>
        <time>2022-12-29T15:49:22.551Z</time>
      </trkpt>
      <trkpt lat="-34.213753" lon="18.462786">
        <ele>15.835955</ele>
        <time>2022-12-29T15:49:34.180Z</time>
      </trkpt>
      <trkpt lat="-34.213527" lon="18.462633">
        <ele>15.952219</ele>
        <time>2022-12-29T15:49:39.431Z</time>
      </trkpt>
      <trkpt lat="-34.212669" lon="18.462319">
        <ele>15.500175</ele>
        <time>2022-12-29T15:49:57.138Z</time>
      </trkpt>
      <trkpt lat="-34.212308" lon="18.462318">
        <ele>15.312180</ele>
        <time>2022-12-29T15:50:04.502Z</time>
      </trkpt>
      <trkpt lat="-34.212010" lon="18.462381">
        <ele>15.154640</ele>
        <time>2022-12-29T15:50:10.878Z</time>
      </trkpt>
      <trkpt lat="-34.211696" lon="18.462346">
        <ele>15.063824</ele>
        <time>2022-12-29T15:50:17.602Z</time>
      </trkpt>
      <trkpt lat="-34.211499" lon="18.462277">
        <ele>15.202209</ele>
        <time>2022-12-29T15:50:22.136Z</time>
      </trkpt>
      <trkpt lat="-34.211100" lon="18.462065">
        <ele>15.496267</ele>
        <time>2022-12-29T15:50:32.034Z</time>
      </trkpt>
      <trkpt lat="-34.210237" lon="18.461591">
        <ele>16.135809</ele>
        <time>2022-12-29T15:50:56.384Z</time>
      </trkpt>
      <trkpt lat="-34.209883" lon="18.461398">
        <ele>16.593698</ele>
        <time>2022-12-29T15:51:07.922Z</time>
      </trkpt>
      <trkpt lat="-34.209580" lon="18.461206">
        <ele>17.103899</ele>
        <time>2022-12-29T15:51:18.326Z</time>
      </trkpt>
      <trkpt lat="-34.208512" lon="18.460353">
        <ele>18.869488</ele>
        <time>2022-12-29T15:51:55.111Z</time>
      </trkpt>
      <trkpt lat="-34.208244" lon="18.460032">
        <ele>18.576466</ele>
        <time>2022-12-29T15:52:04.140Z</time>
      </trkpt>
      <trkpt lat="-34.207952" lon="18.459441">
        <ele>18.134209</ele>
        <time>2022-12-29T15:52:15.998Z</time>
      </trkpt>
      <trkpt lat="-34.206754" lon="18.458415">
        <ele>16.034958</ele>
        <time>2022-12-29T15:52:41.608Z</time>
      </trkpt>
      <trkpt lat="-34.206141" lon="18.457972">
        <ele>14.471988</ele>
        <time>2022-12-29T15:52:53.551Z</time>
      </trkpt>
      <trkpt lat="-34.205782" lon="18.457755">
        <ele>13.593573</ele>
        <time>2022-12-29T15:53:00.597Z</time>
      </trkpt>
      <trkpt lat="-34.205464" lon="18.457592">
        <ele>13.399194</ele>
        <time>2022-12-29T15:53:06.927Z</time>
      </trkpt>
      <trkpt lat="-34.204788" lon="18.457326">
        <ele>13.012527</ele>
        <time>2022-12-29T15:53:20.933Z</time>
      </trkpt>
      <trkpt lat="-34.204530" lon="18.457134">
        <ele>12.847748</ele>
        <time>2022-12-29T15:53:27.558Z</time>
      </trkpt>
      <trkpt lat="-34.204324" lon="18.456850">
        <ele>12.677820</ele>
        <time>2022-12-29T15:53:35.059Z</time>
      </trkpt>
      <trkpt lat="-34.204124" lon="18.456539">
        <ele>13.056472</ele>
        <time>2022-12-29T15:53:43.382Z</time>
      </trkpt>
      <trkpt lat="-34.203880" lon="18.456313">
        <ele>13.766062</ele>
        <time>2022-12-29T15:53:51.436Z</time>
      </trkpt>
      <trkpt lat="-34.203561" lon="18.456159">
        <ele>14.559049</ele>
        <time>2022-12-29T15:54:00.838Z</time>
      </trkpt>
      <trkpt lat="-34.202984" lon="18.455897">
        <ele>15.981971</ele>
        <time>2022-12-29T15:54:21.433Z</time>
      </trkpt>
      <trkpt lat="-34.202743" lon="18.455700">
        <ele>16.653571</ele>
        <time>2022-12-29T15:54:32.998Z</time>
      </trkpt>
      <trkpt lat="-34.202619" lon="18.455551">
        <ele>17.464295</ele>
        <time>2022-12-29T15:54:39.158Z</time>
      </trkpt>
      <trkpt lat="-34.202229" lon="18.454902">
        <ele>21.087672</ele>
        <time>2022-12-29T15:55:07.882Z</time>
      </trkpt>
      <trkpt lat="-34.202066" lon="18.454684">
        <ele>22.415039</ele>
        <time>2022-12-29T15:55:19.936Z</time>
      </trkpt>
      <trkpt lat="-34.201649" lon="18.454180">
        <ele>25.634999</ele>
        <time>2022-12-29T15:55:46.393Z</time>
      </trkpt>
      <trkpt lat="-34.201066" lon="18.453479">
        <ele>29.464493</ele>
        <time>2022-12-29T15:56:25.685Z</time>
      </trkpt>
      <trkpt lat="-34.199782" lon="18.452078">
        <ele>35.805326</ele>
        <time>2022-12-29T15:57:28.020Z</time>
      </trkpt>
      <trkpt lat="-34.199241" lon="18.451507">
        <ele>37.331960</ele>
        <time>2022-12-29T15:57:48.869Z</time>
      </trkpt>
      <trkpt lat="-34.197842" lon="18.450007">
        <ele>39.870799</ele>
        <time>2022-12-29T15:58:39.355Z</time>
      </trkpt>
      <trkpt lat="-34.197607" lon="18.449642">
        <ele>40.282776</ele>
        <time>2022-12-29T15:58:49.671Z</time>
      </trkpt>
      <trkpt lat="-34.196879" lon="18.448285">
        <ele>40.093585</ele>
        <time>2022-12-29T15:59:20.712Z</time>
      </trkpt>
      <trkpt lat="-34.196652" lon="18.447815">
        <ele>40.009977</ele>
        <time>2022-12-29T15:59:29.253Z</time>
      </trkpt>
      <trkpt lat="-34.196482" lon="18.447100">
        <ele>39.068426</ele>
        <time>2022-12-29T15:59:40.245Z</time>
      </trkpt>
      <trkpt lat="-34.196326" lon="18.446469">
        <ele>38.159265</ele>
        <time>2022-12-29T15:59:49.768Z</time>
      </trkpt>
      <trkpt lat="-34.196221" lon="18.446219">
        <ele>37.772199</ele>
        <time>2022-12-29T15:59:53.858Z</time>
      </trkpt>
      <trkpt lat="-34.195962" lon="18.445719">
        <ele>36.977324</ele>
        <time>2022-12-29T16:00:02.738Z</time>
      </trkpt>
      <trkpt lat="-34.195741" lon="18.445281">
        <ele>36.619474</ele>
        <time>2022-12-29T16:00:10.588Z</time>
      </trkpt>
      <trkpt lat="-34.195482" lon="18.444775">
        <ele>36.204438</ele>
        <time>2022-12-29T16:00:20.081Z</time>
      </trkpt>
      <trkpt lat="-34.195258" lon="18.444336">
        <ele>35.844669</ele>
        <time>2022-12-29T16:00:28.864Z</time>
      </trkpt>
      <trkpt lat="-34.195203" lon="18.444210">
        <ele>35.745299</ele>
        <time>2022-12-29T16:00:31.298Z</time>
      </trkpt>
      <trkpt lat="-34.195062" lon="18.443859">
        <ele>35.474900</ele>
        <time>2022-12-29T16:00:38.328Z</time>
      </trkpt>
      <trkpt lat="-34.194918" lon="18.443411">
        <ele>35.219093</ele>
        <time>2022-12-29T16:00:46.842Z</time>
      </trkpt>
      <trkpt lat="-34.194665" lon="18.442409">
        <ele>34.661508</ele>
        <time>2022-12-29T16:01:04.437Z</time>
      </trkpt>
      <trkpt lat="-34.194536" lon="18.441773">
        <ele>34.302183</ele>
        <time>2022-12-29T16:01:14.933Z</time>
      </trkpt>
      <trkpt lat="-34.194420" lon="18.441133">
        <ele>33.585711</ele>
        <time>2022-12-29T16:01:25.324Z</time>
      </trkpt>
      <trkpt lat="-34.194179" lon="18.439734">
        <ele>32.023018</ele>
        <time>2022-12-29T16:01:47.374Z</time>
      </trkpt>
      <trkpt lat="-34.194053" lon="18.438945">
        <ele>31.063827</ele>
        <time>2022-12-29T16:01:58.922Z</time>
      </trkpt>
      <trkpt lat="-34.193901" lon="18.438100">
        <ele>30.023201</ele>
        <time>2022-12-29T16:02:12.205Z</time>
      </trkpt>
      <trkpt lat="-34.193681" lon="18.437377">
        <ele>29.112192</ele>
        <time>2022-12-29T16:02:24.778Z</time>
      </trkpt>
      <trkpt lat="-34.193493" lon="18.436663">
        <ele>28.272758</ele>
        <time>2022-12-29T16:02:36.014Z</time>
      </trkpt>
      <trkpt lat="-34.193464" lon="18.436282">
        <ele>27.844125</ele>
        <time>2022-12-29T16:02:41.741Z</time>
      </trkpt>
      <trkpt lat="-34.193438" lon="18.435873">
        <ele>27.384576</ele>
        <time>2022-12-29T16:02:47.954Z</time>
      </trkpt>
      <trkpt lat="-34.193436" lon="18.435802">
        <ele>27.304990</ele>
        <time>2022-12-29T16:02:49.021Z</time>
      </trkpt>
      <trkpt lat="-34.193428" lon="18.435644">
        <ele>27.127653</ele>
        <time>2022-12-29T16:02:51.457Z</time>
      </trkpt>
      <trkpt lat="-34.193413" lon="18.435350">
        <ele>26.767293</ele>
        <time>2022-12-29T16:02:56.518Z</time>
      </trkpt>
      <trkpt lat="-34.193396" lon="18.435038">
        <ele>26.304703</ele>
        <time>2022-12-29T16:03:01.725Z</time>
      </trkpt>
      <trkpt lat="-34.193376" lon="18.434324">
        <ele>25.247768</ele>
        <time>2022-12-29T16:03:12.454Z</time>
      </trkpt>
      <trkpt lat="-34.193376" lon="18.434026">
        <ele>24.806890</ele>
        <time>2022-12-29T16:03:16.251Z</time>
      </trkpt>
      <trkpt lat="-34.193394" lon="18.433552">
        <ele>24.104890</ele>
        <time>2022-12-29T16:03:22.765Z</time>
      </trkpt>
      <trkpt lat="-34.193416" lon="18.432872">
        <ele>23.645632</ele>
        <time>2022-12-29T16:03:34.095Z</time>
      </trkpt>
      <trkpt lat="-34.193313" lon="18.432913">
        <ele>23.635668</ele>
        <time>2022-12-29T16:03:36.667Z</time>
      </trkpt>
      <trkpt lat="-34.193267" lon="18.433005">
        <ele>23.627497</ele>
        <time>2022-12-29T16:03:39.952Z</time>
      </trkpt>
      <trkpt lat="-34.193262" lon="18.433126">
        <ele>23.618288</ele>
        <time>2022-12-29T16:03:43.072Z</time>
      </trkpt>
      <trkpt lat="-34.193262" lon="18.433126">
        <ele>23.618288</ele>
        <time>2022-12-29T16:03:43.075Z</time>
      </trkpt>
      <trkpt lat="-34.192934" lon="18.433291">
        <ele>23.585643</ele>
        <time>2022-12-29T16:03:52.265Z</time>
      </trkpt>
      <trkpt lat="-34.193255" lon="18.433288">
        <ele>23.556145</ele>
        <time>2022-12-29T16:04:00.575Z</time>
      </trkpt>
      <trkpt lat="-34.193247" lon="18.433480">
        <ele>23.541533</ele>
        <time>2022-12-29T16:04:04.749Z</time>
      </trkpt>
      <trkpt lat="-34.193275" lon="18.433530">
        <ele>23.536944</ele>
        <time>2022-12-29T16:04:05.971Z</time>
      </trkpt>
      <trkpt lat="-34.193361" lon="18.433550">
        <ele>23.528896</ele>
        <time>2022-12-29T16:04:09.195Z</time>
      </trkpt>
      <trkpt lat="-34.193394" lon="18.433552">
        <ele>23.525860</ele>
        <time>2022-12-29T16:04:10.480Z</time>
      </trkpt>
      <trkpt lat="-34.193416" lon="18.432872">
        <ele>23.937198</ele>
        <time>2022-12-29T16:04:23.172Z</time>
      </trkpt>
      <trkpt lat="-34.193408" lon="18.432767">
        <ele>24.032645</ele>
        <time>2022-12-29T16:04:25.807Z</time>
      </trkpt>
      <trkpt lat="-34.193359" lon="18.432382">
        <ele>24.385240</ele>
        <time>2022-12-29T16:04:35.767Z</time>
      </trkpt>
      <trkpt lat="-34.193292" lon="18.432016">
        <ele>24.724553</ele>
        <time>2022-12-29T16:04:45.258Z</time>
      </trkpt>
      <trkpt lat="-34.193163" lon="18.431363">
        <ele>25.332261</ele>
        <time>2022-12-29T16:04:59.920Z</time>
      </trkpt>
      <trkpt lat="-34.193135" lon="18.431223">
        <ele>25.462639</ele>
        <time>2022-12-29T16:05:02.906Z</time>
      </trkpt>
      <trkpt lat="-34.193115" lon="18.431037">
        <ele>25.474210</ele>
        <time>2022-12-29T16:05:06.710Z</time>
      </trkpt>
      <trkpt lat="-34.193130" lon="18.430100">
        <ele>25.451484</ele>
        <time>2022-12-29T16:05:24.719Z</time>
      </trkpt>
      <trkpt lat="-34.193107" lon="18.429505">
        <ele>25.437039</ele>
        <time>2022-12-29T16:05:35.870Z</time>
      </trkpt>
      <trkpt lat="-34.193030" lon="18.429240">
        <ele>25.430228</ele>
        <time>2022-12-29T16:05:40.558Z</time>
      </trkpt>
      <trkpt lat="-34.192838" lon="18.428929">
        <ele>25.113191</ele>
        <time>2022-12-29T16:05:46.564Z</time>
      </trkpt>
      <trkpt lat="-34.192641" lon="18.428498">
        <ele>24.334184</ele>
        <time>2022-12-29T16:05:54.075Z</time>
      </trkpt>
      <trkpt lat="-34.192444" lon="18.428157">
        <ele>23.676179</ele>
        <time>2022-12-29T16:06:00.282Z</time>
      </trkpt>
      <trkpt lat="-34.192362" lon="18.428037">
        <ele>23.429939</ele>
        <time>2022-12-29T16:06:02.550Z</time>
      </trkpt>
      <trkpt lat="-34.192164" lon="18.427781">
        <ele>22.875486</ele>
        <time>2022-12-29T16:06:07.475Z</time>
      </trkpt>
      <trkpt lat="-34.192008" lon="18.427632">
        <ele>22.495249</ele>
        <time>2022-12-29T16:06:10.831Z</time>
      </trkpt>
      <trkpt lat="-34.191347" lon="18.427149">
        <ele>20.604893</ele>
        <time>2022-12-29T16:06:23.818Z</time>
      </trkpt>
      <trkpt lat="-34.190946" lon="18.426856">
        <ele>19.326076</ele>
        <time>2022-12-29T16:06:31.412Z</time>
      </trkpt>
      <trkpt lat="-34.190762" lon="18.426720">
        <ele>18.737461</ele>
        <time>2022-12-29T16:06:34.963Z</time>
      </trkpt>
      <trkpt lat="-34.190178" lon="18.426332">
        <ele>16.961122</ele>
        <time>2022-12-29T16:06:46.336Z</time>
      </trkpt>
      <trkpt lat="-34.190098" lon="18.426287">
        <ele>16.785010</ele>
        <time>2022-12-29T16:06:47.894Z</time>
      </trkpt>
      <trkpt lat="-34.189925" lon="18.426190">
        <ele>16.404385</ele>
        <time>2022-12-29T16:06:51.120Z</time>
      </trkpt>
      <trkpt lat="-34.189251" lon="18.425918">
        <ele>14.986157</ele>
        <time>2022-12-29T16:07:03.652Z</time>
      </trkpt>
      <trkpt lat="-34.188797" lon="18.425755">
        <ele>14.040889</ele>
        <time>2022-12-29T16:07:12.155Z</time>
      </trkpt>
      <trkpt lat="-34.188431" lon="18.425623">
        <ele>13.274429</ele>
        <time>2022-12-29T16:07:18.929Z</time>
      </trkpt>
      <trkpt lat="-34.187931" lon="18.425489">
        <ele>12.231915</ele>
        <time>2022-12-29T16:07:28.169Z</time>
      </trkpt>
      <trkpt lat="-34.187174" lon="18.425289">
        <ele>10.654589</ele>
        <time>2022-12-29T16:07:41.809Z</time>
      </trkpt>
      <trkpt lat="-34.186989" lon="18.425241">
        <ele>10.269426</ele>
        <time>2022-12-29T16:07:45.004Z</time>
      </trkpt>
      <trkpt lat="-34.185370" lon="18.424926">
        <ele>6.644665</ele>
        <time>2022-12-29T16:08:12.918Z</time>
      </trkpt>
      <trkpt lat="-34.184580" lon="18.424863">
        <ele>5.423509</ele>
        <time>2022-12-29T16:08:27.269Z</time>
      </trkpt>
      <trkpt lat="-34.183828" lon="18.424901">
        <ele>4.738042</ele>
        <time>2022-12-29T16:08:41.937Z</time>
      </trkpt>
      <trkpt lat="-34.181518" lon="18.425141">
        <ele>3.866917</ele>
        <time>2022-12-29T16:09:30.450Z</time>
      </trkpt>
      <trkpt lat="-34.180982" lon="18.425197">
        <ele>4.533461</ele>
        <time>2022-12-29T16:09:44.313Z</time>
      </trkpt>
      <trkpt lat="-34.180067" lon="18.425326">
        <ele>6.015044</ele>
        <time>2022-12-29T16:10:09.350Z</time>
      </trkpt>
      <trkpt lat="-34.180055" lon="18.425088">
        <ele>6.332295</ele>
        <time>2022-12-29T16:10:16.158Z</time>
      </trkpt>
      <trkpt lat="-34.180070" lon="18.425050">
        <ele>6.388315</ele>
        <time>2022-12-29T16:10:17.350Z</time>
      </trkpt>
      <trkpt lat="-34.180150" lon="18.424981">
        <ele>6.546376</ele>
        <time>2022-12-29T16:10:20.572Z</time>
      </trkpt>
      <trkpt lat="-34.180588" lon="18.424951">
        <ele>8.278050</ele>
        <time>2022-12-29T16:10:36.308Z</time>
      </trkpt>
      <trkpt lat="-34.180933" lon="18.424841">
        <ele>10.002385</ele>
        <time>2022-12-29T16:10:49.999Z</time>
      </trkpt>
      <trkpt lat="-34.181558" lon="18.424491">
        <ele>13.331258</ele>
        <time>2022-12-29T16:11:18.535Z</time>
      </trkpt>
      <trkpt lat="-34.181915" lon="18.424312">
        <ele>15.199093</ele>
        <time>2022-12-29T16:11:36.026Z</time>
      </trkpt>
      <trkpt lat="-34.182130" lon="18.424206">
        <ele>16.719091</ele>
        <time>2022-12-29T16:11:48.829Z</time>
      </trkpt>
      <trkpt lat="-34.182277" lon="18.424069">
        <ele>18.017750</ele>
        <time>2022-12-29T16:11:59.096Z</time>
      </trkpt>
      <trkpt lat="-34.182791" lon="18.423407">
        <ele>23.272576</ele>
        <time>2022-12-29T16:12:38.580Z</time>
      </trkpt>
      <trkpt lat="-34.183251" lon="18.422813">
        <ele>27.981864</ele>
        <time>2022-12-29T16:13:11.387Z</time>
      </trkpt>
      <trkpt lat="-34.183817" lon="18.422363">
        <ele>31.734614</ele>
        <time>2022-12-29T16:13:42.844Z</time>
      </trkpt>
      <trkpt lat="-34.183847" lon="18.422283">
        <ele>32.136342</ele>
        <time>2022-12-29T16:13:46.337Z</time>
      </trkpt>
      <trkpt lat="-34.183799" lon="18.422185">
        <ele>32.657229</ele>
        <time>2022-12-29T16:13:50.958Z</time>
      </trkpt>
      <trkpt lat="-34.183723" lon="18.422187">
        <ele>33.077514</ele>
        <time>2022-12-29T16:13:54.744Z</time>
      </trkpt>
      <trkpt lat="-34.183479" lon="18.422356">
        <ele>34.632279</ele>
        <time>2022-12-29T16:14:08.015Z</time>
      </trkpt>
      <trkpt lat="-34.183283" lon="18.422446">
        <ele>35.791463</ele>
        <time>2022-12-29T16:14:16.983Z</time>
      </trkpt>
      <trkpt lat="-34.182529" lon="18.422589">
        <ele>39.886114</ele>
        <time>2022-12-29T16:14:44.907Z</time>
      </trkpt>
      <trkpt lat="-34.182172" lon="18.422602">
        <ele>41.740350</ele>
        <time>2022-12-29T16:14:58.676Z</time>
      </trkpt>
      <trkpt lat="-34.181840" lon="18.422698">
        <ele>43.512582</ele>
        <time>2022-12-29T16:15:14.878Z</time>
      </trkpt>
      <trkpt lat="-34.181560" lon="18.422689">
        <ele>44.966739</ele>
        <time>2022-12-29T16:15:28.685Z</time>
      </trkpt>
      <trkpt lat="-34.181113" lon="18.422574">
        <ele>47.345204</ele>
        <time>2022-12-29T16:15:48.724Z</time>
      </trkpt>
      <trkpt lat="-34.180708" lon="18.422610">
        <ele>49.757669</ele>
        <time>2022-12-29T16:16:06.966Z</time>
      </trkpt>
      <trkpt lat="-34.180655" lon="18.422587">
        <ele>50.092199</ele>
        <time>2022-12-29T16:16:09.106Z</time>
      </trkpt>
      <trkpt lat="-34.180627" lon="18.422497">
        <ele>50.564750</ele>
        <time>2022-12-29T16:16:14.141Z</time>
      </trkpt>
      <trkpt lat="-34.180668" lon="18.422417">
        <ele>51.027246</ele>
        <time>2022-12-29T16:16:17.471Z</time>
      </trkpt>
      <trkpt lat="-34.180763" lon="18.422387">
        <ele>51.610549</ele>
        <time>2022-12-29T16:16:20.819Z</time>
      </trkpt>
      <trkpt lat="-34.181413" lon="18.422398">
        <ele>55.472358</ele>
        <time>2022-12-29T16:16:50.396Z</time>
      </trkpt>
      <trkpt lat="-34.181516" lon="18.422370">
        <ele>56.099528</ele>
        <time>2022-12-29T16:16:54.441Z</time>
      </trkpt>
      <trkpt lat="-34.182099" lon="18.421983">
        <ele>60.332928</ele>
        <time>2022-12-29T16:17:29.012Z</time>
      </trkpt>
      <trkpt lat="-34.183012" lon="18.421609">
        <ele>66.841483</ele>
        <time>2022-12-29T16:18:12.490Z</time>
      </trkpt>
      <trkpt lat="-34.183265" lon="18.421459">
        <ele>68.744035</ele>
        <time>2022-12-29T16:18:27.898Z</time>
      </trkpt>
      <trkpt lat="-34.183383" lon="18.421323">
        <ele>69.844807</ele>
        <time>2022-12-29T16:18:37.591Z</time>
      </trkpt>
      <trkpt lat="-34.183452" lon="18.421183">
        <ele>70.831656</ele>
        <time>2022-12-29T16:18:44.444Z</time>
      </trkpt>
      <trkpt lat="-34.183551" lon="18.420681">
        <ele>74.066249</ele>
        <time>2022-12-29T16:19:07.800Z</time>
      </trkpt>
      <trkpt lat="-34.183613" lon="18.420492">
        <ele>75.340597</ele>
        <time>2022-12-29T16:19:17.481Z</time>
      </trkpt>
      <trkpt lat="-34.183717" lon="18.420286">
        <ele>76.853209</ele>
        <time>2022-12-29T16:19:28.461Z</time>
      </trkpt>
      <trkpt lat="-34.183873" lon="18.420090">
        <ele>78.557967</ele>
        <time>2022-12-29T16:19:40.797Z</time>
      </trkpt>
      <trkpt lat="-34.183967" lon="18.420074">
        <ele>79.277202</ele>
        <time>2022-12-29T16:19:45.554Z</time>
      </trkpt>
      <trkpt lat="-34.184038" lon="18.420103">
        <ele>79.845026</ele>
        <time>2022-12-29T16:19:50.430Z</time>
      </trkpt>
      <trkpt lat="-34.184574" lon="18.420782">
        <ele>85.086184</ele>
        <time>2022-12-29T16:20:27.283Z</time>
      </trkpt>
      <trkpt lat="-34.184832" lon="18.421068">
        <ele>86.875851</ele>
        <time>2022-12-29T16:20:43.922Z</time>
      </trkpt>
      <trkpt lat="-34.185082" lon="18.421313">
        <ele>88.521229</ele>
        <time>2022-12-29T16:20:58.735Z</time>
      </trkpt>
      <trkpt lat="-34.185332" lon="18.421505">
        <ele>90.035493</ele>
        <time>2022-12-29T16:21:09.784Z</time>
      </trkpt>
      <trkpt lat="-34.185518" lon="18.421611">
        <ele>91.086799</ele>
        <time>2022-12-29T16:21:17.708Z</time>
      </trkpt>
      <trkpt lat="-34.185730" lon="18.421684">
        <ele>92.213771</ele>
        <time>2022-12-29T16:21:26.251Z</time>
      </trkpt>
      <trkpt lat="-34.186585" lon="18.421807">
        <ele>95.615743</ele>
        <time>2022-12-29T16:21:57.752Z</time>
      </trkpt>
      <trkpt lat="-34.187528" lon="18.422030">
        <ele>99.187633</ele>
        <time>2022-12-29T16:22:32.261Z</time>
      </trkpt>
      <trkpt lat="-34.187861" lon="18.422153">
        <ele>101.089236</ele>
        <time>2022-12-29T16:22:45.648Z</time>
      </trkpt>
      <trkpt lat="-34.187953" lon="18.422114">
        <ele>101.712174</ele>
        <time>2022-12-29T16:22:49.383Z</time>
      </trkpt>
      <trkpt lat="-34.187972" lon="18.422010">
        <ele>102.275109</ele>
        <time>2022-12-29T16:22:53.041Z</time>
      </trkpt>
      <trkpt lat="-34.187937" lon="18.421954">
        <ele>102.646083</ele>
        <time>2022-12-29T16:22:55.842Z</time>
      </trkpt>
      <trkpt lat="-34.187883" lon="18.421922">
        <ele>103.030346</ele>
        <time>2022-12-29T16:22:58.619Z</time>
      </trkpt>
      <trkpt lat="-34.187296" lon="18.421768">
        <ele>106.868351</ele>
        <time>2022-12-29T16:23:26.749Z</time>
      </trkpt>
      <trkpt lat="-34.186974" lon="18.421639">
        <ele>109.035840</ele>
        <time>2022-12-29T16:23:44.356Z</time>
      </trkpt>
      <trkpt lat="-34.186189" lon="18.421211">
        <ele>116.009462</ele>
        <time>2022-12-29T16:24:34.446Z</time>
      </trkpt>
      <trkpt lat="-34.185817" lon="18.420948">
        <ele>119.951654</ele>
        <time>2022-12-29T16:25:00.986Z</time>
      </trkpt>
      <trkpt lat="-34.185402" lon="18.420583">
        <ele>124.646414</ele>
        <time>2022-12-29T16:25:33.513Z</time>
      </trkpt>
      <trkpt lat="-34.185158" lon="18.420333">
        <ele>127.572328</ele>
        <time>2022-12-29T16:25:52.090Z</time>
      </trkpt>
      <trkpt lat="-34.184902" lon="18.419941">
        <ele>129.110425</ele>
        <time>2022-12-29T16:26:14.216Z</time>
      </trkpt>
      <trkpt lat="-34.184658" lon="18.419663">
        <ele>130.353339</ele>
        <time>2022-12-29T16:26:29.717Z</time>
      </trkpt>
      <trkpt lat="-34.184403" lon="18.419315">
        <ele>131.778935</ele>
        <time>2022-12-29T16:26:44.185Z</time>
      </trkpt>
      <trkpt lat="-34.183889" lon="18.418764">
        <ele>134.231480</ele>
        <time>2022-12-29T16:27:00.499Z</time>
      </trkpt>
      <trkpt lat="-34.183795" lon="18.418751">
        <ele>134.140433</ele>
        <time>2022-12-29T16:27:02.171Z</time>
      </trkpt>
      <trkpt lat="-34.183718" lon="18.418808">
        <ele>134.053546</ele>
        <time>2022-12-29T16:27:03.621Z</time>
      </trkpt>
      <trkpt lat="-34.183656" lon="18.418930">
        <ele>133.939564</ele>
        <time>2022-12-29T16:27:05.488Z</time>
      </trkpt>
      <trkpt lat="-34.183591" lon="18.419210">
        <ele>133.708056</ele>
        <time>2022-12-29T16:27:09.417Z</time>
      </trkpt>
      <trkpt lat="-34.183520" lon="18.419367">
        <ele>133.565618</ele>
        <time>2022-12-29T16:27:11.711Z</time>
      </trkpt>
      <trkpt lat="-34.183157" lon="18.419625">
        <ele>133.160395</ele>
        <time>2022-12-29T16:27:18.836Z</time>
      </trkpt>
      <trkpt lat="-34.182898" lon="18.420006">
        <ele>132.767824</ele>
        <time>2022-12-29T16:27:26.456Z</time>
      </trkpt>
      <trkpt lat="-34.182746" lon="18.420071">
        <ele>132.612670</ele>
        <time>2022-12-29T16:27:31.589Z</time>
      </trkpt>
      <trkpt lat="-34.182612" lon="18.420063">
        <ele>132.755101</ele>
        <time>2022-12-29T16:27:35.015Z</time>
      </trkpt>
      <trkpt lat="-34.182232" lon="18.419976">
        <ele>135.155041</ele>
        <time>2022-12-29T16:27:49.360Z</time>
      </trkpt>
      <trkpt lat="-34.182035" lon="18.419832">
        <ele>136.583607</ele>
        <time>2022-12-29T16:28:00.429Z</time>
      </trkpt>
      <trkpt lat="-34.181732" lon="18.419330">
        <ele>139.773582</ele>
        <time>2022-12-29T16:28:25.305Z</time>
      </trkpt>
      <trkpt lat="-34.181646" lon="18.419225">
        <ele>140.532080</ele>
        <time>2022-12-29T16:28:33.315Z</time>
      </trkpt>
      <trkpt lat="-34.181409" lon="18.419014">
        <ele>142.358567</ele>
        <time>2022-12-29T16:28:49.963Z</time>
      </trkpt>
      <trkpt lat="-34.181228" lon="18.418916">
        <ele>143.589249</ele>
        <time>2022-12-29T16:29:01.537Z</time>
      </trkpt>
      <trkpt lat="-34.181049" lon="18.418850">
        <ele>145.018964</ele>
        <time>2022-12-29T16:29:12.862Z</time>
      </trkpt>
      <trkpt lat="-34.180835" lon="18.418818">
        <ele>146.692915</ele>
        <time>2022-12-29T16:29:24.843Z</time>
      </trkpt>
      <trkpt lat="-34.180376" lon="18.418836">
        <ele>150.258020</ele>
        <time>2022-12-29T16:29:51.276Z</time>
      </trkpt>
      <trkpt lat="-34.179931" lon="18.418792">
        <ele>153.724106</ele>
        <time>2022-12-29T16:30:15.518Z</time>
      </trkpt>
      <trkpt lat="-34.179599" lon="18.418660">
        <ele>156.437269</ele>
        <time>2022-12-29T16:30:32.321Z</time>
      </trkpt>
      <trkpt lat="-34.179453" lon="18.418575">
        <ele>157.684827</ele>
        <time>2022-12-29T16:30:39.911Z</time>
      </trkpt>
      <trkpt lat="-34.179159" lon="18.418342">
        <ele>159.856717</ele>
        <time>2022-12-29T16:30:54.047Z</time>
      </trkpt>
      <trkpt lat="-34.178096" lon="18.417371">
        <ele>168.088136</ele>
        <time>2022-12-29T16:31:58.857Z</time>
      </trkpt>
      <trkpt lat="-34.178096" lon="18.417371">
        <ele>168.088136</ele>
        <time>2022-12-29T16:31:58.963Z</time>
      </trkpt>
      <trkpt lat="-34.178096" lon="18.417371">
        <ele>168.088136</ele>
        <time>2022-12-29T16:31:58.963Z</time>
      </trkpt>
      <trkpt lat="-34.178140" lon="18.417300">
        <ele>168.541538</ele>
        <time>2022-12-29T16:32:00.865Z</time>
      </trkpt>
      <trkpt lat="-34.177893" lon="18.417076">
        <ele>169.944248</ele>
        <time>2022-12-29T16:32:08.865Z</time>
      </trkpt>
      <trkpt lat="-34.177429" lon="18.416786">
        <ele>172.208919</ele>
        <time>2022-12-29T16:32:22.392Z</time>
      </trkpt>
      <trkpt lat="-34.177268" lon="18.416932">
        <ele>173.081531</ele>
        <time>2022-12-29T16:32:27.598Z</time>
      </trkpt>
      <trkpt lat="-34.177129" lon="18.417130">
        <ele>174.012941</ele>
        <time>2022-12-29T16:32:33.159Z</time>
      </trkpt>
      <trkpt lat="-34.176955" lon="18.417512">
        <ele>175.577035</ele>
        <time>2022-12-29T16:32:42.490Z</time>
      </trkpt>
      <trkpt lat="-34.176890" lon="18.417701">
        <ele>176.311178</ele>
        <time>2022-12-29T16:32:46.870Z</time>
      </trkpt>
      <trkpt lat="-34.176673" lon="18.418311">
        <ele>177.327164</ele>
        <time>2022-12-29T16:33:01.079Z</time>
      </trkpt>
      <trkpt lat="-34.176605" lon="18.418650">
        <ele>177.779445</ele>
        <time>2022-12-29T16:33:08.542Z</time>
      </trkpt>
      <trkpt lat="-34.176614" lon="18.418663">
        <ele>177.801424</ele>
        <time>2022-12-29T16:33:08.905Z</time>
      </trkpt>
      <trkpt lat="-34.176627" lon="18.418677">
        <ele>177.828711</ele>
        <time>2022-12-29T16:33:09.355Z</time>
      </trkpt>
      <trkpt lat="-34.176773" lon="18.419216">
        <ele>178.564080</ele>
        <time>2022-12-29T16:33:21.490Z</time>
      </trkpt>
      <trkpt lat="-34.176767" lon="18.419288">
        <ele>178.657907</ele>
        <time>2022-12-29T16:33:23.038Z</time>
      </trkpt>
      <trkpt lat="-34.176765" lon="18.419298">
        <ele>178.671247</ele>
        <time>2022-12-29T16:33:23.258Z</time>
      </trkpt>
      <trkpt lat="-34.176748" lon="18.419327">
        <ele>178.717330</ele>
        <time>2022-12-29T16:33:24.018Z</time>
      </trkpt>
      <trkpt lat="-34.176734" lon="18.419360">
        <ele>178.765416</ele>
        <time>2022-12-29T16:33:24.812Z</time>
      </trkpt>
      <trkpt lat="-34.176732" lon="18.419422">
        <ele>178.845865</ele>
        <time>2022-12-29T16:33:26.139Z</time>
      </trkpt>
      <trkpt lat="-34.176737" lon="18.419446">
        <ele>178.877955</ele>
        <time>2022-12-29T16:33:26.669Z</time>
      </trkpt>
      <trkpt lat="-34.176782" lon="18.419477">
        <ele>178.959131</ele>
        <time>2022-12-29T16:33:28.008Z</time>
      </trkpt>
      <trkpt lat="-34.176777" lon="18.419473">
        <ele>178.968528</ele>
        <time>2022-12-29T16:33:28.163Z</time>
      </trkpt>
      <trkpt lat="-34.176774" lon="18.419405">
        <ele>179.056821</ele>
        <time>2022-12-29T16:33:29.620Z</time>
      </trkpt>
      <trkpt lat="-34.176754" lon="18.419359">
        <ele>179.124199</ele>
        <time>2022-12-29T16:33:30.732Z</time>
      </trkpt>
      <trkpt lat="-34.176757" lon="18.419351">
        <ele>179.135588</ele>
        <time>2022-12-29T16:33:30.920Z</time>
      </trkpt>
      <trkpt lat="-34.176769" lon="18.419349">
        <ele>179.154573</ele>
        <time>2022-12-29T16:33:31.233Z</time>
      </trkpt>
      <trkpt lat="-34.176789" lon="18.419310">
        <ele>179.214067</ele>
        <time>2022-12-29T16:33:32.215Z</time>
      </trkpt>
      <trkpt lat="-34.176806" lon="18.419215">
        <ele>179.340091</ele>
        <time>2022-12-29T16:33:34.294Z</time>
      </trkpt>
      <trkpt lat="-34.176793" lon="18.419198">
        <ele>179.370107</ele>
        <time>2022-12-29T16:33:34.789Z</time>
      </trkpt>
      <trkpt lat="-34.176782" lon="18.419165">
        <ele>179.387926</ele>
        <time>2022-12-29T16:33:35.551Z</time>
      </trkpt>
      <trkpt lat="-34.176789" lon="18.419098">
        <ele>179.418271</ele>
        <time>2022-12-29T16:33:36.995Z</time>
      </trkpt>
      <trkpt lat="-34.176786" lon="18.419064">
        <ele>179.433635</ele>
        <time>2022-12-29T16:33:37.727Z</time>
      </trkpt>
      <trkpt lat="-34.176781" lon="18.419048">
        <ele>179.441320</ele>
        <time>2022-12-29T16:33:38.093Z</time>
      </trkpt>
      <trkpt lat="-34.176756" lon="18.418886">
        <ele>179.515368</ele>
        <time>2022-12-29T16:33:41.618Z</time>
      </trkpt>
      <trkpt lat="-34.176667" lon="18.418635">
        <ele>179.638074</ele>
        <time>2022-12-29T16:33:47.461Z</time>
      </trkpt>
      <trkpt lat="-34.176558" lon="18.418649">
        <ele>179.697608</ele>
        <time>2022-12-29T16:33:50.295Z</time>
      </trkpt>
      <trkpt lat="-34.176491" lon="18.418771">
        <ele>179.763406</ele>
        <time>2022-12-29T16:33:53.428Z</time>
      </trkpt>
      <trkpt lat="-34.176369" lon="18.419146">
        <ele>179.944468</ele>
        <time>2022-12-29T16:34:02.049Z</time>
      </trkpt>
      <trkpt lat="-34.176112" lon="18.419756">
        <ele>180.252060</ele>
        <time>2022-12-29T16:34:16.694Z</time>
      </trkpt>
      <trkpt lat="-34.175842" lon="18.420149">
        <ele>180.164815</ele>
        <time>2022-12-29T16:34:27.623Z</time>
      </trkpt>
      <trkpt lat="-34.175381" lon="18.420499">
        <ele>179.749779</ele>
        <time>2022-12-29T16:34:41.701Z</time>
      </trkpt>
      <trkpt lat="-34.175122" lon="18.420672">
        <ele>179.524179</ele>
        <time>2022-12-29T16:34:49.353Z</time>
      </trkpt>
      <trkpt lat="-34.174908" lon="18.420773">
        <ele>179.349034</ele>
        <time>2022-12-29T16:34:55.294Z</time>
      </trkpt>
      <trkpt lat="-34.174750" lon="18.420785">
        <ele>179.228341</ele>
        <time>2022-12-29T16:34:59.388Z</time>
      </trkpt>
      <trkpt lat="-34.174421" lon="18.420690">
        <ele>178.942652</ele>
        <time>2022-12-29T16:35:08.136Z</time>
      </trkpt>
      <trkpt lat="-34.174000" lon="18.420495">
        <ele>177.419199</ele>
        <time>2022-12-29T16:35:19.797Z</time>
      </trkpt>
      <trkpt lat="-34.173538" lon="18.420100">
        <ele>175.507002</ele>
        <time>2022-12-29T16:35:34.437Z</time>
      </trkpt>
      <trkpt lat="-34.173347" lon="18.420018">
        <ele>174.822100</ele>
        <time>2022-12-29T16:35:39.681Z</time>
      </trkpt>
      <trkpt lat="-34.173036" lon="18.420056">
        <ele>173.765861</ele>
        <time>2022-12-29T16:35:47.770Z</time>
      </trkpt>
      <trkpt lat="-34.172845" lon="18.420015">
        <ele>173.110364</ele>
        <time>2022-12-29T16:35:52.791Z</time>
      </trkpt>
      <trkpt lat="-34.172672" lon="18.419874">
        <ele>172.061765</ele>
        <time>2022-12-29T16:35:58.192Z</time>
      </trkpt>
      <trkpt lat="-34.172305" lon="18.419497">
        <ele>169.306057</ele>
        <time>2022-12-29T16:36:10.661Z</time>
      </trkpt>
      <trkpt lat="-34.171828" lon="18.419158">
        <ele>166.140073</ele>
        <time>2022-12-29T16:36:24.991Z</time>
      </trkpt>
      <trkpt lat="-34.171403" lon="18.418764">
        <ele>163.075527</ele>
        <time>2022-12-29T16:36:38.863Z</time>
      </trkpt>
      <trkpt lat="-34.171175" lon="18.418644">
        <ele>161.554972</ele>
        <time>2022-12-29T16:36:45.305Z</time>
      </trkpt>
      <trkpt lat="-34.170934" lon="18.418627">
        <ele>160.032710</ele>
        <time>2022-12-29T16:36:51.558Z</time>
      </trkpt>
      <trkpt lat="-34.170306" lon="18.418603">
        <ele>156.070746</ele>
        <time>2022-12-29T16:37:07.833Z</time>
      </trkpt>
      <trkpt lat="-34.169914" lon="18.418500">
        <ele>153.541171</ele>
        <time>2022-12-29T16:37:18.223Z</time>
      </trkpt>
      <trkpt lat="-34.169408" lon="18.418219">
        <ele>150.210712</ele>
        <time>2022-12-29T16:37:32.645Z</time>
      </trkpt>
      <trkpt lat="-34.168836" lon="18.417885">
        <ele>146.790160</ele>
        <time>2022-12-29T16:37:49.095Z</time>
      </trkpt>
      <trkpt lat="-34.168340" lon="18.417591">
        <ele>143.815548</ele>
        <time>2022-12-29T16:38:03.396Z</time>
      </trkpt>
      <trkpt lat="-34.167803" lon="18.417285">
        <ele>140.968599</ele>
        <time>2022-12-29T16:38:18.763Z</time>
      </trkpt>
      <trkpt lat="-34.167257" lon="18.416993">
        <ele>138.919569</ele>
        <time>2022-12-29T16:38:34.212Z</time>
      </trkpt>
      <trkpt lat="-34.166717" lon="18.416722">
        <ele>136.912963</ele>
        <time>2022-12-29T16:38:49.339Z</time>
      </trkpt>
      <trkpt lat="-34.166206" lon="18.416475">
        <ele>135.312317</ele>
        <time>2022-12-29T16:39:03.574Z</time>
      </trkpt>
      <trkpt lat="-34.165651" lon="18.416214">
        <ele>134.791952</ele>
        <time>2022-12-29T16:39:18.976Z</time>
      </trkpt>
      <trkpt lat="-34.165111" lon="18.415967">
        <ele>134.287450</ele>
        <time>2022-12-29T16:39:33.907Z</time>
      </trkpt>
      <trkpt lat="-34.164512" lon="18.415733">
        <ele>134.193044</ele>
        <time>2022-12-29T16:39:50.186Z</time>
      </trkpt>
      <trkpt lat="-34.164324" lon="18.415740">
        <ele>134.764964</ele>
        <time>2022-12-29T16:39:55.050Z</time>
      </trkpt>
      <trkpt lat="-34.164074" lon="18.415792">
        <ele>135.536311</ele>
        <time>2022-12-29T16:40:01.610Z</time>
      </trkpt>
      <trkpt lat="-34.163951" lon="18.415748">
        <ele>135.926355</ele>
        <time>2022-12-29T16:40:04.929Z</time>
      </trkpt>
      <trkpt lat="-34.163880" lon="18.415636">
        <ele>136.281338</ele>
        <time>2022-12-29T16:40:07.949Z</time>
      </trkpt>
      <trkpt lat="-34.163850" lon="18.415720">
        <ele>136.511525</ele>
        <time>2022-12-29T16:40:09.912Z</time>
      </trkpt>
      <trkpt lat="-34.162630" lon="18.413223">
        <ele>146.681147</ele>
        <time>2022-12-29T16:41:49.512Z</time>
      </trkpt>
      <trkpt lat="-34.162557" lon="18.413030">
        <ele>147.556086</ele>
        <time>2022-12-29T16:41:57.665Z</time>
      </trkpt>
      <trkpt lat="-34.161755" lon="18.410809">
        <ele>157.824133</ele>
        <time>2022-12-29T16:43:25.639Z</time>
      </trkpt>
      <trkpt lat="-34.160889" lon="18.408925">
        <ele>163.992998</ele>
        <time>2022-12-29T16:44:30.498Z</time>
      </trkpt>
      <trkpt lat="-34.160737" lon="18.408479">
        <ele>163.990117</ele>
        <time>2022-12-29T16:44:41.976Z</time>
      </trkpt>
      <trkpt lat="-34.160688" lon="18.408288">
        <ele>163.988922</ele>
        <time>2022-12-29T16:44:46.311Z</time>
      </trkpt>
      <trkpt lat="-34.160636" lon="18.407909">
        <ele>163.986628</ele>
        <time>2022-12-29T16:44:53.440Z</time>
      </trkpt>
      <trkpt lat="-34.160629" lon="18.407091">
        <ele>163.981742</ele>
        <time>2022-12-29T16:45:06.421Z</time>
      </trkpt>
      <trkpt lat="-34.160293" lon="18.406940">
        <ele>163.284914</ele>
        <time>2022-12-29T16:45:12.761Z</time>
      </trkpt>
      <trkpt lat="-34.159932" lon="18.406676">
        <ele>161.528021</ele>
        <time>2022-12-29T16:45:19.605Z</time>
      </trkpt>
      <trkpt lat="-34.159670" lon="18.406370">
        <ele>160.010924</ele>
        <time>2022-12-29T16:45:25.334Z</time>
      </trkpt>
      <trkpt lat="-34.159513" lon="18.406110">
        <ele>158.901962</ele>
        <time>2022-12-29T16:45:29.407Z</time>
      </trkpt>
      <trkpt lat="-34.159394" lon="18.405831">
        <ele>157.820509</ele>
        <time>2022-12-29T16:45:33.258Z</time>
      </trkpt>
      <trkpt lat="-34.159160" lon="18.405088">
        <ele>154.092409</ele>
        <time>2022-12-29T16:45:42.907Z</time>
      </trkpt>
      <trkpt lat="-34.159081" lon="18.404824">
        <ele>152.446648</ele>
        <time>2022-12-29T16:45:46.275Z</time>
      </trkpt>
      <trkpt lat="-34.158912" lon="18.404263">
        <ele>148.946684</ele>
        <time>2022-12-29T16:45:53.353Z</time>
      </trkpt>
      <trkpt lat="-34.158659" lon="18.403439">
        <ele>143.794243</ele>
        <time>2022-12-29T16:46:03.560Z</time>
      </trkpt>
      <trkpt lat="-34.158404" lon="18.402614">
        <ele>138.457019</ele>
        <time>2022-12-29T16:46:13.785Z</time>
      </trkpt>
      <trkpt lat="-34.158232" lon="18.402081">
        <ele>134.988881</ele>
        <time>2022-12-29T16:46:20.479Z</time>
      </trkpt>
      <trkpt lat="-34.158118" lon="18.401808">
        <ele>133.135122</ele>
        <time>2022-12-29T16:46:24.098Z</time>
      </trkpt>
      <trkpt lat="-34.158022" lon="18.401659">
        <ele>131.990348</ele>
        <time>2022-12-29T16:46:26.340Z</time>
      </trkpt>
      <trkpt lat="-34.157619" lon="18.401174">
        <ele>128.672698</ele>
        <time>2022-12-29T16:46:34.627Z</time>
      </trkpt>
      <trkpt lat="-34.156833" lon="18.400242">
        <ele>123.097812</ele>
        <time>2022-12-29T16:46:51.393Z</time>
      </trkpt>
      <trkpt lat="-34.156666" lon="18.400071">
        <ele>121.989654</ele>
        <time>2022-12-29T16:46:54.775Z</time>
      </trkpt>
      <trkpt lat="-34.156427" lon="18.399925">
        <ele>120.840560</ele>
        <time>2022-12-29T16:46:59.004Z</time>
      </trkpt>
      <trkpt lat="-34.156127" lon="18.399849">
        <ele>119.674260</ele>
        <time>2022-12-29T16:47:03.806Z</time>
      </trkpt>
      <trkpt lat="-34.155943" lon="18.399855">
        <ele>118.973894</ele>
        <time>2022-12-29T16:47:06.661Z</time>
      </trkpt>
      <trkpt lat="-34.155176" lon="18.399943">
        <ele>116.042368</ele>
        <time>2022-12-29T16:47:19.128Z</time>
      </trkpt>
      <trkpt lat="-34.154822" lon="18.400081">
        <ele>114.627061</ele>
        <time>2022-12-29T16:47:25.131Z</time>
      </trkpt>
      <trkpt lat="-34.154608" lon="18.400218">
        <ele>113.177715</ele>
        <time>2022-12-29T16:47:28.904Z</time>
      </trkpt>
      <trkpt lat="-34.154423" lon="18.400399">
        <ele>111.750360</ele>
        <time>2022-12-29T16:47:32.525Z</time>
      </trkpt>
      <trkpt lat="-34.154224" lon="18.400700">
        <ele>109.838581</ele>
        <time>2022-12-29T16:47:37.285Z</time>
      </trkpt>
      <trkpt lat="-34.154109" lon="18.400982">
        <ele>108.278539</ele>
        <time>2022-12-29T16:47:41.084Z</time>
      </trkpt>
      <trkpt lat="-34.154055" lon="18.401178">
        <ele>107.253451</ele>
        <time>2022-12-29T16:47:43.582Z</time>
      </trkpt>
      <trkpt lat="-34.153606" lon="18.403217">
        <ele>95.175887</ele>
        <time>2022-12-29T16:48:08.119Z</time>
      </trkpt>
      <trkpt lat="-34.152912" lon="18.406329">
        <ele>78.194924</ele>
        <time>2022-12-29T16:48:46.754Z</time>
      </trkpt>
      <trkpt lat="-34.152664" lon="18.407470">
        <ele>74.047489</ele>
        <time>2022-12-29T16:49:02.351Z</time>
      </trkpt>
      <trkpt lat="-34.152624" lon="18.407748">
        <ele>73.055467</ele>
        <time>2022-12-29T16:49:06.110Z</time>
      </trkpt>
      <trkpt lat="-34.152607" lon="18.408060">
        <ele>71.956200</ele>
        <time>2022-12-29T16:49:10.296Z</time>
      </trkpt>
      <trkpt lat="-34.152695" lon="18.410472">
        <ele>63.553070</ele>
        <time>2022-12-29T16:49:41.284Z</time>
      </trkpt>
      <trkpt lat="-34.152817" lon="18.411197">
        <ele>60.969960</ele>
        <time>2022-12-29T16:49:50.683Z</time>
      </trkpt>
      <trkpt lat="-34.153137" lon="18.412328">
        <ele>56.796709</ele>
        <time>2022-12-29T16:50:06.151Z</time>
      </trkpt>
      <trkpt lat="-34.153491" lon="18.413456">
        <ele>52.907363</ele>
        <time>2022-12-29T16:50:21.953Z</time>
      </trkpt>
      <trkpt lat="-34.153757" lon="18.414271">
        <ele>50.103819</ele>
        <time>2022-12-29T16:50:33.215Z</time>
      </trkpt>
      <trkpt lat="-34.154584" lon="18.416236">
        <ele>44.263510</ele>
        <time>2022-12-29T16:51:02.798Z</time>
      </trkpt>
      <trkpt lat="-34.154893" lon="18.417073">
        <ele>42.725076</ele>
        <time>2022-12-29T16:51:16.415Z</time>
      </trkpt>
      <trkpt lat="-34.155048" lon="18.417610">
        <ele>41.880070</ele>
        <time>2022-12-29T16:51:25.135Z</time>
      </trkpt>
      <trkpt lat="-34.155214" lon="18.418308">
        <ele>40.801019</ele>
        <time>2022-12-29T16:51:36.236Z</time>
      </trkpt>
      <trkpt lat="-34.155280" lon="18.418684">
        <ele>39.970351</ele>
        <time>2022-12-29T16:51:41.900Z</time>
      </trkpt>
      <trkpt lat="-34.155298" lon="18.418786">
        <ele>39.712597</ele>
        <time>2022-12-29T16:51:43.403Z</time>
      </trkpt>
      <trkpt lat="-34.155426" lon="18.420003">
        <ele>36.680674</ele>
        <time>2022-12-29T16:52:00.135Z</time>
      </trkpt>
      <trkpt lat="-34.155516" lon="18.420980">
        <ele>33.901946</ele>
        <time>2022-12-29T16:52:12.919Z</time>
      </trkpt>
      <trkpt lat="-34.155684" lon="18.421924">
        <ele>30.680783</ele>
        <time>2022-12-29T16:52:25.406Z</time>
      </trkpt>
      <trkpt lat="-34.156040" lon="18.423408">
        <ele>25.769927</ele>
        <time>2022-12-29T16:52:45.391Z</time>
      </trkpt>
      <trkpt lat="-34.156200" lon="18.423995">
        <ele>23.911327</ele>
        <time>2022-12-29T16:52:53.474Z</time>
      </trkpt>
      <trkpt lat="-34.156376" lon="18.424429">
        <ele>22.457849</ele>
        <time>2022-12-29T16:52:59.887Z</time>
      </trkpt>
      <trkpt lat="-34.157381" lon="18.426114">
        <ele>17.810020</ele>
        <time>2022-12-29T16:53:28.747Z</time>
      </trkpt>
      <trkpt lat="-34.158125" lon="18.427322">
        <ele>14.969650</ele>
        <time>2022-12-29T16:53:50.864Z</time>
      </trkpt>
      <trkpt lat="-34.159481" lon="18.429051">
        <ele>9.742864</ele>
        <time>2022-12-29T16:54:24.570Z</time>
      </trkpt>
      <trkpt lat="-34.159842" lon="18.429576">
        <ele>8.018859</ele>
        <time>2022-12-29T16:54:33.429Z</time>
      </trkpt>
      <trkpt lat="-34.159948" lon="18.429873">
        <ele>7.224105</ele>
        <time>2022-12-29T16:54:37.624Z</time>
      </trkpt>
      <trkpt lat="-34.160008" lon="18.430127">
        <ele>6.606057</ele>
        <time>2022-12-29T16:54:41.072Z</time>
      </trkpt>
      <trkpt lat="-34.160042" lon="18.430267">
        <ele>6.264670</ele>
        <time>2022-12-29T16:54:42.972Z</time>
      </trkpt>
      <trkpt lat="-34.160070" lon="18.430598">
        <ele>5.486164</ele>
        <time>2022-12-29T16:54:47.317Z</time>
      </trkpt>
      <trkpt lat="-34.160031" lon="18.430923">
        <ele>4.717778</ele>
        <time>2022-12-29T16:54:51.712Z</time>
      </trkpt>
      <trkpt lat="-34.159980" lon="18.431032">
        <ele>4.424793</ele>
        <time>2022-12-29T16:54:53.387Z</time>
      </trkpt>
      <trkpt lat="-34.159330" lon="18.431307">
        <ele>2.477457</ele>
        <time>2022-12-29T16:55:05.520Z</time>
      </trkpt>
      <trkpt lat="-34.158968" lon="18.431526">
        <ele>2.644344</ele>
        <time>2022-12-29T16:55:13.461Z</time>
      </trkpt>
      <trkpt lat="-34.158524" lon="18.431918">
        <ele>2.970170</ele>
        <time>2022-12-29T16:55:27.010Z</time>
      </trkpt>
      <trkpt lat="-34.158263" lon="18.432213">
        <ele>3.181929</ele>
        <time>2022-12-29T16:55:36.905Z</time>
      </trkpt>
      <trkpt lat="-34.157978" lon="18.432629">
        <ele>3.446744</ele>
        <time>2022-12-29T16:55:49.939Z</time>
      </trkpt>
      <trkpt lat="-34.157296" lon="18.433858">
        <ele>5.131432</ele>
        <time>2022-12-29T16:56:26.388Z</time>
      </trkpt>
      <trkpt lat="-34.157130" lon="18.434122">
        <ele>5.520192</ele>
        <time>2022-12-29T16:56:33.628Z</time>
      </trkpt>
      <trkpt lat="-34.156745" lon="18.434664">
        <ele>6.003110</ele>
        <time>2022-12-29T16:56:48.472Z</time>
      </trkpt>
      <trkpt lat="-34.156317" lon="18.435169">
        <ele>5.929635</ele>
        <time>2022-12-29T16:57:02.179Z</time>
      </trkpt>
      <trkpt lat="-34.155967" lon="18.435525">
        <ele>5.873442</ele>
        <time>2022-12-29T16:57:11.707Z</time>
      </trkpt>
      <trkpt lat="-34.155698" lon="18.435762">
        <ele>5.832551</ele>
        <time>2022-12-29T16:57:18.314Z</time>
      </trkpt>
      <trkpt lat="-34.155465" lon="18.435960">
        <ele>5.746418</ele>
        <time>2022-12-29T16:57:23.793Z</time>
      </trkpt>
      <trkpt lat="-34.154247" lon="18.436872">
        <ele>4.872812</ele>
        <time>2022-12-29T16:57:52.103Z</time>
      </trkpt>
      <trkpt lat="-34.152013" lon="18.438891">
        <ele>4.934786</ele>
        <time>2022-12-29T16:58:54.882Z</time>
      </trkpt>
      <trkpt lat="-34.151764" lon="18.439057">
        <ele>5.007882</ele>
        <time>2022-12-29T16:59:01.509Z</time>
      </trkpt>
      <trkpt lat="-34.151528" lon="18.439171">
        <ele>5.073208</ele>
        <time>2022-12-29T16:59:07.432Z</time>
      </trkpt>
      <trkpt lat="-34.150856" lon="18.439375">
        <ele>5.436960</ele>
        <time>2022-12-29T16:59:23.709Z</time>
      </trkpt>
      <trkpt lat="-34.149906" lon="18.439596">
        <ele>6.786937</ele>
        <time>2022-12-29T16:59:50.394Z</time>
      </trkpt>
      <trkpt lat="-34.149541" lon="18.439600">
        <ele>7.296280</ele>
        <time>2022-12-29T17:00:01.265Z</time>
      </trkpt>
      <trkpt lat="-34.148653" lon="18.439413">
        <ele>8.712073</ele>
        <time>2022-12-29T17:00:28.559Z</time>
      </trkpt>
      <trkpt lat="-34.147985" lon="18.439238">
        <ele>9.846363</ele>
        <time>2022-12-29T17:00:48.809Z</time>
      </trkpt>
      <trkpt lat="-34.147623" lon="18.439063">
        <ele>10.493391</ele>
        <time>2022-12-29T17:01:00.045Z</time>
      </trkpt>
      <trkpt lat="-34.147012" lon="18.438701">
        <ele>10.727099</ele>
        <time>2022-12-29T17:01:17.127Z</time>
      </trkpt>
      <trkpt lat="-34.145820" lon="18.437828">
        <ele>10.921528</ele>
        <time>2022-12-29T17:01:45.912Z</time>
      </trkpt>
      <trkpt lat="-34.145448" lon="18.437644">
        <ele>11.306663</ele>
        <time>2022-12-29T17:01:54.673Z</time>
      </trkpt>
      <trkpt lat="-34.144962" lon="18.437396">
        <ele>11.812142</ele>
        <time>2022-12-29T17:02:08.050Z</time>
      </trkpt>
      <trkpt lat="-34.144416" lon="18.437019">
        <ele>12.414679</ele>
        <time>2022-12-29T17:02:26.399Z</time>
      </trkpt>
      <trkpt lat="-34.144224" lon="18.436873">
        <ele>12.842986</ele>
        <time>2022-12-29T17:02:33.425Z</time>
      </trkpt>
      <trkpt lat="-34.144079" lon="18.436687">
        <ele>13.375099</ele>
        <time>2022-12-29T17:02:40.573Z</time>
      </trkpt>
      <trkpt lat="-34.144042" lon="18.436618">
        <ele>13.546313</ele>
        <time>2022-12-29T17:02:42.884Z</time>
      </trkpt>
      <trkpt lat="-34.143897" lon="18.436288">
        <ele>14.324373</ele>
        <time>2022-12-29T17:02:53.514Z</time>
      </trkpt>
      <trkpt lat="-34.143771" lon="18.435855">
        <ele>15.280195</ele>
        <time>2022-12-29T17:03:06.342Z</time>
      </trkpt>
      <trkpt lat="-34.143648" lon="18.435565">
        <ele>15.958798</ele>
        <time>2022-12-29T17:03:15.356Z</time>
      </trkpt>
      <trkpt lat="-34.143039" lon="18.434594">
        <ele>18.201602</ele>
        <time>2022-12-29T17:03:46.235Z</time>
      </trkpt>
      <trkpt lat="-34.142896" lon="18.434416">
        <ele>18.614620</ele>
        <time>2022-12-29T17:03:52.456Z</time>
      </trkpt>
      <trkpt lat="-34.142717" lon="18.434187">
        <ele>19.139058</ele>
        <time>2022-12-29T17:04:00.453Z</time>
      </trkpt>
      <trkpt lat="-34.142532" lon="18.433907">
        <ele>19.735577</ele>
        <time>2022-12-29T17:04:08.884Z</time>
      </trkpt>
      <trkpt lat="-34.142465" lon="18.433718">
        <ele>20.077904</ele>
        <time>2022-12-29T17:04:14.066Z</time>
      </trkpt>
      <trkpt lat="-34.142074" lon="18.432151">
        <ele>22.019658</ele>
        <time>2022-12-29T17:04:54.548Z</time>
      </trkpt>
      <trkpt lat="-34.141886" lon="18.431417">
        <ele>22.834313</ele>
        <time>2022-12-29T17:05:12.824Z</time>
      </trkpt>
      <trkpt lat="-34.141623" lon="18.430654">
        <ele>20.783045</ele>
        <time>2022-12-29T17:05:25.462Z</time>
      </trkpt>
      <trkpt lat="-34.141593" lon="18.430591">
        <ele>20.563304</ele>
        <time>2022-12-29T17:05:26.512Z</time>
      </trkpt>
      <trkpt lat="-34.141503" lon="18.430301">
        <ele>19.626943</ele>
        <time>2022-12-29T17:05:30.379Z</time>
      </trkpt>
      <trkpt lat="-34.141354" lon="18.429731">
        <ele>17.819764</ele>
        <time>2022-12-29T17:05:37.851Z</time>
      </trkpt>
      <trkpt lat="-34.141322" lon="18.429586">
        <ele>17.366071</ele>
        <time>2022-12-29T17:05:39.699Z</time>
      </trkpt>
      <trkpt lat="-34.141267" lon="18.429519">
        <ele>17.080775</ele>
        <time>2022-12-29T17:05:40.766Z</time>
      </trkpt>
      <trkpt lat="-34.141202" lon="18.429485">
        <ele>16.822045</ele>
        <time>2022-12-29T17:05:41.839Z</time>
      </trkpt>
      <trkpt lat="-34.141126" lon="18.429481">
        <ele>16.544167</ele>
        <time>2022-12-29T17:05:43.001Z</time>
      </trkpt>
      <trkpt lat="-34.141042" lon="18.429521">
        <ele>16.168728</ele>
        <time>2022-12-29T17:05:44.332Z</time>
      </trkpt>
      <trkpt lat="-34.140995" lon="18.429577">
        <ele>15.861337</ele>
        <time>2022-12-29T17:05:45.286Z</time>
      </trkpt>
      <trkpt lat="-34.140789" lon="18.429834">
        <ele>14.482414</ele>
        <time>2022-12-29T17:05:49.635Z</time>
      </trkpt>
      <trkpt lat="-34.140597" lon="18.429974">
        <ele>13.438103</ele>
        <time>2022-12-29T17:05:52.893Z</time>
      </trkpt>
      <trkpt lat="-34.139867" lon="18.430303">
        <ele>9.809839</ele>
        <time>2022-12-29T17:06:04.638Z</time>
      </trkpt>
      <trkpt lat="-34.139607" lon="18.430420">
        <ele>8.517820</ele>
        <time>2022-12-29T17:06:09.044Z</time>
      </trkpt>
      <trkpt lat="-34.138934" lon="18.430726">
        <ele>7.581856</ele>
        <time>2022-12-29T17:06:22.544Z</time>
      </trkpt>
      <trkpt lat="-34.138529" lon="18.430901">
        <ele>7.283301</ele>
        <time>2022-12-29T17:06:31.875Z</time>
      </trkpt>
      <trkpt lat="-34.138377" lon="18.430963">
        <ele>7.171944</ele>
        <time>2022-12-29T17:06:35.599Z</time>
      </trkpt>
      <trkpt lat="-34.137832" lon="18.431201">
        <ele>6.769697</ele>
        <time>2022-12-29T17:06:48.957Z</time>
      </trkpt>
      <trkpt lat="-34.137391" lon="18.431396">
        <ele>6.651972</ele>
        <time>2022-12-29T17:06:59.429Z</time>
      </trkpt>
      <trkpt lat="-34.137003" lon="18.431567">
        <ele>6.556473</ele>
        <time>2022-12-29T17:07:08.525Z</time>
      </trkpt>
      <trkpt lat="-34.136865" lon="18.431628">
        <ele>6.522495</ele>
        <time>2022-12-29T17:07:11.674Z</time>
      </trkpt>
      <trkpt lat="-34.136772" lon="18.431669">
        <ele>6.499604</ele>
        <time>2022-12-29T17:07:13.826Z</time>
      </trkpt>
      <trkpt lat="-34.135884" lon="18.432063">
        <ele>6.206911</ele>
        <time>2022-12-29T17:07:33.220Z</time>
      </trkpt>
      <trkpt lat="-34.135756" lon="18.432121">
        <ele>6.135834</ele>
        <time>2022-12-29T17:07:36.073Z</time>
      </trkpt>
      <trkpt lat="-34.135390" lon="18.432324">
        <ele>5.926447</ele>
        <time>2022-12-29T17:07:44.246Z</time>
      </trkpt>
      <trkpt lat="-34.135154" lon="18.432517">
        <ele>5.778277</ele>
        <time>2022-12-29T17:07:50.057Z</time>
      </trkpt>
      <trkpt lat="-34.134679" lon="18.433099">
        <ele>5.426533</ele>
        <time>2022-12-29T17:08:03.795Z</time>
      </trkpt>
      <trkpt lat="-34.134506" lon="18.433319">
        <ele>5.341295</ele>
        <time>2022-12-29T17:08:08.939Z</time>
      </trkpt>
      <trkpt lat="-34.134028" lon="18.434052">
        <ele>5.106812</ele>
        <time>2022-12-29T17:08:24.873Z</time>
      </trkpt>
      <trkpt lat="-34.133835" lon="18.434339">
        <ele>5.013894</ele>
        <time>2022-12-29T17:08:31.304Z</time>
      </trkpt>
      <trkpt lat="-34.133492" lon="18.434916">
        <ele>4.878515</ele>
        <time>2022-12-29T17:08:44.282Z</time>
      </trkpt>
      <trkpt lat="-34.133421" lon="18.435044">
        <ele>4.910792</ele>
        <time>2022-12-29T17:08:47.207Z</time>
      </trkpt>
      <trkpt lat="-34.133106" lon="18.435636">
        <ele>5.058217</ele>
        <time>2022-12-29T17:09:00.896Z</time>
      </trkpt>
      <trkpt lat="-34.133057" lon="18.435739">
        <ele>5.083103</ele>
        <time>2022-12-29T17:09:03.201Z</time>
      </trkpt>
      <trkpt lat="-34.133039" lon="18.435780">
        <ele>5.092825</ele>
        <time>2022-12-29T17:09:04.085Z</time>
      </trkpt>
      <trkpt lat="-34.132523" lon="18.436838">
        <ele>5.490322</ele>
        <time>2022-12-29T17:09:27.917Z</time>
      </trkpt>
      <trkpt lat="-34.132254" lon="18.437389">
        <ele>6.146907</ele>
        <time>2022-12-29T17:09:41.029Z</time>
      </trkpt>
      <trkpt lat="-34.132244" lon="18.437409">
        <ele>6.170889</ele>
        <time>2022-12-29T17:09:41.526Z</time>
      </trkpt>
      <trkpt lat="-34.132169" lon="18.437566">
        <ele>6.356945</ele>
        <time>2022-12-29T17:09:45.492Z</time>
      </trkpt>
      <trkpt lat="-34.132138" lon="18.437641">
        <ele>6.442989</ele>
        <time>2022-12-29T17:09:47.331Z</time>
      </trkpt>
      <trkpt lat="-34.131981" lon="18.437974">
        <ele>6.836336</ele>
        <time>2022-12-29T17:09:56.283Z</time>
      </trkpt>
      <trkpt lat="-34.131716" lon="18.438632">
        <ele>7.561316</ele>
        <time>2022-12-29T17:10:15.019Z</time>
      </trkpt>
      <trkpt lat="-34.131660" lon="18.438805">
        <ele>7.636277</ele>
        <time>2022-12-29T17:10:19.832Z</time>
      </trkpt>
      <trkpt lat="-34.131612" lon="18.439042">
        <ele>7.734738</ele>
        <time>2022-12-29T17:10:26.030Z</time>
      </trkpt>
      <trkpt lat="-34.131595" lon="18.439330">
        <ele>7.851253</ele>
        <time>2022-12-29T17:10:32.470Z</time>
      </trkpt>
      <trkpt lat="-34.131660" lon="18.440013">
        <ele>8.128688</ele>
        <time>2022-12-29T17:10:45.494Z</time>
      </trkpt>
      <trkpt lat="-34.131706" lon="18.440381">
        <ele>8.278875</ele>
        <time>2022-12-29T17:10:51.940Z</time>
      </trkpt>
      <trkpt lat="-34.131783" lon="18.440647">
        <ele>8.392592</ele>
        <time>2022-12-29T17:10:56.767Z</time>
      </trkpt>
      <trkpt lat="-34.132041" lon="18.441285">
        <ele>7.801027</ele>
        <time>2022-12-29T17:11:08.276Z</time>
      </trkpt>
      <trkpt lat="-34.132219" lon="18.442179">
        <ele>6.908471</ele>
        <time>2022-12-29T17:11:22.352Z</time>
      </trkpt>
      <trkpt lat="-34.132348" lon="18.443119">
        <ele>6.234368</ele>
        <time>2022-12-29T17:11:36.646Z</time>
      </trkpt>
      <trkpt lat="-34.132427" lon="18.443883">
        <ele>6.057698</ele>
        <time>2022-12-29T17:11:50.376Z</time>
      </trkpt>
      <trkpt lat="-34.132407" lon="18.444474">
        <ele>5.921974</ele>
        <time>2022-12-29T17:12:01.933Z</time>
      </trkpt>
      <trkpt lat="-34.132272" lon="18.445835">
        <ele>6.097688</ele>
        <time>2022-12-29T17:12:27.727Z</time>
      </trkpt>
      <trkpt lat="-34.132219" lon="18.446173">
        <ele>6.206643</ele>
        <time>2022-12-29T17:12:34.402Z</time>
      </trkpt>
      <trkpt lat="-34.132120" lon="18.446432">
        <ele>6.296998</ele>
        <time>2022-12-29T17:12:40.115Z</time>
      </trkpt>
      <trkpt lat="-34.131929" lon="18.446705">
        <ele>6.410211</ele>
        <time>2022-12-29T17:12:47.423Z</time>
      </trkpt>
      <trkpt lat="-34.131576" lon="18.447007">
        <ele>6.636743</ele>
        <time>2022-12-29T17:12:58.273Z</time>
      </trkpt>
      <trkpt lat="-34.131116" lon="18.447384">
        <ele>7.024600</ele>
        <time>2022-12-29T17:13:12.439Z</time>
      </trkpt>
      <trkpt lat="-34.131051" lon="18.447437">
        <ele>7.079318</ele>
        <time>2022-12-29T17:13:14.490Z</time>
      </trkpt>
      <trkpt lat="-34.130765" lon="18.447665">
        <ele>7.318410</ele>
        <time>2022-12-29T17:13:23.282Z</time>
      </trkpt>
      <trkpt lat="-34.130500" lon="18.447868">
        <ele>7.537356</ele>
        <time>2022-12-29T17:13:31.301Z</time>
      </trkpt>
      <trkpt lat="-34.130276" lon="18.447993">
        <ele>7.709523</ele>
        <time>2022-12-29T17:13:37.436Z</time>
      </trkpt>
      <trkpt lat="-34.130031" lon="18.448060">
        <ele>7.706043</ele>
        <time>2022-12-29T17:13:43.567Z</time>
      </trkpt>
      <trkpt lat="-34.129918" lon="18.448078">
        <ele>7.674648</ele>
        <time>2022-12-29T17:13:46.267Z</time>
      </trkpt>
      <trkpt lat="-34.129654" lon="18.448077">
        <ele>7.601929</ele>
        <time>2022-12-29T17:13:52.160Z</time>
      </trkpt>
      <trkpt lat="-34.129286" lon="18.447933">
        <ele>7.495379</ele>
        <time>2022-12-29T17:14:00.163Z</time>
      </trkpt>
      <trkpt lat="-34.129071" lon="18.447839">
        <ele>7.432398</ele>
        <time>2022-12-29T17:14:04.867Z</time>
      </trkpt>
      <trkpt lat="-34.128720" lon="18.447735">
        <ele>7.332850</ele>
        <time>2022-12-29T17:14:12.161Z</time>
      </trkpt>
      <trkpt lat="-34.128528" lon="18.447728">
        <ele>7.279939</ele>
        <time>2022-12-29T17:14:15.934Z</time>
      </trkpt>
      <trkpt lat="-34.128318" lon="18.447754">
        <ele>7.116517</ele>
        <time>2022-12-29T17:14:20.131Z</time>
      </trkpt>
      <trkpt lat="-34.128209" lon="18.447788">
        <ele>7.002675</ele>
        <time>2022-12-29T17:14:22.297Z</time>
      </trkpt>
      <trkpt lat="-34.128153" lon="18.447813">
        <ele>6.942302</ele>
        <time>2022-12-29T17:14:23.437Z</time>
      </trkpt>
      <trkpt lat="-34.127817" lon="18.447993">
        <ele>6.570608</ele>
        <time>2022-12-29T17:14:30.598Z</time>
      </trkpt>
      <trkpt lat="-34.127558" lon="18.448155">
        <ele>6.275667</ele>
        <time>2022-12-29T17:14:36.201Z</time>
      </trkpt>
      <trkpt lat="-34.127525" lon="18.448181">
        <ele>6.235826</ele>
        <time>2022-12-29T17:14:36.926Z</time>
      </trkpt>
      <trkpt lat="-34.127325" lon="18.448363">
        <ele>5.982612</ele>
        <time>2022-12-29T17:14:41.571Z</time>
      </trkpt>
      <trkpt lat="-34.127222" lon="18.448462">
        <ele>5.849506</ele>
        <time>2022-12-29T17:14:43.951Z</time>
      </trkpt>
      <trkpt lat="-34.127033" lon="18.448653">
        <ele>5.600319</ele>
        <time>2022-12-29T17:14:48.598Z</time>
      </trkpt>
      <trkpt lat="-34.126994" lon="18.448692">
        <ele>5.549120</ele>
        <time>2022-12-29T17:14:49.552Z</time>
      </trkpt>
      <trkpt lat="-34.126948" lon="18.448743">
        <ele>5.485981</ele>
        <time>2022-12-29T17:14:50.713Z</time>
      </trkpt>
      <trkpt lat="-34.126879" lon="18.448819">
        <ele>5.417695</ele>
        <time>2022-12-29T17:14:52.620Z</time>
      </trkpt>
      <trkpt lat="-34.126602" lon="18.449162">
        <ele>5.223147</ele>
        <time>2022-12-29T17:15:00.561Z</time>
      </trkpt>
      <trkpt lat="-34.126570" lon="18.449203">
        <ele>5.200270</ele>
        <time>2022-12-29T17:15:01.510Z</time>
      </trkpt>
      <trkpt lat="-34.126513" lon="18.449281">
        <ele>5.158028</ele>
        <time>2022-12-29T17:15:03.237Z</time>
      </trkpt>
      <trkpt lat="-34.126394" lon="18.449433">
        <ele>5.073089</ele>
        <time>2022-12-29T17:15:06.844Z</time>
      </trkpt>
      <trkpt lat="-34.126247" lon="18.449620">
        <ele>4.968389</ele>
        <time>2022-12-29T17:15:11.153Z</time>
      </trkpt>
      <trkpt lat="-34.126077" lon="18.449833">
        <ele>4.848264</ele>
        <time>2022-12-29T17:15:16.384Z</time>
      </trkpt>
      <trkpt lat="-34.126036" lon="18.449882">
        <ele>4.819978</ele>
        <time>2022-12-29T17:15:17.576Z</time>
      </trkpt>
      <trkpt lat="-34.125941" lon="18.449998">
        <ele>4.753729</ele>
        <time>2022-12-29T17:15:20.491Z</time>
      </trkpt>
      <trkpt lat="-34.125894" lon="18.450052">
        <ele>4.721917</ele>
        <time>2022-12-29T17:15:21.978Z</time>
      </trkpt>
      <trkpt lat="-34.125762" lon="18.450197">
        <ele>4.634413</ele>
        <time>2022-12-29T17:15:25.890Z</time>
      </trkpt>
      <trkpt lat="-34.125675" lon="18.450290">
        <ele>4.577437</ele>
        <time>2022-12-29T17:15:28.444Z</time>
      </trkpt>
      <trkpt lat="-34.125303" lon="18.450740">
        <ele>4.388770</ele>
        <time>2022-12-29T17:15:39.872Z</time>
      </trkpt>
      <trkpt lat="-34.125073" lon="18.451019">
        <ele>4.275045</ele>
        <time>2022-12-29T17:15:46.877Z</time>
      </trkpt>
      <trkpt lat="-34.125007" lon="18.451096">
        <ele>4.243031</ele>
        <time>2022-12-29T17:15:48.816Z</time>
      </trkpt>
      <trkpt lat="-34.124974" lon="18.451136">
        <ele>4.226720</ele>
        <time>2022-12-29T17:15:49.772Z</time>
      </trkpt>
      <trkpt lat="-34.124915" lon="18.451204">
        <ele>4.198268</ele>
        <time>2022-12-29T17:15:51.454Z</time>
      </trkpt>
      <trkpt lat="-34.124864" lon="18.451264">
        <ele>4.173429</ele>
        <time>2022-12-29T17:15:52.925Z</time>
      </trkpt>
      <trkpt lat="-34.124615" lon="18.451551">
        <ele>4.053349</ele>
        <time>2022-12-29T17:15:59.802Z</time>
      </trkpt>
      <trkpt lat="-34.124570" lon="18.451604">
        <ele>4.031421</ele>
        <time>2022-12-29T17:16:01.073Z</time>
      </trkpt>
      <trkpt lat="-34.124313" lon="18.451907">
        <ele>3.929016</ele>
        <time>2022-12-29T17:16:08.383Z</time>
      </trkpt>
      <trkpt lat="-34.124133" lon="18.452130">
        <ele>3.916816</ele>
        <time>2022-12-29T17:16:13.832Z</time>
      </trkpt>
      <trkpt lat="-34.123922" lon="18.452393">
        <ele>3.902470</ele>
        <time>2022-12-29T17:16:20.524Z</time>
      </trkpt>
      <trkpt lat="-34.123906" lon="18.452415">
        <ele>3.901323</ele>
        <time>2022-12-29T17:16:21.071Z</time>
      </trkpt>
      <trkpt lat="-34.123877" lon="18.452453">
        <ele>3.899298</ele>
        <time>2022-12-29T17:16:22.021Z</time>
      </trkpt>
      <trkpt lat="-34.123588" lon="18.452842">
        <ele>3.878824</ele>
        <time>2022-12-29T17:16:31.767Z</time>
      </trkpt>
      <trkpt lat="-34.123424" lon="18.453028">
        <ele>3.868180</ele>
        <time>2022-12-29T17:16:36.713Z</time>
      </trkpt>
      <trkpt lat="-34.123310" lon="18.453133">
        <ele>3.861396</ele>
        <time>2022-12-29T17:16:39.795Z</time>
      </trkpt>
      <trkpt lat="-34.123186" lon="18.453224">
        <ele>3.854531</ele>
        <time>2022-12-29T17:16:43.068Z</time>
      </trkpt>
      <trkpt lat="-34.122809" lon="18.453438">
        <ele>3.976741</ele>
        <time>2022-12-29T17:16:52.689Z</time>
      </trkpt>
      <trkpt lat="-34.122621" lon="18.453552">
        <ele>4.078200</ele>
        <time>2022-12-29T17:16:57.753Z</time>
      </trkpt>
      <trkpt lat="-34.122462" lon="18.453676">
        <ele>4.169482</ele>
        <time>2022-12-29T17:17:02.550Z</time>
      </trkpt>
      <trkpt lat="-34.122220" lon="18.453937">
        <ele>4.325956</ele>
        <time>2022-12-29T17:17:10.831Z</time>
      </trkpt>
      <trkpt lat="-34.122101" lon="18.454089">
        <ele>4.409488</ele>
        <time>2022-12-29T17:17:15.183Z</time>
      </trkpt>
      <trkpt lat="-34.121596" lon="18.454737">
        <ele>4.737539</ele>
        <time>2022-12-29T17:17:33.047Z</time>
      </trkpt>
      <trkpt lat="-34.121545" lon="18.454803">
        <ele>4.753836</ele>
        <time>2022-12-29T17:17:34.807Z</time>
      </trkpt>
      <trkpt lat="-34.121437" lon="18.454952">
        <ele>4.789584</ele>
        <time>2022-12-29T17:17:38.528Z</time>
      </trkpt>
      <trkpt lat="-34.121358" lon="18.455062">
        <ele>4.815871</ele>
        <time>2022-12-29T17:17:41.162Z</time>
      </trkpt>
      <trkpt lat="-34.121098" lon="18.455451">
        <ele>4.906118</ele>
        <time>2022-12-29T17:17:50.532Z</time>
      </trkpt>
      <trkpt lat="-34.120787" lon="18.455930">
        <ele>5.016002</ele>
        <time>2022-12-29T17:18:02.160Z</time>
      </trkpt>
      <trkpt lat="-34.120442" lon="18.456469">
        <ele>5.100815</ele>
        <time>2022-12-29T17:18:15.286Z</time>
      </trkpt>
      <trkpt lat="-34.120170" lon="18.456871">
        <ele>5.081979</ele>
        <time>2022-12-29T17:18:25.164Z</time>
      </trkpt>
      <trkpt lat="-34.120104" lon="18.456957">
        <ele>5.077724</ele>
        <time>2022-12-29T17:18:27.331Z</time>
      </trkpt>
      <trkpt lat="-34.119902" lon="18.457219">
        <ele>5.064735</ele>
        <time>2022-12-29T17:18:34.015Z</time>
      </trkpt>
      <trkpt lat="-34.119705" lon="18.457465">
        <ele>5.052318</ele>
        <time>2022-12-29T17:18:40.314Z</time>
      </trkpt>
      <trkpt lat="-34.119489" lon="18.457713">
        <ele>5.039258</ele>
        <time>2022-12-29T17:18:46.794Z</time>
      </trkpt>
      <trkpt lat="-34.119404" lon="18.457809">
        <ele>5.034158</ele>
        <time>2022-12-29T17:18:49.259Z</time>
      </trkpt>
      <trkpt lat="-34.119219" lon="18.458027">
        <ele>4.955054</ele>
        <time>2022-12-29T17:18:54.552Z</time>
      </trkpt>
      <trkpt lat="-34.118937" lon="18.458345">
        <ele>4.731583</ele>
        <time>2022-12-29T17:19:02.159Z</time>
      </trkpt>
      <trkpt lat="-34.118909" lon="18.458378">
        <ele>4.708923</ele>
        <time>2022-12-29T17:19:02.934Z</time>
      </trkpt>
      <trkpt lat="-34.118325" lon="18.459110">
        <ele>4.221416</ele>
        <time>2022-12-29T17:19:20.015Z</time>
      </trkpt>
      <trkpt lat="-34.117988" lon="18.459537">
        <ele>3.976899</ele>
        <time>2022-12-29T17:19:29.811Z</time>
      </trkpt>
      <trkpt lat="-34.117864" lon="18.459708">
        <ele>3.955090</ele>
        <time>2022-12-29T17:19:33.696Z</time>
      </trkpt>
      <trkpt lat="-34.117722" lon="18.459923">
        <ele>3.928702</ele>
        <time>2022-12-29T17:19:38.451Z</time>
      </trkpt>
      <trkpt lat="-34.117703" lon="18.459954">
        <ele>3.925002</ele>
        <time>2022-12-29T17:19:39.137Z</time>
      </trkpt>
      <trkpt lat="-34.117411" lon="18.460394">
        <ele>3.870898</ele>
        <time>2022-12-29T17:19:49.045Z</time>
      </trkpt>
      <trkpt lat="-34.116919" lon="18.460941">
        <ele>3.793405</ele>
        <time>2022-12-29T17:20:04.419Z</time>
      </trkpt>
      <trkpt lat="-34.116340" lon="18.461686">
        <ele>3.797258</ele>
        <time>2022-12-29T17:20:24.533Z</time>
      </trkpt>
      <trkpt lat="-34.116276" lon="18.461782">
        <ele>3.800004</ele>
        <time>2022-12-29T17:20:26.764Z</time>
      </trkpt>
      <trkpt lat="-34.116146" lon="18.461972">
        <ele>3.805494</ele>
        <time>2022-12-29T17:20:31.436Z</time>
      </trkpt>
      <trkpt lat="-34.115833" lon="18.462453">
        <ele>3.819122</ele>
        <time>2022-12-29T17:20:42.071Z</time>
      </trkpt>
      <trkpt lat="-34.115417" lon="18.463196">
        <ele>3.709109</ele>
        <time>2022-12-29T17:20:57.891Z</time>
      </trkpt>
      <trkpt lat="-34.115242" lon="18.463411">
        <ele>3.646804</ele>
        <time>2022-12-29T17:21:03.437Z</time>
      </trkpt>
      <trkpt lat="-34.115109" lon="18.463536">
        <ele>3.604741</ele>
        <time>2022-12-29T17:21:06.863Z</time>
      </trkpt>
      <trkpt lat="-34.114768" lon="18.463888">
        <ele>3.492779</ele>
        <time>2022-12-29T17:21:16.617Z</time>
      </trkpt>
      <trkpt lat="-34.113750" lon="18.465273">
        <ele>3.415772</ele>
        <time>2022-12-29T17:21:49.312Z</time>
      </trkpt>
      <trkpt lat="-34.113714" lon="18.465321">
        <ele>3.417687</ele>
        <time>2022-12-29T17:21:50.524Z</time>
      </trkpt>
      <trkpt lat="-34.113414" lon="18.465722">
        <ele>3.433666</ele>
        <time>2022-12-29T17:22:01.131Z</time>
      </trkpt>
      <trkpt lat="-34.113253" lon="18.465873">
        <ele>3.440944</ele>
        <time>2022-12-29T17:22:06.070Z</time>
      </trkpt>
      <trkpt lat="-34.113109" lon="18.465978">
        <ele>3.519255</ele>
        <time>2022-12-29T17:22:10.277Z</time>
      </trkpt>
      <trkpt lat="-34.112884" lon="18.466086">
        <ele>3.647785</ele>
        <time>2022-12-29T17:22:16.135Z</time>
      </trkpt>
      <trkpt lat="-34.112862" lon="18.466093">
        <ele>3.659862</ele>
        <time>2022-12-29T17:22:16.694Z</time>
      </trkpt>
      <trkpt lat="-34.111744" lon="18.466388">
        <ele>4.267358</ele>
        <time>2022-12-29T17:22:43.900Z</time>
      </trkpt>
      <trkpt lat="-34.111562" lon="18.466453">
        <ele>4.368109</ele>
        <time>2022-12-29T17:22:48.715Z</time>
      </trkpt>
      <trkpt lat="-34.111262" lon="18.466616">
        <ele>4.698392</ele>
        <time>2022-12-29T17:22:57.342Z</time>
      </trkpt>
      <trkpt lat="-34.110728" lon="18.466996">
        <ele>5.377757</ele>
        <time>2022-12-29T17:23:13.719Z</time>
      </trkpt>
      <trkpt lat="-34.109800" lon="18.467434">
        <ele>6.551756</ele>
        <time>2022-12-29T17:23:40.403Z</time>
      </trkpt>
      <trkpt lat="-34.109511" lon="18.467569">
        <ele>7.164680</ele>
        <time>2022-12-29T17:23:49.580Z</time>
      </trkpt>
      <trkpt lat="-34.109208" lon="18.467670">
        <ele>7.786437</ele>
        <time>2022-12-29T17:23:59.357Z</time>
      </trkpt>
      <trkpt lat="-34.109116" lon="18.467693">
        <ele>7.972276</ele>
        <time>2022-12-29T17:24:02.251Z</time>
      </trkpt>
      <trkpt lat="-34.109081" lon="18.467702">
        <ele>8.043059</ele>
        <time>2022-12-29T17:24:03.397Z</time>
      </trkpt>
      <trkpt lat="-34.108579" lon="18.467816">
        <ele>9.053442</ele>
        <time>2022-12-29T17:24:19.647Z</time>
      </trkpt>
      <trkpt lat="-34.108463" lon="18.467836">
        <ele>9.285222</ele>
        <time>2022-12-29T17:24:23.296Z</time>
      </trkpt>
      <trkpt lat="-34.108202" lon="18.467832">
        <ele>9.801535</ele>
        <time>2022-12-29T17:24:31.358Z</time>
      </trkpt>
      <trkpt lat="-34.108115" lon="18.467838">
        <ele>9.953494</ele>
        <time>2022-12-29T17:24:33.994Z</time>
      </trkpt>
      <trkpt lat="-34.107864" lon="18.467848">
        <ele>10.239068</ele>
        <time>2022-12-29T17:24:41.331Z</time>
      </trkpt>
      <trkpt lat="-34.107809" lon="18.467851">
        <ele>10.301674</ele>
        <time>2022-12-29T17:24:42.890Z</time>
      </trkpt>
      <trkpt lat="-34.107020" lon="18.467889">
        <ele>11.199583</ele>
        <time>2022-12-29T17:25:04.781Z</time>
      </trkpt>
      <trkpt lat="-34.106873" lon="18.467924">
        <ele>11.369959</ele>
        <time>2022-12-29T17:25:08.726Z</time>
      </trkpt>
      <trkpt lat="-34.106796" lon="18.467943">
        <ele>11.459327</ele>
        <time>2022-12-29T17:25:10.824Z</time>
      </trkpt>
      <trkpt lat="-34.106554" lon="18.467957">
        <ele>11.734828</ele>
        <time>2022-12-29T17:25:16.810Z</time>
      </trkpt>
      <trkpt lat="-34.106316" lon="18.467961">
        <ele>11.948938</ele>
        <time>2022-12-29T17:25:22.424Z</time>
      </trkpt>
      <trkpt lat="-34.106274" lon="18.467985">
        <ele>11.914679</ele>
        <time>2022-12-29T17:25:23.375Z</time>
      </trkpt>
      <trkpt lat="-34.106150" lon="18.467988">
        <ele>11.823233</ele>
        <time>2022-12-29T17:25:26.039Z</time>
      </trkpt>
      <trkpt lat="-34.105711" lon="18.467996">
        <ele>11.499512</ele>
        <time>2022-12-29T17:25:35.174Z</time>
      </trkpt>
      <trkpt lat="-34.105651" lon="18.467999">
        <ele>11.455235</ele>
        <time>2022-12-29T17:25:36.385Z</time>
      </trkpt>
      <trkpt lat="-34.105556" lon="18.468001">
        <ele>11.385179</ele>
        <time>2022-12-29T17:25:38.225Z</time>
      </trkpt>
      <trkpt lat="-34.105253" lon="18.468002">
        <ele>11.161770</ele>
        <time>2022-12-29T17:25:44.045Z</time>
      </trkpt>
      <trkpt lat="-34.105037" lon="18.468009">
        <ele>11.002451</ele>
        <time>2022-12-29T17:25:48.134Z</time>
      </trkpt>
      <trkpt lat="-34.104269" lon="18.468039">
        <ele>10.241642</ele>
        <time>2022-12-29T17:26:02.589Z</time>
      </trkpt>
      <trkpt lat="-34.104154" lon="18.468043">
        <ele>10.078017</ele>
        <time>2022-12-29T17:26:04.714Z</time>
      </trkpt>
      <trkpt lat="-34.103787" lon="18.468065">
        <ele>9.555414</ele>
        <time>2022-12-29T17:26:11.471Z</time>
      </trkpt>
      <trkpt lat="-34.103716" lon="18.468076">
        <ele>9.453607</ele>
        <time>2022-12-29T17:26:12.770Z</time>
      </trkpt>
      <trkpt lat="-34.103600" lon="18.468087">
        <ele>9.288120</ele>
        <time>2022-12-29T17:26:14.901Z</time>
      </trkpt>
      <trkpt lat="-34.103489" lon="18.468093">
        <ele>9.130094</ele>
        <time>2022-12-29T17:26:16.942Z</time>
      </trkpt>
      <trkpt lat="-34.103037" lon="18.468125">
        <ele>8.486139</ele>
        <time>2022-12-29T17:26:25.223Z</time>
      </trkpt>
      <trkpt lat="-34.102561" lon="18.468162">
        <ele>7.900446</ele>
        <time>2022-12-29T17:26:33.998Z</time>
      </trkpt>
      <trkpt lat="-34.102447" lon="18.468171">
        <ele>7.791916</ele>
        <time>2022-12-29T17:26:36.128Z</time>
      </trkpt>
      <trkpt lat="-34.102359" lon="18.468178">
        <ele>7.708135</ele>
        <time>2022-12-29T17:26:37.782Z</time>
      </trkpt>
      <trkpt lat="-34.101656" lon="18.468218">
        <ele>7.039549</ele>
        <time>2022-12-29T17:26:51.069Z</time>
      </trkpt>
      <trkpt lat="-34.101193" lon="18.468236">
        <ele>6.599474</ele>
        <time>2022-12-29T17:27:00.151Z</time>
      </trkpt>
      <trkpt lat="-34.100815" lon="18.468215">
        <ele>6.582670</ele>
        <time>2022-12-29T17:27:08.515Z</time>
      </trkpt>
      <trkpt lat="-34.100415" lon="18.468128">
        <ele>7.153837</ele>
        <time>2022-12-29T17:27:17.722Z</time>
      </trkpt>
      <trkpt lat="-34.099869" lon="18.468004">
        <ele>7.934586</ele>
        <time>2022-12-29T17:27:32.566Z</time>
      </trkpt>
      <trkpt lat="-34.099648" lon="18.467947">
        <ele>8.252164</ele>
        <time>2022-12-29T17:27:38.721Z</time>
      </trkpt>
      <trkpt lat="-34.099663" lon="18.467720">
        <ele>8.517160</ele>
        <time>2022-12-29T17:27:45.120Z</time>
      </trkpt>
      <trkpt lat="-34.099595" lon="18.467578">
        <ele>8.708045</ele>
        <time>2022-12-29T17:27:49.218Z</time>
      </trkpt>
      <trkpt lat="-34.099512" lon="18.467540">
        <ele>8.832787</ele>
        <time>2022-12-29T17:27:52.370Z</time>
      </trkpt>
      <trkpt lat="-34.099285" lon="18.467554">
        <ele>9.898917</ele>
        <time>2022-12-29T17:28:00.614Z</time>
      </trkpt>
      <trkpt lat="-34.099111" lon="18.467521">
        <ele>10.896707</ele>
        <time>2022-12-29T17:28:07.532Z</time>
      </trkpt>
      <trkpt lat="-34.098410" lon="18.467157">
        <ele>15.219407</ele>
        <time>2022-12-29T17:28:40.828Z</time>
      </trkpt>
      <trkpt lat="-34.097244" lon="18.465972">
        <ele>25.876176</ele>
        <time>2022-12-29T17:30:00.605Z</time>
      </trkpt>
      <trkpt lat="-34.097229" lon="18.465894">
        <ele>26.411596</ele>
        <time>2022-12-29T17:30:05.556Z</time>
      </trkpt>
      <trkpt lat="-34.097248" lon="18.465857">
        <ele>26.702701</ele>
        <time>2022-12-29T17:30:07.934Z</time>
      </trkpt>
      <trkpt lat="-34.097307" lon="18.465833">
        <ele>27.205400</ele>
        <time>2022-12-29T17:30:10.930Z</time>
      </trkpt>
      <trkpt lat="-34.097811" lon="18.466056">
        <ele>31.539523</ele>
        <time>2022-12-29T17:30:39.137Z</time>
      </trkpt>
      <trkpt lat="-34.098460" lon="18.466162">
        <ele>36.690478</ele>
        <time>2022-12-29T17:31:19.623Z</time>
      </trkpt>
      <trkpt lat="-34.099114" lon="18.466144">
        <ele>41.746895</ele>
        <time>2022-12-29T17:31:57.313Z</time>
      </trkpt>
      <trkpt lat="-34.099323" lon="18.466123">
        <ele>43.367946</ele>
        <time>2022-12-29T17:32:07.974Z</time>
      </trkpt>
      <trkpt lat="-34.099484" lon="18.466020">
        <ele>44.776236</ele>
        <time>2022-12-29T17:32:17.577Z</time>
      </trkpt>
      <trkpt lat="-34.099543" lon="18.465837">
        <ele>46.033183</ele>
        <time>2022-12-29T17:32:25.294Z</time>
      </trkpt>
      <trkpt lat="-34.099576" lon="18.465549">
        <ele>47.672929</ele>
        <time>2022-12-29T17:32:37.153Z</time>
      </trkpt>
      <trkpt lat="-34.099235" lon="18.465497">
        <ele>48.754774</ele>
        <time>2022-12-29T17:32:51.751Z</time>
      </trkpt>
      <trkpt lat="-34.098453" lon="18.465306">
        <ele>51.266013</ele>
        <time>2022-12-29T17:33:22.341Z</time>
      </trkpt>
      <trkpt lat="-34.097978" lon="18.465145">
        <ele>52.818883</ele>
        <time>2022-12-29T17:33:35.671Z</time>
      </trkpt>
      <trkpt lat="-34.097808" lon="18.465074">
        <ele>53.102000</ele>
        <time>2022-12-29T17:33:39.227Z</time>
      </trkpt>
      <trkpt lat="-34.097403" lon="18.464876">
        <ele>52.556895</ele>
        <time>2022-12-29T17:33:47.459Z</time>
      </trkpt>
      <trkpt lat="-34.096399" lon="18.464251">
        <ele>51.147693</ele>
        <time>2022-12-29T17:34:08.052Z</time>
      </trkpt>
      <trkpt lat="-34.095896" lon="18.463930">
        <ele>50.479498</ele>
        <time>2022-12-29T17:34:18.132Z</time>
      </trkpt>
      <trkpt lat="-34.095319" lon="18.463474">
        <ele>49.690658</ele>
        <time>2022-12-29T17:34:30.530Z</time>
      </trkpt>
      <trkpt lat="-34.095029" lon="18.463192">
        <ele>49.264728</ele>
        <time>2022-12-29T17:34:37.714Z</time>
      </trkpt>
      <trkpt lat="-34.094634" lon="18.462740">
        <ele>49.244355</ele>
        <time>2022-12-29T17:34:49.451Z</time>
      </trkpt>
      <trkpt lat="-34.094370" lon="18.462380">
        <ele>49.938215</ele>
        <time>2022-12-29T17:35:00.252Z</time>
      </trkpt>
      <trkpt lat="-34.094142" lon="18.462020">
        <ele>50.592178</ele>
        <time>2022-12-29T17:35:11.294Z</time>
      </trkpt>
      <trkpt lat="-34.093827" lon="18.461375">
        <ele>51.672670</ele>
        <time>2022-12-29T17:35:30.895Z</time>
      </trkpt>
      <trkpt lat="-34.093666" lon="18.460911">
        <ele>52.522764</ele>
        <time>2022-12-29T17:35:46.560Z</time>
      </trkpt>
      <trkpt lat="-34.093593" lon="18.460618">
        <ele>53.107141</ele>
        <time>2022-12-29T17:35:55.371Z</time>
      </trkpt>
      <trkpt lat="-34.093394" lon="18.459492">
        <ele>55.306115</ele>
        <time>2022-12-29T17:36:25.220Z</time>
      </trkpt>
      <trkpt lat="-34.093303" lon="18.459200">
        <ele>55.901989</ele>
        <time>2022-12-29T17:36:32.967Z</time>
      </trkpt>
      <trkpt lat="-34.093137" lon="18.458867">
        <ele>56.532634</ele>
        <time>2022-12-29T17:36:41.589Z</time>
      </trkpt>
      <trkpt lat="-34.092990" lon="18.458671">
        <ele>56.920460</ele>
        <time>2022-12-29T17:36:47.101Z</time>
      </trkpt>
      <trkpt lat="-34.092825" lon="18.458508">
        <ele>57.298005</ele>
        <time>2022-12-29T17:36:52.661Z</time>
      </trkpt>
      <trkpt lat="-34.092605" lon="18.458346">
        <ele>57.754357</ele>
        <time>2022-12-29T17:36:59.927Z</time>
      </trkpt>
      <trkpt lat="-34.091538" lon="18.457683">
        <ele>60.560408</ele>
        <time>2022-12-29T17:37:36.125Z</time>
      </trkpt>
      <trkpt lat="-34.091125" lon="18.457314">
        <ele>62.636926</ele>
        <time>2022-12-29T17:37:56.820Z</time>
      </trkpt>
      <trkpt lat="-34.090911" lon="18.457045">
        <ele>63.885461</ele>
        <time>2022-12-29T17:38:09.630Z</time>
      </trkpt>
      <trkpt lat="-34.090677" lon="18.456656">
        <ele>65.494768</ele>
        <time>2022-12-29T17:38:26.380Z</time>
      </trkpt>
      <trkpt lat="-34.090524" lon="18.456296">
        <ele>66.766364</ele>
        <time>2022-12-29T17:38:40.344Z</time>
      </trkpt>
      <trkpt lat="-34.090435" lon="18.456009">
        <ele>67.424291</ele>
        <time>2022-12-29T17:38:51.658Z</time>
      </trkpt>
      <trkpt lat="-34.090060" lon="18.453908">
        <ele>70.847036</ele>
        <time>2022-12-29T17:39:46.027Z</time>
      </trkpt>
      <trkpt lat="-34.089885" lon="18.453306">
        <ele>70.062413</ele>
        <time>2022-12-29T17:39:56.145Z</time>
      </trkpt>
      <trkpt lat="-34.089652" lon="18.452890">
        <ele>69.444799</ele>
        <time>2022-12-29T17:40:03.575Z</time>
      </trkpt>
      <trkpt lat="-34.089359" lon="18.452467">
        <ele>68.766620</ele>
        <time>2022-12-29T17:40:11.077Z</time>
      </trkpt>
      <trkpt lat="-34.089229" lon="18.452216">
        <ele>67.683769</ele>
        <time>2022-12-29T17:40:14.824Z</time>
      </trkpt>
      <trkpt lat="-34.088791" lon="18.451209">
        <ele>61.438287</ele>
        <time>2022-12-29T17:40:28.941Z</time>
      </trkpt>
      <trkpt lat="-34.088413" lon="18.450569">
        <ele>57.122012</ele>
        <time>2022-12-29T17:40:38.030Z</time>
      </trkpt>
      <trkpt lat="-34.088245" lon="18.450337">
        <ele>54.681298</ele>
        <time>2022-12-29T17:40:41.500Z</time>
      </trkpt>
      <trkpt lat="-34.088171" lon="18.450261">
        <ele>53.653021</ele>
        <time>2022-12-29T17:40:42.779Z</time>
      </trkpt>
      <trkpt lat="-34.088047" lon="18.450134">
        <ele>51.931956</ele>
        <time>2022-12-29T17:40:44.933Z</time>
      </trkpt>
      <trkpt lat="-34.087849" lon="18.449985">
        <ele>49.462491</ele>
        <time>2022-12-29T17:40:48.042Z</time>
      </trkpt>
      <trkpt lat="-34.087451" lon="18.449784">
        <ele>44.896145</ele>
        <time>2022-12-29T17:40:53.800Z</time>
      </trkpt>
      <trkpt lat="-34.087212" lon="18.449749">
        <ele>42.347862</ele>
        <time>2022-12-29T17:40:57.011Z</time>
      </trkpt>
      <trkpt lat="-34.086923" lon="18.449776">
        <ele>39.279738</ele>
        <time>2022-12-29T17:41:00.982Z</time>
      </trkpt>
      <trkpt lat="-34.086676" lon="18.449853">
        <ele>37.114052</ele>
        <time>2022-12-29T17:41:04.442Z</time>
      </trkpt>
      <trkpt lat="-34.086375" lon="18.450034">
        <ele>35.337492</ele>
        <time>2022-12-29T17:41:09.083Z</time>
      </trkpt>
      <trkpt lat="-34.086157" lon="18.450241">
        <ele>33.872260</ele>
        <time>2022-12-29T17:41:13.013Z</time>
      </trkpt>
      <trkpt lat="-34.085924" lon="18.450593">
        <ele>31.900560</ele>
        <time>2022-12-29T17:41:18.445Z</time>
      </trkpt>
      <trkpt lat="-34.085704" lon="18.450450">
        <ele>30.580523</ele>
        <time>2022-12-29T17:41:22.517Z</time>
      </trkpt>
      <trkpt lat="-34.085503" lon="18.450236">
        <ele>29.164713</ele>
        <time>2022-12-29T17:41:26.998Z</time>
      </trkpt>
      <trkpt lat="-34.085359" lon="18.449963">
        <ele>28.309331</ele>
        <time>2022-12-29T17:41:33.061Z</time>
      </trkpt>
      <trkpt lat="-34.085281" lon="18.449745">
        <ele>28.743779</ele>
        <time>2022-12-29T17:41:38.334Z</time>
      </trkpt>
      <trkpt lat="-34.084882" lon="18.448399">
        <ele>31.359214</ele>
        <time>2022-12-29T17:42:16.347Z</time>
      </trkpt>
      <trkpt lat="-34.083942" lon="18.445434">
        <ele>41.395299</ele>
        <time>2022-12-29T17:43:59.864Z</time>
      </trkpt>
      <trkpt lat="-34.083782" lon="18.444796">
        <ele>43.435975</ele>
        <time>2022-12-29T17:44:19.823Z</time>
      </trkpt>
      <trkpt lat="-34.083588" lon="18.443652">
        <ele>46.759701</ele>
        <time>2022-12-29T17:44:54.303Z</time>
      </trkpt>
      <trkpt lat="-34.083533" lon="18.442937">
        <ele>48.241083</ele>
        <time>2022-12-29T17:45:15.897Z</time>
      </trkpt>
      <trkpt lat="-34.083525" lon="18.442828">
        <ele>48.466830</ele>
        <time>2022-12-29T17:45:19.423Z</time>
      </trkpt>
      <trkpt lat="-34.083419" lon="18.441380">
        <ele>50.205332</ele>
        <time>2022-12-29T17:45:54.863Z</time>
      </trkpt>
      <trkpt lat="-34.083292" lon="18.440976">
        <ele>49.587854</ele>
        <time>2022-12-29T17:46:02.056Z</time>
      </trkpt>
      <trkpt lat="-34.083301" lon="18.440946">
        <ele>49.542260</ele>
        <time>2022-12-29T17:46:02.693Z</time>
      </trkpt>
      <trkpt lat="-34.083296" lon="18.440863">
        <ele>49.423345</ele>
        <time>2022-12-29T17:46:03.903Z</time>
      </trkpt>
      <trkpt lat="-34.083261" lon="18.440805">
        <ele>49.320800</ele>
        <time>2022-12-29T17:46:04.929Z</time>
      </trkpt>
      <trkpt lat="-34.083183" lon="18.440773">
        <ele>49.178670</ele>
        <time>2022-12-29T17:46:06.537Z</time>
      </trkpt>
      <trkpt lat="-34.083125" lon="18.440798">
        <ele>49.072416</ele>
        <time>2022-12-29T17:46:07.731Z</time>
      </trkpt>
      <trkpt lat="-34.083078" lon="18.440889">
        <ele>48.919170</ele>
        <time>2022-12-29T17:46:09.473Z</time>
      </trkpt>
      <trkpt lat="-34.082970" lon="18.440952">
        <ele>48.712229</ele>
        <time>2022-12-29T17:46:11.358Z</time>
      </trkpt>
      <trkpt lat="-34.081667" lon="18.441397">
        <ele>46.594903</ele>
        <time>2022-12-29T17:46:32.696Z</time>
      </trkpt>
      <trkpt lat="-34.081264" lon="18.441433">
        <ele>46.020624</ele>
        <time>2022-12-29T17:46:39.516Z</time>
      </trkpt>
      <trkpt lat="-34.081173" lon="18.441427">
        <ele>45.891109</ele>
        <time>2022-12-29T17:46:41.478Z</time>
      </trkpt>
      <trkpt lat="-34.081068" lon="18.441378">
        <ele>45.731132</ele>
        <time>2022-12-29T17:46:43.479Z</time>
      </trkpt>
      <trkpt lat="-34.081004" lon="18.441309">
        <ele>45.609196</ele>
        <time>2022-12-29T17:46:45.363Z</time>
      </trkpt>
      <trkpt lat="-34.080837" lon="18.441030">
        <ele>45.204019</ele>
        <time>2022-12-29T17:46:54.066Z</time>
      </trkpt>
      <trkpt lat="-34.080791" lon="18.440953">
        <ele>45.092271</ele>
        <time>2022-12-29T17:46:56.059Z</time>
      </trkpt>
      <trkpt lat="-34.080891" lon="18.440868">
        <ele>45.569013</ele>
        <time>2022-12-29T17:47:00.203Z</time>
      </trkpt>
      <trkpt lat="-34.081710" lon="18.440126">
        <ele>50.720323</ele>
        <time>2022-12-29T17:47:41.872Z</time>
      </trkpt>
      <trkpt lat="-34.081852" lon="18.439984">
        <ele>51.647921</ele>
        <time>2022-12-29T17:47:52.232Z</time>
      </trkpt>
      <trkpt lat="-34.082158" lon="18.439577">
        <ele>53.938319</ele>
        <time>2022-12-29T17:48:14.558Z</time>
      </trkpt>
      <trkpt lat="-34.082268" lon="18.439391">
        <ele>54.918034</ele>
        <time>2022-12-29T17:48:24.168Z</time>
      </trkpt>
      <trkpt lat="-34.082338" lon="18.439218">
        <ele>55.748487</ele>
        <time>2022-12-29T17:48:31.943Z</time>
      </trkpt>
      <trkpt lat="-34.082449" lon="18.438985">
        <ele>56.907828</ele>
        <time>2022-12-29T17:48:43.022Z</time>
      </trkpt>
      <trkpt lat="-34.082563" lon="18.438665">
        <ele>58.410284</ele>
        <time>2022-12-29T17:48:56.034Z</time>
      </trkpt>
      <trkpt lat="-34.082690" lon="18.438136">
        <ele>60.785835</ele>
        <time>2022-12-29T17:49:15.354Z</time>
      </trkpt>
      <trkpt lat="-34.082745" lon="18.437567">
        <ele>63.256643</ele>
        <time>2022-12-29T17:49:33.449Z</time>
      </trkpt>
      <trkpt lat="-34.082723" lon="18.436976">
        <ele>64.418233</ele>
        <time>2022-12-29T17:49:50.002Z</time>
      </trkpt>
      <trkpt lat="-34.082619" lon="18.436411">
        <ele>65.426006</ele>
        <time>2022-12-29T17:50:03.799Z</time>
      </trkpt>
      <trkpt lat="-34.082445" lon="18.435884">
        <ele>66.413838</ele>
        <time>2022-12-29T17:50:17.172Z</time>
      </trkpt>
      <trkpt lat="-34.082329" lon="18.435622">
        <ele>66.931122</ele>
        <time>2022-12-29T17:50:24.193Z</time>
      </trkpt>
      <trkpt lat="-34.081730" lon="18.434485">
        <ele>68.800513</ele>
        <time>2022-12-29T17:50:56.358Z</time>
      </trkpt>
      <trkpt lat="-34.081286" lon="18.433655">
        <ele>70.114546</ele>
        <time>2022-12-29T17:51:20.099Z</time>
      </trkpt>
      <trkpt lat="-34.080754" lon="18.432673">
        <ele>70.795802</ele>
        <time>2022-12-29T17:51:47.007Z</time>
      </trkpt>
      <trkpt lat="-34.080713" lon="18.432592">
        <ele>70.849427</ele>
        <time>2022-12-29T17:51:49.045Z</time>
      </trkpt>
      <trkpt lat="-34.080133" lon="18.431501">
        <ele>70.942427</ele>
        <time>2022-12-29T17:52:12.335Z</time>
      </trkpt>
      <trkpt lat="-34.079853" lon="18.430970">
        <ele>70.207561</ele>
        <time>2022-12-29T17:52:22.344Z</time>
      </trkpt>
      <trkpt lat="-34.079441" lon="18.430505">
        <ele>69.412634</ele>
        <time>2022-12-29T17:52:32.605Z</time>
      </trkpt>
      <trkpt lat="-34.079144" lon="18.430248">
        <ele>68.897602</ele>
        <time>2022-12-29T17:52:39.113Z</time>
      </trkpt>
      <trkpt lat="-34.078790" lon="18.430028">
        <ele>67.475100</ele>
        <time>2022-12-29T17:52:45.675Z</time>
      </trkpt>
      <trkpt lat="-34.077770" lon="18.429622">
        <ele>63.362358</ele>
        <time>2022-12-29T17:53:02.421Z</time>
      </trkpt>
      <trkpt lat="-34.077374" lon="18.429457">
        <ele>61.683642</ele>
        <time>2022-12-29T17:53:08.899Z</time>
      </trkpt>
      <trkpt lat="-34.076898" lon="18.429300">
        <ele>59.061788</ele>
        <time>2022-12-29T17:53:16.440Z</time>
      </trkpt>
      <trkpt lat="-34.076477" lon="18.429223">
        <ele>56.799331</ele>
        <time>2022-12-29T17:53:22.803Z</time>
      </trkpt>
      <trkpt lat="-34.076191" lon="18.429211">
        <ele>55.278786</ele>
        <time>2022-12-29T17:53:26.982Z</time>
      </trkpt>
      <trkpt lat="-34.075993" lon="18.429234">
        <ele>54.221878</ele>
        <time>2022-12-29T17:53:29.851Z</time>
      </trkpt>
      <trkpt lat="-34.075785" lon="18.429286">
        <ele>53.093249</ele>
        <time>2022-12-29T17:53:32.975Z</time>
      </trkpt>
      <trkpt lat="-34.075599" lon="18.429332">
        <ele>52.104189</ele>
        <time>2022-12-29T17:53:35.804Z</time>
      </trkpt>
      <trkpt lat="-34.075179" lon="18.429526">
        <ele>49.867473</ele>
        <time>2022-12-29T17:53:42.555Z</time>
      </trkpt>
      <trkpt lat="-34.074751" lon="18.429815">
        <ele>47.428298</ele>
        <time>2022-12-29T17:53:49.897Z</time>
      </trkpt>
      <trkpt lat="-34.073754" lon="18.430632">
        <ele>42.600477</ele>
        <time>2022-12-29T17:54:08.333Z</time>
      </trkpt>
      <trkpt lat="-34.073313" lon="18.430905">
        <ele>41.563195</ele>
        <time>2022-12-29T17:54:16.931Z</time>
      </trkpt>
      <trkpt lat="-34.072908" lon="18.431109">
        <ele>40.644709</ele>
        <time>2022-12-29T17:54:25.134Z</time>
      </trkpt>
      <trkpt lat="-34.072777" lon="18.431142">
        <ele>40.364622</ele>
        <time>2022-12-29T17:54:28.118Z</time>
      </trkpt>
      <trkpt lat="-34.072483" lon="18.431274">
        <ele>39.708104</ele>
        <time>2022-12-29T17:54:34.496Z</time>
      </trkpt>
      <trkpt lat="-34.072320" lon="18.431310">
        <ele>39.725619</ele>
        <time>2022-12-29T17:54:38.036Z</time>
      </trkpt>
      <trkpt lat="-34.072192" lon="18.431303">
        <ele>39.761374</ele>
        <time>2022-12-29T17:54:40.759Z</time>
      </trkpt>
      <trkpt lat="-34.072123" lon="18.431269">
        <ele>39.782171</ele>
        <time>2022-12-29T17:54:42.716Z</time>
      </trkpt>
      <trkpt lat="-34.072039" lon="18.431321">
        <ele>39.808513</ele>
        <time>2022-12-29T17:54:44.916Z</time>
      </trkpt>
      <trkpt lat="-34.071905" lon="18.431376">
        <ele>39.848008</ele>
        <time>2022-12-29T17:54:47.915Z</time>
      </trkpt>
      <trkpt lat="-34.071682" lon="18.431431">
        <ele>39.911521</ele>
        <time>2022-12-29T17:54:53.609Z</time>
      </trkpt>
      <trkpt lat="-34.071545" lon="18.431420">
        <ele>39.949835</ele>
        <time>2022-12-29T17:54:56.720Z</time>
      </trkpt>
      <trkpt lat="-34.071038" lon="18.431379">
        <ele>40.091631</ele>
        <time>2022-12-29T17:55:09.910Z</time>
      </trkpt>
      <trkpt lat="-34.069262" lon="18.431385">
        <ele>40.310871</ele>
        <time>2022-12-29T17:55:50.632Z</time>
      </trkpt>
      <trkpt lat="-34.068990" lon="18.431393">
        <ele>40.334673</ele>
        <time>2022-12-29T17:55:56.559Z</time>
      </trkpt>
      <trkpt lat="-34.068532" lon="18.431453">
        <ele>40.128816</ele>
        <time>2022-12-29T17:56:06.468Z</time>
      </trkpt>
      <trkpt lat="-34.067422" lon="18.431756">
        <ele>39.484758</ele>
        <time>2022-12-29T17:56:29.743Z</time>
      </trkpt>
      <trkpt lat="-34.062343" lon="18.433273">
        <ele>33.760127</ele>
        <time>2022-12-29T17:58:09.401Z</time>
      </trkpt>
      <trkpt lat="-34.062107" lon="18.433319">
        <ele>33.470375</ele>
        <time>2022-12-29T17:58:13.845Z</time>
      </trkpt>
      <trkpt lat="-34.061939" lon="18.433325">
        <ele>33.266660</ele>
        <time>2022-12-29T17:58:16.963Z</time>
      </trkpt>
      <trkpt lat="-34.061924" lon="18.433317">
        <ele>33.246783</ele>
        <time>2022-12-29T17:58:17.268Z</time>
      </trkpt>
      <trkpt lat="-34.061873" lon="18.433306">
        <ele>33.173745</ele>
        <time>2022-12-29T17:58:18.237Z</time>
      </trkpt>
      <trkpt lat="-34.061824" lon="18.433334">
        <ele>33.087965</ele>
        <time>2022-12-29T17:58:19.259Z</time>
      </trkpt>
      <trkpt lat="-34.061799" lon="18.433378">
        <ele>33.018028</ele>
        <time>2022-12-29T17:58:20.068Z</time>
      </trkpt>
      <trkpt lat="-34.061673" lon="18.433450">
        <ele>32.797450</ele>
        <time>2022-12-29T17:58:22.650Z</time>
      </trkpt>
      <trkpt lat="-34.061492" lon="18.433516">
        <ele>32.498276</ele>
        <time>2022-12-29T17:58:26.054Z</time>
      </trkpt>
      <trkpt lat="-34.061033" lon="18.433557">
        <ele>31.770026</ele>
        <time>2022-12-29T17:58:34.163Z</time>
      </trkpt>
      <trkpt lat="-34.060635" lon="18.433516">
        <ele>31.137990</ele>
        <time>2022-12-29T17:58:41.391Z</time>
      </trkpt>
      <trkpt lat="-34.060179" lon="18.433366">
        <ele>30.390161</ele>
        <time>2022-12-29T17:58:50.217Z</time>
      </trkpt>
      <trkpt lat="-34.059948" lon="18.433254">
        <ele>30.107316</ele>
        <time>2022-12-29T17:58:54.700Z</time>
      </trkpt>
      <trkpt lat="-34.059741" lon="18.433155">
        <ele>29.859251</ele>
        <time>2022-12-29T17:58:58.878Z</time>
      </trkpt>
      <trkpt lat="-34.059452" lon="18.432932">
        <ele>29.477104</ele>
        <time>2022-12-29T17:59:05.386Z</time>
      </trkpt>
      <trkpt lat="-34.059140" lon="18.432615">
        <ele>29.022750</ele>
        <time>2022-12-29T17:59:13.139Z</time>
      </trkpt>
      <trkpt lat="-34.058782" lon="18.433300">
        <ele>28.334273</ele>
        <time>2022-12-29T17:59:26.166Z</time>
      </trkpt>
      <trkpt lat="-34.058448" lon="18.433999">
        <ele>28.065229</ele>
        <time>2022-12-29T17:59:40.115Z</time>
      </trkpt>
      <trkpt lat="-34.058012" lon="18.434852">
        <ele>27.731050</ele>
        <time>2022-12-29T17:59:57.991Z</time>
      </trkpt>
      <trkpt lat="-34.057671" lon="18.435554">
        <ele>27.084776</ele>
        <time>2022-12-29T18:00:12.076Z</time>
      </trkpt>
      <trkpt lat="-34.057480" lon="18.435965">
        <ele>26.607633</ele>
        <time>2022-12-29T18:00:19.853Z</time>
      </trkpt>
      <trkpt lat="-34.057300" lon="18.435838">
        <ele>26.352821</ele>
        <time>2022-12-29T18:00:26.895Z</time>
      </trkpt>
      <trkpt lat="-34.055849" lon="18.438773">
        <ele>21.255671</ele>
        <time>2022-12-29T18:01:55.598Z</time>
      </trkpt>
      <trkpt lat="-34.055062" lon="18.440365">
        <ele>18.632740</ele>
        <time>2022-12-29T18:02:44.973Z</time>
      </trkpt>
      <trkpt lat="-34.054950" lon="18.440591">
        <ele>18.281913</ele>
        <time>2022-12-29T18:02:52.198Z</time>
      </trkpt>
      <trkpt lat="-34.054125" lon="18.442259">
        <ele>15.682503</ele>
        <time>2022-12-29T18:03:44.404Z</time>
      </trkpt>
      <trkpt lat="-34.053582" lon="18.443358">
        <ele>13.764827</ele>
        <time>2022-12-29T18:04:17.674Z</time>
      </trkpt>
      <trkpt lat="-34.053480" lon="18.443406">
        <ele>13.566794</ele>
        <time>2022-12-29T18:04:21.089Z</time>
      </trkpt>
      <trkpt lat="-34.053437" lon="18.443518">
        <ele>13.381797</ele>
        <time>2022-12-29T18:04:24.286Z</time>
      </trkpt>
      <trkpt lat="-34.053430" lon="18.443584">
        <ele>13.282077</ele>
        <time>2022-12-29T18:04:26.065Z</time>
      </trkpt>
      <trkpt lat="-34.053776" lon="18.443899">
        <ele>12.525091</ele>
        <time>2022-12-29T18:04:40.109Z</time>
      </trkpt>
      <trkpt lat="-34.053876" lon="18.444044">
        <ele>12.467311</ele>
        <time>2022-12-29T18:04:45.136Z</time>
      </trkpt>
      <trkpt lat="-34.053912" lon="18.444157">
        <ele>12.430233</ele>
        <time>2022-12-29T18:04:48.474Z</time>
      </trkpt>
      <trkpt lat="-34.053910" lon="18.444240">
        <ele>12.404803</ele>
        <time>2022-12-29T18:04:50.827Z</time>
      </trkpt>
      <trkpt lat="-34.053893" lon="18.444336">
        <ele>12.374738</ele>
        <time>2022-12-29T18:04:53.663Z</time>
      </trkpt>
      <trkpt lat="-34.053835" lon="18.444465">
        <ele>12.329787</ele>
        <time>2022-12-29T18:04:57.553Z</time>
      </trkpt>
      <trkpt lat="-34.053521" lon="18.444307">
        <ele>12.204033</ele>
        <time>2022-12-29T18:05:04.597Z</time>
      </trkpt>
      <trkpt lat="-34.052918" lon="18.444177">
        <ele>11.977604</ele>
        <time>2022-12-29T18:05:18.634Z</time>
      </trkpt>
      <trkpt lat="-34.052468" lon="18.443965">
        <ele>12.009300</ele>
        <time>2022-12-29T18:05:29.880Z</time>
      </trkpt>
      <trkpt lat="-34.052329" lon="18.444013">
        <ele>12.120857</ele>
        <time>2022-12-29T18:05:35.951Z</time>
      </trkpt>
      <trkpt lat="-34.052079" lon="18.444333">
        <ele>12.402037</ele>
        <time>2022-12-29T18:05:51.003Z</time>
      </trkpt>
      <trkpt lat="-34.051897" lon="18.444495">
        <ele>12.576529</ele>
        <time>2022-12-29T18:06:00.160Z</time>
      </trkpt>
      <trkpt lat="-34.051825" lon="18.444529">
        <ele>12.636186</ele>
        <time>2022-12-29T18:06:03.358Z</time>
      </trkpt>
      <trkpt lat="-34.051084" lon="18.444718">
        <ele>13.220576</ele>
        <time>2022-12-29T18:06:34.121Z</time>
      </trkpt>
      <trkpt lat="-34.050483" lon="18.444934">
        <ele>13.669302</ele>
        <time>2022-12-29T18:06:58.818Z</time>
      </trkpt>
      <trkpt lat="-34.050301" lon="18.444960">
        <ele>13.799661</ele>
        <time>2022-12-29T18:07:05.887Z</time>
      </trkpt>
      <trkpt lat="-34.050013" lon="18.444926">
        <ele>14.005490</ele>
        <time>2022-12-29T18:07:17.179Z</time>
      </trkpt>
      <trkpt lat="-34.049712" lon="18.444823">
        <ele>14.228027</ele>
        <time>2022-12-29T18:07:29.635Z</time>
      </trkpt>
      <trkpt lat="-34.049532" lon="18.444841">
        <ele>14.356498</ele>
        <time>2022-12-29T18:07:36.946Z</time>
      </trkpt>
      <trkpt lat="-34.049413" lon="18.444825">
        <ele>14.441666</ele>
        <time>2022-12-29T18:07:41.756Z</time>
      </trkpt>
      <trkpt lat="-34.048676" lon="18.444592">
        <ele>15.237404</ele>
        <time>2022-12-29T18:08:13.302Z</time>
      </trkpt>
      <trkpt lat="-34.048275" lon="18.444517">
        <ele>15.689125</ele>
        <time>2022-12-29T18:08:30.264Z</time>
      </trkpt>
      <trkpt lat="-34.047299" lon="18.444148">
        <ele>16.795464</ele>
        <time>2022-12-29T18:09:13.185Z</time>
      </trkpt>
      <trkpt lat="-34.046691" lon="18.444084">
        <ele>17.399688</ele>
        <time>2022-12-29T18:09:38.285Z</time>
      </trkpt>
      <trkpt lat="-34.046591" lon="18.444073">
        <ele>17.499101</ele>
        <time>2022-12-29T18:09:42.488Z</time>
      </trkpt>
      <trkpt lat="-34.045583" lon="18.443787">
        <ele>18.447794</ele>
        <time>2022-12-29T18:10:24.642Z</time>
      </trkpt>
      <trkpt lat="-34.045350" lon="18.443624">
        <ele>18.615909</ele>
        <time>2022-12-29T18:10:35.184Z</time>
      </trkpt>
      <trkpt lat="-34.045125" lon="18.443386">
        <ele>18.802673</ele>
        <time>2022-12-29T18:10:46.526Z</time>
      </trkpt>
      <trkpt lat="-34.044833" lon="18.443146">
        <ele>19.023205</ele>
        <time>2022-12-29T18:10:59.941Z</time>
      </trkpt>
      <trkpt lat="-34.044562" lon="18.442996">
        <ele>19.209316</ele>
        <time>2022-12-29T18:11:11.634Z</time>
      </trkpt>
      <trkpt lat="-34.044547" lon="18.442941">
        <ele>19.239265</ele>
        <time>2022-12-29T18:11:12.695Z</time>
      </trkpt>
      <trkpt lat="-34.044531" lon="18.442880">
        <ele>19.272360</ele>
        <time>2022-12-29T18:11:14.140Z</time>
      </trkpt>
      <trkpt lat="-34.044186" lon="18.442939">
        <ele>19.525285</ele>
        <time>2022-12-29T18:11:28.015Z</time>
      </trkpt>
      <trkpt lat="-34.044017" lon="18.442955">
        <ele>19.706364</ele>
        <time>2022-12-29T18:11:35.416Z</time>
      </trkpt>
      <trkpt lat="-34.043892" lon="18.442918">
        <ele>19.843846</ele>
        <time>2022-12-29T18:11:40.813Z</time>
      </trkpt>
      <trkpt lat="-34.043701" lon="18.442839">
        <ele>20.059521</ele>
        <time>2022-12-29T18:11:49.507Z</time>
      </trkpt>
      <trkpt lat="-34.043522" lon="18.442849">
        <ele>20.250932</ele>
        <time>2022-12-29T18:11:57.019Z</time>
      </trkpt>
      <trkpt lat="-34.043421" lon="18.442893">
        <ele>20.365633</ele>
        <time>2022-12-29T18:12:01.511Z</time>
      </trkpt>
      <trkpt lat="-34.043144" lon="18.443089">
        <ele>20.708631</ele>
        <time>2022-12-29T18:12:14.866Z</time>
      </trkpt>
      <trkpt lat="-34.043001" lon="18.443153">
        <ele>20.871548</ele>
        <time>2022-12-29T18:12:21.036Z</time>
      </trkpt>
      <trkpt lat="-34.042879" lon="18.443172">
        <ele>21.002948</ele>
        <time>2022-12-29T18:12:25.799Z</time>
      </trkpt>
      <trkpt lat="-34.042746" lon="18.443097">
        <ele>21.159762</ele>
        <time>2022-12-29T18:12:31.582Z</time>
      </trkpt>
      <trkpt lat="-34.042559" lon="18.443129">
        <ele>21.361473</ele>
        <time>2022-12-29T18:12:39.603Z</time>
      </trkpt>
      <trkpt lat="-34.042381" lon="18.443194">
        <ele>21.502446</ele>
        <time>2022-12-29T18:12:47.199Z</time>
      </trkpt>
      <trkpt lat="-34.042232" lon="18.443292">
        <ele>21.631079</ele>
        <time>2022-12-29T18:12:54.670Z</time>
      </trkpt>
      <trkpt lat="-34.042034" lon="18.443344">
        <ele>21.784684</ele>
        <time>2022-12-29T18:13:02.935Z</time>
      </trkpt>
      <trkpt lat="-34.041776" lon="18.443312">
        <ele>21.981289</ele>
        <time>2022-12-29T18:13:13.767Z</time>
      </trkpt>
      <trkpt lat="-34.041334" lon="18.443332">
        <ele>22.316578</ele>
        <time>2022-12-29T18:13:31.543Z</time>
      </trkpt>
      <trkpt lat="-34.040925" lon="18.443268">
        <ele>22.629212</ele>
        <time>2022-12-29T18:13:47.534Z</time>
      </trkpt>
      <trkpt lat="-34.040150" lon="18.443306">
        <ele>23.137254</ele>
        <time>2022-12-29T18:14:16.561Z</time>
      </trkpt>
      <trkpt lat="-34.040096" lon="18.443353">
        <ele>23.179531</ele>
        <time>2022-12-29T18:14:19.145Z</time>
      </trkpt>
      <trkpt lat="-34.040053" lon="18.443343">
        <ele>23.207338</ele>
        <time>2022-12-29T18:14:20.816Z</time>
      </trkpt>
      <trkpt lat="-34.040031" lon="18.443313">
        <ele>23.228417</ele>
        <time>2022-12-29T18:14:22.075Z</time>
      </trkpt>
      <trkpt lat="-34.040025" lon="18.443237">
        <ele>23.268588</ele>
        <time>2022-12-29T18:14:24.535Z</time>
      </trkpt>
      <trkpt lat="-34.039912" lon="18.443139">
        <ele>23.356948</ele>
        <time>2022-12-29T18:14:30.107Z</time>
      </trkpt>
      <trkpt lat="-34.039821" lon="18.442983">
        <ele>23.457332</ele>
        <time>2022-12-29T18:14:36.483Z</time>
      </trkpt>
      <trkpt lat="-34.039682" lon="18.442867">
        <ele>23.564644</ele>
        <time>2022-12-29T18:14:43.459Z</time>
      </trkpt>
      <trkpt lat="-34.039307" lon="18.442753">
        <ele>23.810204</ele>
        <time>2022-12-29T18:14:59.444Z</time>
      </trkpt>
      <trkpt lat="-34.038960" lon="18.442645">
        <ele>24.271981</ele>
        <time>2022-12-29T18:15:14.348Z</time>
      </trkpt>
      <trkpt lat="-34.038724" lon="18.442519">
        <ele>24.660546</ele>
        <time>2022-12-29T18:15:25.139Z</time>
      </trkpt>
      <trkpt lat="-34.038300" lon="18.442385">
        <ele>25.320486</ele>
        <time>2022-12-29T18:15:44.050Z</time>
      </trkpt>
      <trkpt lat="-34.038004" lon="18.442318">
        <ele>25.773941</ele>
        <time>2022-12-29T18:15:57.138Z</time>
      </trkpt>
      <trkpt lat="-34.037836" lon="18.442234">
        <ele>26.047750</ele>
        <time>2022-12-29T18:16:05.224Z</time>
      </trkpt>
      <trkpt lat="-34.037711" lon="18.442206">
        <ele>26.239175</ele>
        <time>2022-12-29T18:16:10.870Z</time>
      </trkpt>
      <trkpt lat="-34.037585" lon="18.442033">
        <ele>26.526552</ele>
        <time>2022-12-29T18:16:19.414Z</time>
      </trkpt>
      <trkpt lat="-34.037185" lon="18.441897">
        <ele>27.396655</ele>
        <time>2022-12-29T18:16:37.690Z</time>
      </trkpt>
      <trkpt lat="-34.036910" lon="18.441886">
        <ele>27.986368</ele>
        <time>2022-12-29T18:16:49.814Z</time>
      </trkpt>
      <trkpt lat="-34.036065" lon="18.441564">
        <ele>29.885552</ele>
        <time>2022-12-29T18:17:30.865Z</time>
      </trkpt>
      <trkpt lat="-34.035304" lon="18.441403">
        <ele>31.635710</ele>
        <time>2022-12-29T18:18:07.037Z</time>
      </trkpt>
      <trkpt lat="-34.035286" lon="18.441456">
        <ele>31.746071</ele>
        <time>2022-12-29T18:18:09.159Z</time>
      </trkpt>
      <trkpt lat="-34.035242" lon="18.441596">
        <ele>32.034564</ele>
        <time>2022-12-29T18:18:17.805Z</time>
      </trkpt>
      <trkpt lat="-34.035199" lon="18.441684">
        <ele>32.231399</ele>
        <time>2022-12-29T18:18:21.829Z</time>
      </trkpt>
      <trkpt lat="-34.034985" lon="18.441838">
        <ele>32.810717</ele>
        <time>2022-12-29T18:18:30.825Z</time>
      </trkpt>
      <trkpt lat="-34.034629" lon="18.441861">
        <ele>33.639619</ele>
        <time>2022-12-29T18:18:44.605Z</time>
      </trkpt>
      <trkpt lat="-34.034319" lon="18.441839">
        <ele>34.361630</ele>
        <time>2022-12-29T18:18:56.733Z</time>
      </trkpt>
      <trkpt lat="-34.034052" lon="18.441732">
        <ele>34.939313</ele>
        <time>2022-12-29T18:19:07.862Z</time>
      </trkpt>
      <trkpt lat="-34.033919" lon="18.441635">
        <ele>35.232231</ele>
        <time>2022-12-29T18:19:13.491Z</time>
      </trkpt>
      <trkpt lat="-34.033617" lon="18.441571">
        <ele>35.810176</ele>
        <time>2022-12-29T18:19:25.325Z</time>
      </trkpt>
      <trkpt lat="-34.033301" lon="18.441451">
        <ele>36.434595</ele>
        <time>2022-12-29T18:19:36.990Z</time>
      </trkpt>
      <trkpt lat="-34.033071" lon="18.441331">
        <ele>36.906903</ele>
        <time>2022-12-29T18:19:45.943Z</time>
      </trkpt>
      <trkpt lat="-34.032863" lon="18.441176">
        <ele>37.367692</ele>
        <time>2022-12-29T18:19:54.649Z</time>
      </trkpt>
      <trkpt lat="-34.032728" lon="18.441174">
        <ele>37.622169</ele>
        <time>2022-12-29T18:19:59.660Z</time>
      </trkpt>
      <trkpt lat="-34.032548" lon="18.441212">
        <ele>37.966600</ele>
        <time>2022-12-29T18:20:06.158Z</time>
      </trkpt>
      <trkpt lat="-34.031933" lon="18.441015">
        <ele>38.821157</ele>
        <time>2022-12-29T18:20:29.290Z</time>
      </trkpt>
      <trkpt lat="-34.031403" lon="18.440992">
        <ele>39.524623</ele>
        <time>2022-12-29T18:20:48.467Z</time>
      </trkpt>
      <trkpt lat="-34.031355" lon="18.440970">
        <ele>39.592730</ele>
        <time>2022-12-29T18:20:50.478Z</time>
      </trkpt>
      <trkpt lat="-34.031130" lon="18.440865">
        <ele>39.912720</ele>
        <time>2022-12-29T18:20:58.377Z</time>
      </trkpt>
      <trkpt lat="-34.030961" lon="18.440844">
        <ele>40.138073</ele>
        <time>2022-12-29T18:21:04.098Z</time>
      </trkpt>
      <trkpt lat="-34.030829" lon="18.440876">
        <ele>40.316662</ele>
        <time>2022-12-29T18:21:08.061Z</time>
      </trkpt>
      <trkpt lat="-34.030423" lon="18.440651">
        <ele>40.458329</ele>
        <time>2022-12-29T18:21:21.351Z</time>
      </trkpt>
      <trkpt lat="-34.030273" lon="18.440382">
        <ele>40.506428</ele>
        <time>2022-12-29T18:21:29.403Z</time>
      </trkpt>
      <trkpt lat="-34.030123" lon="18.440255">
        <ele>40.539230</ele>
        <time>2022-12-29T18:21:35.094Z</time>
      </trkpt>
      <trkpt lat="-34.030067" lon="18.440231">
        <ele>40.549868</ele>
        <time>2022-12-29T18:21:36.819Z</time>
      </trkpt>
      <trkpt lat="-34.030075" lon="18.440118">
        <ele>40.566693</ele>
        <time>2022-12-29T18:21:38.824Z</time>
      </trkpt>
      <trkpt lat="-34.030121" lon="18.439827">
        <ele>40.610642</ele>
        <time>2022-12-29T18:21:44.336Z</time>
      </trkpt>
      <trkpt lat="-34.030168" lon="18.439671">
        <ele>40.635267</ele>
        <time>2022-12-29T18:21:47.276Z</time>
      </trkpt>
      <trkpt lat="-34.030311" lon="18.439400">
        <ele>40.682928</ele>
        <time>2022-12-29T18:21:53.104Z</time>
      </trkpt>
      <trkpt lat="-34.029889" lon="18.438932">
        <ele>41.038929</ele>
        <time>2022-12-29T18:22:06.206Z</time>
      </trkpt>
      <trkpt lat="-34.029207" lon="18.438133">
        <ele>41.779606</ele>
        <time>2022-12-29T18:22:29.285Z</time>
      </trkpt>
      <trkpt lat="-34.028696" lon="18.437537">
        <ele>42.689410</ele>
        <time>2022-12-29T18:22:50.578Z</time>
      </trkpt>
      <trkpt lat="-34.028603" lon="18.437460">
        <ele>42.918273</ele>
        <time>2022-12-29T18:22:54.045Z</time>
      </trkpt>
      <trkpt lat="-34.028379" lon="18.437369">
        <ele>43.397870</ele>
        <time>2022-12-29T18:23:00.937Z</time>
      </trkpt>
      <trkpt lat="-34.028246" lon="18.437216">
        <ele>43.770742</ele>
        <time>2022-12-29T18:23:06.620Z</time>
      </trkpt>
      <trkpt lat="-34.028133" lon="18.436992">
        <ele>44.211733</ele>
        <time>2022-12-29T18:23:16.308Z</time>
      </trkpt>
      <trkpt lat="-34.027742" lon="18.436631">
        <ele>45.210744</ele>
        <time>2022-12-29T18:23:39.346Z</time>
      </trkpt>
      <trkpt lat="-34.026932" lon="18.435962">
        <ele>47.216844</ele>
        <time>2022-12-29T18:24:10.495Z</time>
      </trkpt>
      <trkpt lat="-34.026885" lon="18.435888">
        <ele>47.375189</ele>
        <time>2022-12-29T18:24:13.167Z</time>
      </trkpt>
      <trkpt lat="-34.026519" lon="18.435859">
        <ele>48.126851</ele>
        <time>2022-12-29T18:24:29.567Z</time>
      </trkpt>
      <trkpt lat="-34.026457" lon="18.435914">
        <ele>48.284552</ele>
        <time>2022-12-29T18:24:32.815Z</time>
      </trkpt>
      <trkpt lat="-34.026402" lon="18.435917">
        <ele>48.397379</ele>
        <time>2022-12-29T18:24:35.416Z</time>
      </trkpt>
      <trkpt lat="-34.026366" lon="18.435869">
        <ele>48.507329</ele>
        <time>2022-12-29T18:24:37.696Z</time>
      </trkpt>
      <trkpt lat="-34.026227" lon="18.435424">
        <ele>49.315026</ele>
        <time>2022-12-29T18:24:55.120Z</time>
      </trkpt>
      <trkpt lat="-34.026151" lon="18.435287">
        <ele>49.590414</ele>
        <time>2022-12-29T18:25:01.376Z</time>
      </trkpt>
      <trkpt lat="-34.026013" lon="18.435183">
        <ele>49.913457</ele>
        <time>2022-12-29T18:25:08.532Z</time>
      </trkpt>
      <trkpt lat="-34.025205" lon="18.434372">
        <ele>52.000188</ele>
        <time>2022-12-29T18:25:56.033Z</time>
      </trkpt>
      <trkpt lat="-34.024940" lon="18.434289">
        <ele>52.543765</ele>
        <time>2022-12-29T18:26:08.266Z</time>
      </trkpt>
      <trkpt lat="-34.024776" lon="18.434401">
        <ele>52.917915</ele>
        <time>2022-12-29T18:26:16.661Z</time>
      </trkpt>
      <trkpt lat="-34.024714" lon="18.434541">
        <ele>53.201198</ele>
        <time>2022-12-29T18:26:22.456Z</time>
      </trkpt>
      <trkpt lat="-34.024667" lon="18.434523">
        <ele>53.312536</ele>
        <time>2022-12-29T18:26:25.332Z</time>
      </trkpt>
      <trkpt lat="-34.024547" lon="18.434348">
        <ele>53.737574</ele>
        <time>2022-12-29T18:26:33.403Z</time>
      </trkpt>
      <trkpt lat="-34.024481" lon="18.434141">
        <ele>54.152616</ele>
        <time>2022-12-29T18:26:42.171Z</time>
      </trkpt>
      <trkpt lat="-34.024487" lon="18.433445">
        <ele>55.455136</ele>
        <time>2022-12-29T18:27:08.005Z</time>
      </trkpt>
      <trkpt lat="-34.024043" lon="18.433168">
        <ele>56.583723</ele>
        <time>2022-12-29T18:27:31.970Z</time>
      </trkpt>
      <trkpt lat="-34.023933" lon="18.433061">
        <ele>56.902754</ele>
        <time>2022-12-29T18:27:38.270Z</time>
      </trkpt>
      <trkpt lat="-34.023521" lon="18.432905">
        <ele>58.114447</ele>
        <time>2022-12-29T18:27:58.339Z</time>
      </trkpt>
      <trkpt lat="-34.023183" lon="18.432723">
        <ele>59.197934</ele>
        <time>2022-12-29T18:28:16.698Z</time>
      </trkpt>
      <trkpt lat="-34.022713" lon="18.432203">
        <ele>61.064639</ele>
        <time>2022-12-29T18:28:48.636Z</time>
      </trkpt>
      <trkpt lat="-34.022589" lon="18.431994">
        <ele>61.688243</ele>
        <time>2022-12-29T18:28:59.488Z</time>
      </trkpt>
      <trkpt lat="-34.022500" lon="18.431734">
        <ele>62.366239</ele>
        <time>2022-12-29T18:29:10.445Z</time>
      </trkpt>
      <trkpt lat="-34.022472" lon="18.431554">
        <ele>62.734449</ele>
        <time>2022-12-29T18:29:18.233Z</time>
      </trkpt>
      <trkpt lat="-34.022425" lon="18.431372">
        <ele>63.117712</ele>
        <time>2022-12-29T18:29:25.261Z</time>
      </trkpt>
      <trkpt lat="-34.022400" lon="18.431276">
        <ele>63.320025</ele>
        <time>2022-12-29T18:29:29.847Z</time>
      </trkpt>
      <trkpt lat="-34.022273" lon="18.431077">
        <ele>63.824981</ele>
        <time>2022-12-29T18:29:39.362Z</time>
      </trkpt>
      <trkpt lat="-34.022237" lon="18.430898">
        <ele>64.195307</ele>
        <time>2022-12-29T18:29:46.923Z</time>
      </trkpt>
      <trkpt lat="-34.022282" lon="18.430707">
        <ele>64.594529</ele>
        <time>2022-12-29T18:29:54.462Z</time>
      </trkpt>
      <trkpt lat="-34.021863" lon="18.430254">
        <ele>65.959280</ele>
        <time>2022-12-29T18:30:20.428Z</time>
      </trkpt>
      <trkpt lat="-34.021666" lon="18.430082">
        <ele>66.549152</ele>
        <time>2022-12-29T18:30:30.865Z</time>
      </trkpt>
      <trkpt lat="-34.021550" lon="18.430012">
        <ele>66.860727</ele>
        <time>2022-12-29T18:30:37.034Z</time>
      </trkpt>
      <trkpt lat="-34.021442" lon="18.429915">
        <ele>67.180962</ele>
        <time>2022-12-29T18:30:42.546Z</time>
      </trkpt>
      <trkpt lat="-34.021344" lon="18.429779">
        <ele>67.536223</ele>
        <time>2022-12-29T18:30:49.537Z</time>
      </trkpt>
      <trkpt lat="-34.021112" lon="18.429588">
        <ele>68.204253</ele>
        <time>2022-12-29T18:31:02.140Z</time>
      </trkpt>
      <trkpt lat="-34.020850" lon="18.429271">
        <ele>69.086780</ele>
        <time>2022-12-29T18:31:19.736Z</time>
      </trkpt>
      <trkpt lat="-34.020721" lon="18.429069">
        <ele>69.589488</ele>
        <time>2022-12-29T18:31:30.274Z</time>
      </trkpt>
      <trkpt lat="-34.020305" lon="18.428688">
        <ele>70.831721</ele>
        <time>2022-12-29T18:31:54.391Z</time>
      </trkpt>
      <trkpt lat="-34.020261" lon="18.428586">
        <ele>71.061492</ele>
        <time>2022-12-29T18:31:59.695Z</time>
      </trkpt>
      <trkpt lat="-34.019901" lon="18.428132">
        <ele>72.352636</ele>
        <time>2022-12-29T18:32:23.779Z</time>
      </trkpt>
      <trkpt lat="-34.019817" lon="18.427965">
        <ele>72.754065</ele>
        <time>2022-12-29T18:32:31.361Z</time>
      </trkpt>
      <trkpt lat="-34.019815" lon="18.427879">
        <ele>72.930862</ele>
        <time>2022-12-29T18:32:34.924Z</time>
      </trkpt>
      <trkpt lat="-34.019739" lon="18.427820">
        <ele>73.154926</ele>
        <time>2022-12-29T18:32:38.909Z</time>
      </trkpt>
      <trkpt lat="-34.019700" lon="18.427554">
        <ele>73.710034</ele>
        <time>2022-12-29T18:32:49.465Z</time>
      </trkpt>
      <trkpt lat="-34.019531" lon="18.427264">
        <ele>74.438534</ele>
        <time>2022-12-29T18:33:02.501Z</time>
      </trkpt>
      <trkpt lat="-34.019482" lon="18.427200">
        <ele>74.617576</ele>
        <time>2022-12-29T18:33:06.424Z</time>
      </trkpt>
      <trkpt lat="-34.019472" lon="18.427187">
        <ele>74.654023</ele>
        <time>2022-12-29T18:33:07.156Z</time>
      </trkpt>
      <trkpt lat="-34.019414" lon="18.427156">
        <ele>74.811302</ele>
        <time>2022-12-29T18:33:10.695Z</time>
      </trkpt>
      <trkpt lat="-34.019387" lon="18.427000">
        <ele>75.138793</ele>
        <time>2022-12-29T18:33:16.679Z</time>
      </trkpt>
      <trkpt lat="-34.019316" lon="18.426859">
        <ele>75.485762</ele>
        <time>2022-12-29T18:33:22.877Z</time>
      </trkpt>
      <trkpt lat="-34.018835" lon="18.426303">
        <ele>77.536413</ele>
        <time>2022-12-29T18:33:54.128Z</time>
      </trkpt>
      <trkpt lat="-34.018682" lon="18.426178">
        <ele>78.105243</ele>
        <time>2022-12-29T18:34:03.267Z</time>
      </trkpt>
      <trkpt lat="-34.018640" lon="18.426083">
        <ele>78.379970</ele>
        <time>2022-12-29T18:34:07.038Z</time>
      </trkpt>
      <trkpt lat="-34.018496" lon="18.425921">
        <ele>78.986082</ele>
        <time>2022-12-29T18:34:15.932Z</time>
      </trkpt>
      <trkpt lat="-34.018469" lon="18.425945">
        <ele>79.089323</ele>
        <time>2022-12-29T18:34:18.371Z</time>
      </trkpt>
      <trkpt lat="-34.018399" lon="18.426004">
        <ele>79.352191</ele>
        <time>2022-12-29T18:34:22.505Z</time>
      </trkpt>
      <trkpt lat="-34.018290" lon="18.425979">
        <ele>79.693749</ele>
        <time>2022-12-29T18:34:27.514Z</time>
      </trkpt>
      <trkpt lat="-34.018208" lon="18.426218">
        <ele>80.353759</ele>
        <time>2022-12-29T18:34:36.072Z</time>
      </trkpt>
      <trkpt lat="-34.018204" lon="18.426759">
        <ele>82.214761</ele>
        <time>2022-12-29T18:34:53.648Z</time>
      </trkpt>
      <trkpt lat="-34.018303" lon="18.427332">
        <ele>84.662298</ele>
        <time>2022-12-29T18:35:14.598Z</time>
      </trkpt>
      <trkpt lat="-34.018307" lon="18.427487">
        <ele>85.310754</ele>
        <time>2022-12-29T18:35:21.356Z</time>
      </trkpt>
      <trkpt lat="-34.018068" lon="18.428326">
        <ele>89.020501</ele>
        <time>2022-12-29T18:35:52.760Z</time>
      </trkpt>
      <trkpt lat="-34.017821" lon="18.428990">
        <ele>91.593692</ele>
        <time>2022-12-29T18:36:18.345Z</time>
      </trkpt>
      <trkpt lat="-34.016904" lon="18.429291">
        <ele>95.265354</ele>
        <time>2022-12-29T18:36:56.349Z</time>
      </trkpt>
      <trkpt lat="-34.016826" lon="18.429189">
        <ele>95.709777</ele>
        <time>2022-12-29T18:37:02.089Z</time>
      </trkpt>
      <trkpt lat="-34.016739" lon="18.429152">
        <ele>96.066179</ele>
        <time>2022-12-29T18:37:06.545Z</time>
      </trkpt>
      <trkpt lat="-34.016227" lon="18.426939">
        <ele>99.539509</ele>
        <time>2022-12-29T18:38:28.229Z</time>
      </trkpt>
      <trkpt lat="-34.016163" lon="18.426867">
        <ele>99.672995</ele>
        <time>2022-12-29T18:38:31.811Z</time>
      </trkpt>
      <trkpt lat="-34.015983" lon="18.426850">
        <ele>100.015344</ele>
        <time>2022-12-29T18:38:38.837Z</time>
      </trkpt>
      <trkpt lat="-34.015507" lon="18.427024">
        <ele>101.028588</ele>
        <time>2022-12-29T18:38:59.398Z</time>
      </trkpt>
      <trkpt lat="-34.015395" lon="18.426968">
        <ele>101.275574</ele>
        <time>2022-12-29T18:39:02.919Z</time>
      </trkpt>
      <trkpt lat="-34.014786" lon="18.426987">
        <ele>102.516645</ele>
        <time>2022-12-29T18:39:22.262Z</time>
      </trkpt>
      <trkpt lat="-34.014546" lon="18.426563">
        <ele>103.383637</ele>
        <time>2022-12-29T18:39:42.933Z</time>
      </trkpt>
      <trkpt lat="-34.014362" lon="18.426309">
        <ele>104.226245</ele>
        <time>2022-12-29T18:39:56.518Z</time>
      </trkpt>
      <trkpt lat="-34.014303" lon="18.426177">
        <ele>104.607468</ele>
        <time>2022-12-29T18:40:02.604Z</time>
      </trkpt>
      <trkpt lat="-34.014294" lon="18.425396">
        <ele>106.592983</ele>
        <time>2022-12-29T18:40:35.285Z</time>
      </trkpt>
      <trkpt lat="-34.014352" lon="18.424775">
        <ele>108.181572</ele>
        <time>2022-12-29T18:41:02.116Z</time>
      </trkpt>
      <trkpt lat="-34.014313" lon="18.424496">
        <ele>108.900811</ele>
        <time>2022-12-29T18:41:13.629Z</time>
      </trkpt>
      <trkpt lat="-34.014119" lon="18.424044">
        <ele>109.245842</ele>
        <time>2022-12-29T18:41:33.053Z</time>
      </trkpt>
      <trkpt lat="-34.013970" lon="18.423898">
        <ele>109.393167</ele>
        <time>2022-12-29T18:41:41.217Z</time>
      </trkpt>
      <trkpt lat="-34.013843" lon="18.423896">
        <ele>109.490648</ele>
        <time>2022-12-29T18:41:46.446Z</time>
      </trkpt>
      <trkpt lat="-34.013751" lon="18.423970">
        <ele>109.575512</ele>
        <time>2022-12-29T18:41:50.592Z</time>
      </trkpt>
      <trkpt lat="-34.013668" lon="18.424090">
        <ele>109.674941</ele>
        <time>2022-12-29T18:41:55.576Z</time>
      </trkpt>
      <trkpt lat="-34.013554" lon="18.424359">
        <ele>109.867144</ele>
        <time>2022-12-29T18:42:04.782Z</time>
      </trkpt>
      <trkpt lat="-34.013397" lon="18.424607">
        <ele>110.065668</ele>
        <time>2022-12-29T18:42:14.133Z</time>
      </trkpt>
      <trkpt lat="-34.013218" lon="18.424811">
        <ele>110.254658</ele>
        <time>2022-12-29T18:42:22.283Z</time>
      </trkpt>
      <trkpt lat="-34.013104" lon="18.424941">
        <ele>110.341564</ele>
        <time>2022-12-29T18:42:27.893Z</time>
      </trkpt>
      <trkpt lat="-34.012989" lon="18.425121">
        <ele>110.412211</ele>
        <time>2022-12-29T18:42:34.366Z</time>
      </trkpt>
      <trkpt lat="-34.012893" lon="18.425345">
        <ele>110.490600</ele>
        <time>2022-12-29T18:42:42.045Z</time>
      </trkpt>
      <trkpt lat="-34.012904" lon="18.426150">
        <ele>110.740876</ele>
        <time>2022-12-29T18:43:08.011Z</time>
      </trkpt>
      <trkpt lat="-34.012879" lon="18.426281">
        <ele>110.782664</ele>
        <time>2022-12-29T18:43:11.839Z</time>
      </trkpt>
      <trkpt lat="-34.012174" lon="18.426634">
        <ele>111.445567</ele>
        <time>2022-12-29T18:43:32.389Z</time>
      </trkpt>
      <trkpt lat="-34.011517" lon="18.426738">
        <ele>112.797436</ele>
        <time>2022-12-29T18:43:52.272Z</time>
      </trkpt>
      <trkpt lat="-34.009382" lon="18.426909">
        <ele>117.355018</ele>
        <time>2022-12-29T18:45:00.803Z</time>
      </trkpt>
      <trkpt lat="-34.008786" lon="18.426864">
        <ele>118.653742</ele>
        <time>2022-12-29T18:45:17.649Z</time>
      </trkpt>
      <trkpt lat="-34.008226" lon="18.426691">
        <ele>119.660104</ele>
        <time>2022-12-29T18:45:35.711Z</time>
      </trkpt>
      <trkpt lat="-34.008100" lon="18.426707">
        <ele>119.880669</ele>
        <time>2022-12-29T18:45:38.244Z</time>
      </trkpt>
      <trkpt lat="-34.008095" lon="18.426582">
        <ele>120.061270</ele>
        <time>2022-12-29T18:45:44.746Z</time>
      </trkpt>
      <trkpt lat="-34.008015" lon="18.426415">
        <ele>120.339620</ele>
        <time>2022-12-29T18:45:50.835Z</time>
      </trkpt>
      <trkpt lat="-34.008023" lon="18.426061">
        <ele>120.850679</ele>
        <time>2022-12-29T18:46:03.232Z</time>
      </trkpt>
      <trkpt lat="-34.008063" lon="18.425981">
        <ele>120.985504</ele>
        <time>2022-12-29T18:46:05.891Z</time>
      </trkpt>
      <trkpt lat="-34.008099" lon="18.425686">
        <ele>121.415816</ele>
        <time>2022-12-29T18:46:16.945Z</time>
      </trkpt>
      <trkpt lat="-34.008210" lon="18.425385">
        <ele>122.054866</ele>
        <time>2022-12-29T18:46:29.044Z</time>
      </trkpt>
      <trkpt lat="-34.008197" lon="18.425278">
        <ele>122.374935</ele>
        <time>2022-12-29T18:46:33.390Z</time>
      </trkpt>
      <trkpt lat="-34.008086" lon="18.425144">
        <ele>122.935605</ele>
        <time>2022-12-29T18:46:39.994Z</time>
      </trkpt>
      <trkpt lat="-34.007859" lon="18.425096">
        <ele>123.758435</ele>
        <time>2022-12-29T18:46:51.534Z</time>
      </trkpt>
      <trkpt lat="-34.007717" lon="18.425128">
        <ele>124.274197</ele>
        <time>2022-12-29T18:46:58.274Z</time>
      </trkpt>
      <trkpt lat="-34.007504" lon="18.424952">
        <ele>125.195980</ele>
        <time>2022-12-29T18:47:09.484Z</time>
      </trkpt>
      <trkpt lat="-34.007357" lon="18.424621">
        <ele>126.307376</ele>
        <time>2022-12-29T18:47:25.542Z</time>
      </trkpt>
      <trkpt lat="-34.007086" lon="18.424115">
        <ele>128.090362</ele>
        <time>2022-12-29T18:47:56.149Z</time>
      </trkpt>
      <trkpt lat="-34.007095" lon="18.423825">
        <ele>129.925170</ele>
        <time>2022-12-29T18:48:10.756Z</time>
      </trkpt>
      <trkpt lat="-34.007198" lon="18.423498">
        <ele>132.236342</ele>
        <time>2022-12-29T18:48:29.598Z</time>
      </trkpt>
      <trkpt lat="-34.007220" lon="18.423428">
        <ele>132.730950</ele>
        <time>2022-12-29T18:48:33.261Z</time>
      </trkpt>
      <trkpt lat="-34.007260" lon="18.422605">
        <ele>138.177786</ele>
        <time>2022-12-29T18:49:20.115Z</time>
      </trkpt>
      <trkpt lat="-34.007353" lon="18.422302">
        <ele>140.312497</ele>
        <time>2022-12-29T18:49:40.608Z</time>
      </trkpt>
      <trkpt lat="-34.007246" lon="18.421830">
        <ele>143.968345</ele>
        <time>2022-12-29T18:50:11.099Z</time>
      </trkpt>
      <trkpt lat="-34.007293" lon="18.421357">
        <ele>148.380013</ele>
        <time>2022-12-29T18:50:43.149Z</time>
      </trkpt>
      <trkpt lat="-34.007335" lon="18.420939">
        <ele>152.279317</ele>
        <time>2022-12-29T18:51:11.352Z</time>
      </trkpt>
      <trkpt lat="-34.007387" lon="18.420644">
        <ele>155.072301</ele>
        <time>2022-12-29T18:51:31.891Z</time>
      </trkpt>
      <trkpt lat="-34.007620" lon="18.419598">
        <ele>165.332098</ele>
        <time>2022-12-29T18:52:48.052Z</time>
      </trkpt>
      <trkpt lat="-34.007988" lon="18.418883">
        <ele>173.836656</ele>
        <time>2022-12-29T18:53:50.994Z</time>
      </trkpt>
      <trkpt lat="-34.008089" lon="18.418687">
        <ele>176.168754</ele>
        <time>2022-12-29T18:54:09.343Z</time>
      </trkpt>
      <trkpt lat="-34.007171" lon="18.417648">
        <ele>189.962898</ele>
        <time>2022-12-29T18:55:32.714Z</time>
      </trkpt>
      <trkpt lat="-34.007245" lon="18.417565">
        <ele>190.921855</ele>
        <time>2022-12-29T18:55:39.373Z</time>
      </trkpt>
      <trkpt lat="-34.007192" lon="18.417403">
        <ele>192.292013</ele>
        <time>2022-12-29T18:55:49.261Z</time>
      </trkpt>
      <trkpt lat="-34.007218" lon="18.417355">
        <ele>192.743111</ele>
        <time>2022-12-29T18:55:51.988Z</time>
      </trkpt>
      <trkpt lat="-34.007313" lon="18.417269">
        <ele>193.870332</ele>
        <time>2022-12-29T18:55:59.828Z</time>
      </trkpt>
      <trkpt lat="-34.007470" lon="18.417036">
        <ele>196.232579</ele>
        <time>2022-12-29T18:56:17.262Z</time>
      </trkpt>
      <trkpt lat="-34.007509" lon="18.416871">
        <ele>197.582407</ele>
        <time>2022-12-29T18:56:27.708Z</time>
      </trkpt>
      <trkpt lat="-34.007498" lon="18.416768">
        <ele>198.399427</ele>
        <time>2022-12-29T18:56:33.257Z</time>
      </trkpt>
      <trkpt lat="-34.006829" lon="18.415800">
        <ele>208.668937</ele>
        <time>2022-12-29T18:57:52.724Z</time>
      </trkpt>
      <trkpt lat="-34.006670" lon="18.415618">
        <ele>210.858667</ele>
        <time>2022-12-29T18:58:09.742Z</time>
      </trkpt>
      <trkpt lat="-34.006600" lon="18.415556">
        <ele>211.726236</ele>
        <time>2022-12-29T18:58:16.856Z</time>
      </trkpt>
      <trkpt lat="-34.006661" lon="18.415282">
        <ele>214.075792</ele>
        <time>2022-12-29T18:58:32.904Z</time>
      </trkpt>
      <trkpt lat="-34.006728" lon="18.414409">
        <ele>221.419415</ele>
        <time>2022-12-29T18:59:30.978Z</time>
      </trkpt>
      <trkpt lat="-34.006762" lon="18.414302">
        <ele>222.412454</ele>
        <time>2022-12-29T18:59:40.810Z</time>
      </trkpt>
      <trkpt lat="-34.007043" lon="18.413787">
        <ele>227.755376</ele>
        <time>2022-12-29T19:00:23.074Z</time>
      </trkpt>
      <trkpt lat="-34.007088" lon="18.413632">
        <ele>229.178581</ele>
        <time>2022-12-29T19:00:33.468Z</time>
      </trkpt>
      <trkpt lat="-34.007118" lon="18.413402">
        <ele>231.196254</ele>
        <time>2022-12-29T19:00:49.330Z</time>
      </trkpt>
      <trkpt lat="-34.007063" lon="18.412846">
        <ele>236.048664</ele>
        <time>2022-12-29T19:01:24.566Z</time>
      </trkpt>
      <trkpt lat="-34.007040" lon="18.412180">
        <ele>241.575060</ele>
        <time>2022-12-29T19:02:05.510Z</time>
      </trkpt>
      <trkpt lat="-34.006980" lon="18.411596">
        <ele>246.307348</ele>
        <time>2022-12-29T19:02:40.140Z</time>
      </trkpt>
      <trkpt lat="-34.006998" lon="18.411487">
        <ele>247.201118</ele>
        <time>2022-12-29T19:02:47.173Z</time>
      </trkpt>
      <trkpt lat="-34.007044" lon="18.411399">
        <ele>248.037734</ele>
        <time>2022-12-29T19:02:54.776Z</time>
      </trkpt>
      <trkpt lat="-34.007195" lon="18.411239">
        <ele>249.987413</ele>
        <time>2022-12-29T19:03:11.869Z</time>
      </trkpt>
      <trkpt lat="-34.007501" lon="18.410805">
        <ele>254.569166</ele>
        <time>2022-12-29T19:03:51.765Z</time>
      </trkpt>
      <trkpt lat="-34.007586" lon="18.410447">
        <ele>256.598575</ele>
        <time>2022-12-29T19:04:14.139Z</time>
      </trkpt>
      <trkpt lat="-34.007619" lon="18.410035">
        <ele>258.104145</ele>
        <time>2022-12-29T19:04:34.970Z</time>
      </trkpt>
      <trkpt lat="-34.007578" lon="18.409586">
        <ele>259.747196</ele>
        <time>2022-12-29T19:04:55.798Z</time>
      </trkpt>
      <trkpt lat="-34.007387" lon="18.408933">
        <ele>262.265911</ele>
        <time>2022-12-29T19:05:24.612Z</time>
      </trkpt>
      <trkpt lat="-34.007406" lon="18.408574">
        <ele>263.574384</ele>
        <time>2022-12-29T19:05:32.574Z</time>
      </trkpt>
      <trkpt lat="-34.007556" lon="18.408233">
        <ele>261.992812</ele>
        <time>2022-12-29T19:05:40.602Z</time>
      </trkpt>
      <trkpt lat="-34.007703" lon="18.408010">
        <ele>260.621188</ele>
        <time>2022-12-29T19:05:45.906Z</time>
      </trkpt>
      <trkpt lat="-34.007770" lon="18.407863">
        <ele>259.813585</ele>
        <time>2022-12-29T19:05:48.095Z</time>
      </trkpt>
      <trkpt lat="-34.007839" lon="18.407561">
        <ele>258.305488</ele>
        <time>2022-12-29T19:05:52.058Z</time>
      </trkpt>
      <trkpt lat="-34.007858" lon="18.407228">
        <ele>256.698570</ele>
        <time>2022-12-29T19:05:56.072Z</time>
      </trkpt>
      <trkpt lat="-34.007900" lon="18.407145">
        <ele>256.230428</ele>
        <time>2022-12-29T19:05:57.197Z</time>
      </trkpt>
      <trkpt lat="-34.008245" lon="18.406956">
        <ele>254.029918</ele>
        <time>2022-12-29T19:06:02.571Z</time>
      </trkpt>
      <trkpt lat="-34.008719" lon="18.406553">
        <ele>248.360827</ele>
        <time>2022-12-29T19:06:10.814Z</time>
      </trkpt>
      <trkpt lat="-34.009422" lon="18.406278">
        <ele>240.248973</ele>
        <time>2022-12-29T19:06:21.139Z</time>
      </trkpt>
      <trkpt lat="-34.009584" lon="18.406223">
        <ele>238.401743</ele>
        <time>2022-12-29T19:06:23.465Z</time>
      </trkpt>
      <trkpt lat="-34.009724" lon="18.406218">
        <ele>236.864395</ele>
        <time>2022-12-29T19:06:25.450Z</time>
      </trkpt>
      <trkpt lat="-34.010726" lon="18.406047">
        <ele>228.948311</ele>
        <time>2022-12-29T19:06:39.118Z</time>
      </trkpt>
      <trkpt lat="-34.011524" lon="18.405798">
        <ele>223.627434</ele>
        <time>2022-12-29T19:06:51.787Z</time>
      </trkpt>
      <trkpt lat="-34.011622" lon="18.405793">
        <ele>222.994246</ele>
        <time>2022-12-29T19:06:53.418Z</time>
      </trkpt>
      <trkpt lat="-34.011728" lon="18.405827">
        <ele>222.286208</ele>
        <time>2022-12-29T19:06:55.152Z</time>
      </trkpt>
      <trkpt lat="-34.011741" lon="18.405791">
        <ele>222.076087</ele>
        <time>2022-12-29T19:06:55.984Z</time>
      </trkpt>
      <trkpt lat="-34.011903" lon="18.405575">
        <ele>221.885938</ele>
        <time>2022-12-29T19:07:00.203Z</time>
      </trkpt>
      <trkpt lat="-34.011937" lon="18.405582">
        <ele>221.884516</ele>
        <time>2022-12-29T19:07:00.723Z</time>
      </trkpt>
      <trkpt lat="-34.011997" lon="18.405561">
        <ele>221.881941</ele>
        <time>2022-12-29T19:07:01.768Z</time>
      </trkpt>
      <trkpt lat="-34.012050" lon="18.405469">
        <ele>221.878113</ele>
        <time>2022-12-29T19:07:03.621Z</time>
      </trkpt>
      <trkpt lat="-34.012043" lon="18.405388">
        <ele>221.875330</ele>
        <time>2022-12-29T19:07:04.868Z</time>
      </trkpt>
      <trkpt lat="-34.012146" lon="18.405355">
        <ele>221.870937</ele>
        <time>2022-12-29T19:07:09.141Z</time>
      </trkpt>
      <trkpt lat="-34.012245" lon="18.405323">
        <ele>221.866713</ele>
        <time>2022-12-29T19:07:12.722Z</time>
      </trkpt>
      <trkpt lat="-34.012289" lon="18.405558">
        <ele>221.858481</ele>
        <time>2022-12-29T19:07:19.724Z</time>
      </trkpt>
      <trkpt lat="-34.012245" lon="18.405323">
        <ele>221.850249</ele>
        <time>2022-12-29T19:07:27.704Z</time>
      </trkpt>
      <trkpt lat="-34.012146" lon="18.405355">
        <ele>221.846025</ele>
        <time>2022-12-29T19:07:31.145Z</time>
      </trkpt>
      <trkpt lat="-34.012043" lon="18.405388">
        <ele>221.841632</ele>
        <time>2022-12-29T19:07:35.554Z</time>
      </trkpt>
      <trkpt lat="-34.011999" lon="18.405324">
        <ele>221.838791</ele>
        <time>2022-12-29T19:07:36.994Z</time>
      </trkpt>
      <trkpt lat="-34.011925" lon="18.405303">
        <ele>221.835657</ele>
        <time>2022-12-29T19:07:39.054Z</time>
      </trkpt>
      <trkpt lat="-34.011857" lon="18.405341">
        <ele>221.832568</ele>
        <time>2022-12-29T19:07:40.602Z</time>
      </trkpt>
      <trkpt lat="-34.011821" lon="18.405447">
        <ele>221.828654</ele>
        <time>2022-12-29T19:07:43.086Z</time>
      </trkpt>
      <trkpt lat="-34.011825" lon="18.405479">
        <ele>221.827549</ele>
        <time>2022-12-29T19:07:44.240Z</time>
      </trkpt>
      <trkpt lat="-34.011777" lon="18.405604">
        <ele>221.822842</ele>
        <time>2022-12-29T19:07:48.728Z</time>
      </trkpt>
      <trkpt lat="-34.011741" lon="18.405791">
        <ele>222.460327</ele>
        <time>2022-12-29T19:07:52.859Z</time>
      </trkpt>
      <trkpt lat="-34.011728" lon="18.405827">
        <ele>222.659431</ele>
        <time>2022-12-29T19:07:53.621Z</time>
      </trkpt>
      <trkpt lat="-34.011622" lon="18.405793">
        <ele>223.330348</ele>
        <time>2022-12-29T19:07:58.758Z</time>
      </trkpt>
      <trkpt lat="-34.011524" lon="18.405798">
        <ele>223.930338</ele>
        <time>2022-12-29T19:08:02.450Z</time>
      </trkpt>
      <trkpt lat="-34.010726" lon="18.406047">
        <ele>228.972246</ele>
        <time>2022-12-29T19:08:35.279Z</time>
      </trkpt>
      <trkpt lat="-34.009724" lon="18.406218">
        <ele>236.995413</ele>
        <time>2022-12-29T19:09:39.783Z</time>
      </trkpt>
      <trkpt lat="-34.009584" lon="18.406223">
        <ele>238.523357</ele>
        <time>2022-12-29T19:09:48.965Z</time>
      </trkpt>
      <trkpt lat="-34.009422" lon="18.406278">
        <ele>240.359287</ele>
        <time>2022-12-29T19:10:01.054Z</time>
      </trkpt>
      <trkpt lat="-34.008719" lon="18.406553">
        <ele>248.421518</ele>
        <time>2022-12-29T19:10:52.760Z</time>
      </trkpt>
      <trkpt lat="-34.008245" lon="18.406956">
        <ele>254.205278</ele>
        <time>2022-12-29T19:11:30.145Z</time>
      </trkpt>
      <trkpt lat="-34.007900" lon="18.407145">
        <ele>257.365504</ele>
        <time>2022-12-29T19:11:54.569Z</time>
      </trkpt>
      <trkpt lat="-34.007858" lon="18.407228">
        <ele>258.037818</ele>
        <time>2022-12-29T19:12:00.178Z</time>
      </trkpt>
      <trkpt lat="-34.007839" lon="18.407561">
        <ele>260.345568</ele>
        <time>2022-12-29T19:12:16.190Z</time>
      </trkpt>
      <trkpt lat="-34.007770" lon="18.407863">
        <ele>262.511399</ele>
        <time>2022-12-29T19:12:29.312Z</time>
      </trkpt>
      <trkpt lat="-34.007703" lon="18.408010">
        <ele>263.671224</ele>
        <time>2022-12-29T19:12:36.145Z</time>
      </trkpt>
      <trkpt lat="-34.007556" lon="18.408233">
        <ele>265.641060</ele>
        <time>2022-12-29T19:12:47.037Z</time>
      </trkpt>
      <trkpt lat="-34.007406" lon="18.408574">
        <ele>268.071680</ele>
        <time>2022-12-29T19:13:02.439Z</time>
      </trkpt>
      <trkpt lat="-34.007387" lon="18.408933">
        <ele>269.872997</ele>
        <time>2022-12-29T19:13:17.721Z</time>
      </trkpt>
      <trkpt lat="-34.007372" lon="18.409143">
        <ele>270.928448</ele>
        <time>2022-12-29T19:13:25.762Z</time>
      </trkpt>
      <trkpt lat="-34.007390" lon="18.409782">
        <ele>274.130025</ele>
        <time>2022-12-29T19:13:52.856Z</time>
      </trkpt>
      <trkpt lat="-34.007299" lon="18.410141">
        <ele>276.009848</ele>
        <time>2022-12-29T19:14:07.937Z</time>
      </trkpt>
      <trkpt lat="-34.007261" lon="18.410531">
        <ele>277.976182</ele>
        <time>2022-12-29T19:14:23.211Z</time>
      </trkpt>
      <trkpt lat="-34.007223" lon="18.410699">
        <ele>278.551976</ele>
        <time>2022-12-29T19:14:29.732Z</time>
      </trkpt>
      <trkpt lat="-34.007138" lon="18.410827">
        <ele>278.920916</ele>
        <time>2022-12-29T19:14:34.157Z</time>
      </trkpt>
      <trkpt lat="-34.006729" lon="18.411038">
        <ele>280.128048</ele>
        <time>2022-12-29T19:14:49.035Z</time>
      </trkpt>
      <trkpt lat="-34.006624" lon="18.411047">
        <ele>280.413703</ele>
        <time>2022-12-29T19:14:52.501Z</time>
      </trkpt>
      <trkpt lat="-34.006460" lon="18.410979">
        <ele>280.884303</ele>
        <time>2022-12-29T19:14:58.490Z</time>
      </trkpt>
      <trkpt lat="-34.006399" lon="18.411014">
        <ele>281.067609</ele>
        <time>2022-12-29T19:15:00.397Z</time>
      </trkpt>
      <trkpt lat="-34.006319" lon="18.411201">
        <ele>281.540994</ele>
        <time>2022-12-29T19:15:05.736Z</time>
      </trkpt>
      <trkpt lat="-34.006147" lon="18.411766">
        <ele>282.895000</ele>
        <time>2022-12-29T19:15:17.213Z</time>
      </trkpt>
      <trkpt lat="-34.006064" lon="18.412223">
        <ele>284.704783</ele>
        <time>2022-12-29T19:15:30.336Z</time>
      </trkpt>
      <trkpt lat="-34.005934" lon="18.412730">
        <ele>287.094396</ele>
        <time>2022-12-29T19:15:51.753Z</time>
      </trkpt>
      <trkpt lat="-34.005765" lon="18.412999">
        <ele>288.614187</ele>
        <time>2022-12-29T19:16:04.876Z</time>
      </trkpt>
      <trkpt lat="-34.005604" lon="18.413142">
        <ele>289.700171</ele>
        <time>2022-12-29T19:16:12.734Z</time>
      </trkpt>
      <trkpt lat="-34.005378" lon="18.413330">
        <ele>291.191318</ele>
        <time>2022-12-29T19:16:29.257Z</time>
      </trkpt>
      <trkpt lat="-34.005273" lon="18.413362">
        <ele>291.779567</ele>
        <time>2022-12-29T19:16:31.958Z</time>
      </trkpt>
      <trkpt lat="-34.005037" lon="18.413436">
        <ele>293.161183</ele>
        <time>2022-12-29T19:16:50.991Z</time>
      </trkpt>
      <trkpt lat="-34.004533" lon="18.413456">
        <ele>296.994311</ele>
        <time>2022-12-29T19:17:21.671Z</time>
      </trkpt>
      <trkpt lat="-34.004299" lon="18.413580">
        <ele>298.937077</ele>
        <time>2022-12-29T19:17:40.678Z</time>
      </trkpt>
      <trkpt lat="-34.003911" lon="18.413655">
        <ele>301.924008</ele>
        <time>2022-12-29T19:18:09.655Z</time>
      </trkpt>
      <trkpt lat="-34.003759" lon="18.413779">
        <ele>303.318821</ele>
        <time>2022-12-29T19:18:25.164Z</time>
      </trkpt>
      <trkpt lat="-34.003742" lon="18.413856">
        <ele>303.820948</ele>
        <time>2022-12-29T19:18:31.376Z</time>
      </trkpt>
      <trkpt lat="-34.003782" lon="18.414151">
        <ele>305.704588</ele>
        <time>2022-12-29T19:18:45.780Z</time>
      </trkpt>
      <trkpt lat="-34.003786" lon="18.414554">
        <ele>307.670594</ele>
        <time>2022-12-29T19:19:03.465Z</time>
      </trkpt>
      <trkpt lat="-34.003883" lon="18.415219">
        <ele>310.410526</ele>
        <time>2022-12-29T19:19:34.301Z</time>
      </trkpt>
      <trkpt lat="-34.003879" lon="18.415590">
        <ele>311.916119</ele>
        <time>2022-12-29T19:19:52.065Z</time>
      </trkpt>
      <trkpt lat="-34.003828" lon="18.415729">
        <ele>312.532937</ele>
        <time>2022-12-29T19:19:59.027Z</time>
      </trkpt>
      <trkpt lat="-34.003321" lon="18.416421">
        <ele>315.323255</ele>
        <time>2022-12-29T19:20:43.077Z</time>
      </trkpt>
      <trkpt lat="-34.003212" lon="18.416434">
        <ele>315.250817</ele>
        <time>2022-12-29T19:20:49.234Z</time>
      </trkpt>
      <trkpt lat="-34.002880" lon="18.416145">
        <ele>314.980049</ele>
        <time>2022-12-29T19:21:07.556Z</time>
      </trkpt>
      <trkpt lat="-34.002693" lon="18.416050">
        <ele>314.845858</ele>
        <time>2022-12-29T19:21:14.276Z</time>
      </trkpt>
      <trkpt lat="-34.002173" lon="18.415963">
        <ele>314.498666</ele>
        <time>2022-12-29T19:21:30.518Z</time>
      </trkpt>
      <trkpt lat="-34.001722" lon="18.415982">
        <ele>313.749026</ele>
        <time>2022-12-29T19:21:42.988Z</time>
      </trkpt>
      <trkpt lat="-34.001381" lon="18.416244">
        <ele>310.939114</ele>
        <time>2022-12-29T19:21:53.698Z</time>
      </trkpt>
      <trkpt lat="-34.001287" lon="18.416388">
        <ele>309.883082</ele>
        <time>2022-12-29T19:21:57.664Z</time>
      </trkpt>
      <trkpt lat="-34.000994" lon="18.417071">
        <ele>305.452125</ele>
        <time>2022-12-29T19:22:14.001Z</time>
      </trkpt>
      <trkpt lat="-34.001005" lon="18.417665">
        <ele>302.028764</ele>
        <time>2022-12-29T19:22:26.467Z</time>
      </trkpt>
      <trkpt lat="-34.000951" lon="18.417874">
        <ele>300.657729</ele>
        <time>2022-12-29T19:22:31.024Z</time>
      </trkpt>
      <trkpt lat="-34.000797" lon="18.418224">
        <ele>298.119012</ele>
        <time>2022-12-29T19:22:39.504Z</time>
      </trkpt>
      <trkpt lat="-34.000696" lon="18.418376">
        <ele>296.870937</ele>
        <time>2022-12-29T19:22:43.714Z</time>
      </trkpt>
      <trkpt lat="-34.000543" lon="18.418544">
        <ele>295.271954</ele>
        <time>2022-12-29T19:22:49.115Z</time>
      </trkpt>
      <trkpt lat="-34.000350" lon="18.418664">
        <ele>293.593890</ele>
        <time>2022-12-29T19:22:54.954Z</time>
      </trkpt>
      <trkpt lat="-34.000183" lon="18.418701">
        <ele>292.281669</ele>
        <time>2022-12-29T19:22:59.457Z</time>
      </trkpt>
      <trkpt lat="-33.999925" lon="18.418650">
        <ele>290.261163</ele>
        <time>2022-12-29T19:23:06.018Z</time>
      </trkpt>
      <trkpt lat="-33.999838" lon="18.418702">
        <ele>289.510779</ele>
        <time>2022-12-29T19:23:08.269Z</time>
      </trkpt>
      <trkpt lat="-33.999672" lon="18.419104">
        <ele>287.330122</ele>
        <time>2022-12-29T19:23:17.347Z</time>
      </trkpt>
      <trkpt lat="-33.999516" lon="18.419262">
        <ele>286.660074</ele>
        <time>2022-12-29T19:23:22.759Z</time>
      </trkpt>
      <trkpt lat="-33.999451" lon="18.419368">
        <ele>286.300528</ele>
        <time>2022-12-29T19:23:25.488Z</time>
      </trkpt>
      <trkpt lat="-33.999385" lon="18.419740">
        <ele>285.263102</ele>
        <time>2022-12-29T19:23:34.333Z</time>
      </trkpt>
      <trkpt lat="-33.999289" lon="18.420001">
        <ele>284.484440</ele>
        <time>2022-12-29T19:23:42.222Z</time>
      </trkpt>
      <trkpt lat="-33.999116" lon="18.420204">
        <ele>283.690530</ele>
        <time>2022-12-29T19:23:49.029Z</time>
      </trkpt>
      <trkpt lat="-33.998955" lon="18.420298">
        <ele>283.102163</ele>
        <time>2022-12-29T19:23:57.701Z</time>
      </trkpt>
      <trkpt lat="-33.998286" lon="18.420435">
        <ele>281.974911</ele>
        <time>2022-12-29T19:24:28.469Z</time>
      </trkpt>
      <trkpt lat="-33.998062" lon="18.420529">
        <ele>282.007918</ele>
        <time>2022-12-29T19:24:37.833Z</time>
      </trkpt>
      <trkpt lat="-33.997839" lon="18.420545">
        <ele>282.039007</ele>
        <time>2022-12-29T19:24:45.598Z</time>
      </trkpt>
      <trkpt lat="-33.997754" lon="18.420521">
        <ele>282.051156</ele>
        <time>2022-12-29T19:24:47.887Z</time>
      </trkpt>
      <trkpt lat="-33.997565" lon="18.420361">
        <ele>282.083290</ele>
        <time>2022-12-29T19:24:59.842Z</time>
      </trkpt>
      <trkpt lat="-33.996972" lon="18.419632">
        <ele>281.909221</ele>
        <time>2022-12-29T19:25:30.786Z</time>
      </trkpt>
      <trkpt lat="-33.996906" lon="18.419627">
        <ele>281.788944</ele>
        <time>2022-12-29T19:25:33.229Z</time>
      </trkpt>
      <trkpt lat="-33.996889" lon="18.419703">
        <ele>281.670246</ele>
        <time>2022-12-29T19:25:37.927Z</time>
      </trkpt>
      <trkpt lat="-33.996873" lon="18.419713">
        <ele>281.637471</ele>
        <time>2022-12-29T19:25:38.344Z</time>
      </trkpt>
      <trkpt lat="-33.996745" lon="18.419846">
        <ele>281.330194</ele>
        <time>2022-12-29T19:25:40.881Z</time>
      </trkpt>
      <trkpt lat="-33.996588" lon="18.420483">
        <ele>280.328113</ele>
        <time>2022-12-29T19:25:50.834Z</time>
      </trkpt>
      <trkpt lat="-33.996585" lon="18.420744">
        <ele>279.934511</ele>
        <time>2022-12-29T19:25:54.131Z</time>
      </trkpt>
      <trkpt lat="-33.996528" lon="18.420889">
        <ele>279.692532</ele>
        <time>2022-12-29T19:26:02.045Z</time>
      </trkpt>
      <trkpt lat="-33.996372" lon="18.421142">
        <ele>279.217088</ele>
        <time>2022-12-29T19:26:06.602Z</time>
      </trkpt>
      <trkpt lat="-33.996347" lon="18.421495">
        <ele>279.917351</ele>
        <time>2022-12-29T19:26:13.460Z</time>
      </trkpt>
      <trkpt lat="-33.996278" lon="18.421675">
        <ele>281.250548</ele>
        <time>2022-12-29T19:26:24.212Z</time>
      </trkpt>
      <trkpt lat="-33.996188" lon="18.421801">
        <ele>282.368645</ele>
        <time>2022-12-29T19:26:29.011Z</time>
      </trkpt>
      <trkpt lat="-33.996024" lon="18.421927">
        <ele>283.945365</ele>
        <time>2022-12-29T19:26:43.346Z</time>
      </trkpt>
      <trkpt lat="-33.995755" lon="18.421971">
        <ele>286.146610</ele>
        <time>2022-12-29T19:26:59.637Z</time>
      </trkpt>
      <trkpt lat="-33.995229" lon="18.422045">
        <ele>290.440777</ele>
        <time>2022-12-29T19:27:43.786Z</time>
      </trkpt>
      <trkpt lat="-33.995005" lon="18.422006">
        <ele>292.275984</ele>
        <time>2022-12-29T19:28:02.265Z</time>
      </trkpt>
      <trkpt lat="-33.994512" lon="18.421804">
        <ele>293.651643</ele>
        <time>2022-12-29T19:28:45.055Z</time>
      </trkpt>
      <trkpt lat="-33.994029" lon="18.421465">
        <ele>293.889527</ele>
        <time>2022-12-29T19:29:13.539Z</time>
      </trkpt>
      <trkpt lat="-33.993701" lon="18.421435">
        <ele>294.029552</ele>
        <time>2022-12-29T19:29:23.138Z</time>
      </trkpt>
      <trkpt lat="-33.993569" lon="18.421374">
        <ele>294.089726</ele>
        <time>2022-12-29T19:29:27.553Z</time>
      </trkpt>
      <trkpt lat="-33.993495" lon="18.421367">
        <ele>294.121324</ele>
        <time>2022-12-29T19:29:29.314Z</time>
      </trkpt>
      <trkpt lat="-33.993431" lon="18.421424">
        <ele>294.155190</ele>
        <time>2022-12-29T19:29:31.278Z</time>
      </trkpt>
      <trkpt lat="-33.993427" lon="18.421656">
        <ele>294.237089</ele>
        <time>2022-12-29T19:29:36.790Z</time>
      </trkpt>
      <trkpt lat="-33.993398" lon="18.421810">
        <ele>293.137755</ele>
        <time>2022-12-29T19:29:39.797Z</time>
      </trkpt>
      <trkpt lat="-33.993288" lon="18.421988">
        <ele>290.492498</ele>
        <time>2022-12-29T19:29:44.615Z</time>
      </trkpt>
      <trkpt lat="-33.993101" lon="18.422197">
        <ele>286.828632</ele>
        <time>2022-12-29T19:29:50.678Z</time>
      </trkpt>
      <trkpt lat="-33.992852" lon="18.422552">
        <ele>281.288070</ele>
        <time>2022-12-29T19:29:59.507Z</time>
      </trkpt>
      <trkpt lat="-33.992510" lon="18.422911">
        <ele>274.772304</ele>
        <time>2022-12-29T19:30:09.813Z</time>
      </trkpt>
      <trkpt lat="-33.992163" lon="18.422997">
        <ele>269.681261</ele>
        <time>2022-12-29T19:30:17.772Z</time>
      </trkpt>
      <trkpt lat="-33.992052" lon="18.423136">
        <ele>267.608142</ele>
        <time>2022-12-29T19:30:21.475Z</time>
      </trkpt>
      <trkpt lat="-33.991949" lon="18.423292">
        <ele>265.754797</ele>
        <time>2022-12-29T19:30:25.328Z</time>
      </trkpt>
      <trkpt lat="-33.991867" lon="18.423677">
        <ele>262.060578</ele>
        <time>2022-12-29T19:30:33.088Z</time>
      </trkpt>
      <trkpt lat="-33.991662" lon="18.423934">
        <ele>258.746224</ele>
        <time>2022-12-29T19:30:40.207Z</time>
      </trkpt>
      <trkpt lat="-33.991206" lon="18.424432">
        <ele>251.850825</ele>
        <time>2022-12-29T19:30:55.370Z</time>
      </trkpt>
      <trkpt lat="-33.990978" lon="18.424614">
        <ele>248.786110</ele>
        <time>2022-12-29T19:31:02.326Z</time>
      </trkpt>
      <trkpt lat="-33.990812" lon="18.424689">
        <ele>247.478218</ele>
        <time>2022-12-29T19:31:06.680Z</time>
      </trkpt>
      <trkpt lat="-33.990477" lon="18.424765">
        <ele>245.446215</ele>
        <time>2022-12-29T19:31:15.922Z</time>
      </trkpt>
      <trkpt lat="-33.990382" lon="18.424711">
        <ele>244.820164</ele>
        <time>2022-12-29T19:31:18.988Z</time>
      </trkpt>
      <trkpt lat="-33.990120" lon="18.424640">
        <ele>243.219407</ele>
        <time>2022-12-29T19:31:26.661Z</time>
      </trkpt>
      <trkpt lat="-33.989525" lon="18.424632">
        <ele>239.672309</ele>
        <time>2022-12-29T19:31:42.986Z</time>
      </trkpt>
      <trkpt lat="-33.989460" lon="18.424630">
        <ele>239.284709</ele>
        <time>2022-12-29T19:31:44.768Z</time>
      </trkpt>
      <trkpt lat="-33.988860" lon="18.424532">
        <ele>235.667278</ele>
        <time>2022-12-29T19:32:00.480Z</time>
      </trkpt>
      <trkpt lat="-33.988523" lon="18.424540">
        <ele>233.649200</ele>
        <time>2022-12-29T19:32:09.244Z</time>
      </trkpt>
      <trkpt lat="-33.988457" lon="18.424561">
        <ele>233.240524</ele>
        <time>2022-12-29T19:32:11.028Z</time>
      </trkpt>
      <trkpt lat="-33.988399" lon="18.424651">
        <ele>232.674657</ele>
        <time>2022-12-29T19:32:13.575Z</time>
      </trkpt>
      <trkpt lat="-33.988387" lon="18.424738">
        <ele>232.236829</ele>
        <time>2022-12-29T19:32:15.645Z</time>
      </trkpt>
      <trkpt lat="-33.988408" lon="18.424910">
        <ele>231.373763</ele>
        <time>2022-12-29T19:32:19.126Z</time>
      </trkpt>
      <trkpt lat="-33.988295" lon="18.424920">
        <ele>230.695390</ele>
        <time>2022-12-29T19:32:22.167Z</time>
      </trkpt>
      <trkpt lat="-33.988118" lon="18.424820">
        <ele>229.525142</ele>
        <time>2022-12-29T19:32:27.175Z</time>
      </trkpt>
      <trkpt lat="-33.987957" lon="18.424812">
        <ele>228.560385</ele>
        <time>2022-12-29T19:32:31.334Z</time>
      </trkpt>
      <trkpt lat="-33.987820" lon="18.424698">
        <ele>227.563849</ele>
        <time>2022-12-29T19:32:36.470Z</time>
      </trkpt>
      <trkpt lat="-33.987713" lon="18.424656">
        <ele>226.890143</ele>
        <time>2022-12-29T19:32:39.371Z</time>
      </trkpt>
      <trkpt lat="-33.987605" lon="18.424668">
        <ele>226.807588</ele>
        <time>2022-12-29T19:32:42.842Z</time>
      </trkpt>
      <trkpt lat="-33.987241" lon="18.424979">
        <ele>227.059182</ele>
        <time>2022-12-29T19:32:57.409Z</time>
      </trkpt>
      <trkpt lat="-33.986692" lon="18.425262">
        <ele>227.395918</ele>
        <time>2022-12-29T19:33:19.490Z</time>
      </trkpt>
      <trkpt lat="-33.986507" lon="18.425341">
        <ele>227.506606</ele>
        <time>2022-12-29T19:33:30.064Z</time>
      </trkpt>
      <trkpt lat="-33.985937" lon="18.425512">
        <ele>228.310160</ele>
        <time>2022-12-29T19:33:59.492Z</time>
      </trkpt>
      <trkpt lat="-33.985696" lon="18.425550">
        <ele>229.448599</ele>
        <time>2022-12-29T19:34:13.934Z</time>
      </trkpt>
      <trkpt lat="-33.985436" lon="18.425658">
        <ele>230.736637</ele>
        <time>2022-12-29T19:34:31.278Z</time>
      </trkpt>
      <trkpt lat="-33.984720" lon="18.425772">
        <ele>234.119444</ele>
        <time>2022-12-29T19:35:14.292Z</time>
      </trkpt>
      <trkpt lat="-33.984438" lon="18.425911">
        <ele>235.546382</ele>
        <time>2022-12-29T19:35:30.164Z</time>
      </trkpt>
      <trkpt lat="-33.984181" lon="18.425977">
        <ele>236.501202</ele>
        <time>2022-12-29T19:35:44.116Z</time>
      </trkpt>
      <trkpt lat="-33.984030" lon="18.426054">
        <ele>236.903234</ele>
        <time>2022-12-29T19:35:51.608Z</time>
      </trkpt>
      <trkpt lat="-33.983561" lon="18.425851">
        <ele>238.125175</ele>
        <time>2022-12-29T19:36:14.407Z</time>
      </trkpt>
      <trkpt lat="-33.983488" lon="18.425890">
        <ele>238.320969</ele>
        <time>2022-12-29T19:36:17.944Z</time>
      </trkpt>
      <trkpt lat="-33.983400" lon="18.426089">
        <ele>238.779564</ele>
        <time>2022-12-29T19:36:27.011Z</time>
      </trkpt>
      <trkpt lat="-33.983235" lon="18.426282">
        <ele>239.343244</ele>
        <time>2022-12-29T19:36:37.795Z</time>
      </trkpt>
      <trkpt lat="-33.983050" lon="18.426776">
        <ele>240.445447</ele>
        <time>2022-12-29T19:36:58.498Z</time>
      </trkpt>
      <trkpt lat="-33.982855" lon="18.427055">
        <ele>241.396084</ele>
        <time>2022-12-29T19:37:09.938Z</time>
      </trkpt>
      <trkpt lat="-33.982747" lon="18.427163">
        <ele>241.864190</ele>
        <time>2022-12-29T19:37:16.198Z</time>
      </trkpt>
      <trkpt lat="-33.982409" lon="18.427567">
        <ele>243.451979</ele>
        <time>2022-12-29T19:37:38.477Z</time>
      </trkpt>
      <trkpt lat="-33.982290" lon="18.427931">
        <ele>244.534479</ele>
        <time>2022-12-29T19:37:56.255Z</time>
      </trkpt>
      <trkpt lat="-33.982160" lon="18.428019">
        <ele>245.031880</ele>
        <time>2022-12-29T19:38:04.687Z</time>
      </trkpt>
      <trkpt lat="-33.981765" lon="18.428183">
        <ele>246.425708</ele>
        <time>2022-12-29T19:38:27.781Z</time>
      </trkpt>
      <trkpt lat="-33.981166" lon="18.428194">
        <ele>247.914705</ele>
        <time>2022-12-29T19:39:02.192Z</time>
      </trkpt>
      <trkpt lat="-33.980742" lon="18.428208">
        <ele>248.932329</ele>
        <time>2022-12-29T19:39:23.666Z</time>
      </trkpt>
      <trkpt lat="-33.980588" lon="18.428365">
        <ele>249.416134</ele>
        <time>2022-12-29T19:39:33.669Z</time>
      </trkpt>
      <trkpt lat="-33.980455" lon="18.428562">
        <ele>249.921524</ele>
        <time>2022-12-29T19:39:43.724Z</time>
      </trkpt>
      <trkpt lat="-33.980907" lon="18.429700">
        <ele>246.890105</ele>
        <time>2022-12-29T19:40:17.757Z</time>
      </trkpt>
      <trkpt lat="-33.980679" lon="18.430071">
        <ele>244.429895</ele>
        <time>2022-12-29T19:40:27.328Z</time>
      </trkpt>
      <trkpt lat="-33.980480" lon="18.430295">
        <ele>242.680930</ele>
        <time>2022-12-29T19:40:34.121Z</time>
      </trkpt>
      <trkpt lat="-33.980851" lon="18.430701">
        <ele>239.462177</ele>
        <time>2022-12-29T19:40:46.433Z</time>
      </trkpt>
      <trkpt lat="-33.980838" lon="18.431075">
        <ele>237.074493</ele>
        <time>2022-12-29T19:40:54.056Z</time>
      </trkpt>
      <trkpt lat="-33.980798" lon="18.431275">
        <ele>235.751605</ele>
        <time>2022-12-29T19:40:58.196Z</time>
      </trkpt>
      <trkpt lat="-33.980592" lon="18.431524">
        <ele>233.489941</ele>
        <time>2022-12-29T19:41:05.330Z</time>
      </trkpt>
      <trkpt lat="-33.980434" lon="18.431822">
        <ele>231.215573</ele>
        <time>2022-12-29T19:41:12.595Z</time>
      </trkpt>
      <trkpt lat="-33.980434" lon="18.432319">
        <ele>228.019819</ele>
        <time>2022-12-29T19:41:23.136Z</time>
      </trkpt>
      <trkpt lat="-33.980347" lon="18.432483">
        <ele>226.767956</ele>
        <time>2022-12-29T19:41:27.567Z</time>
      </trkpt>
      <trkpt lat="-33.980329" lon="18.432911">
        <ele>225.509334</ele>
        <time>2022-12-29T19:41:38.105Z</time>
      </trkpt>
      <trkpt lat="-33.980193" lon="18.433177">
        <ele>225.634075</ele>
        <time>2022-12-29T19:41:47.021Z</time>
      </trkpt>
      <trkpt lat="-33.980066" lon="18.433250">
        <ele>225.701800</ele>
        <time>2022-12-29T19:41:52.522Z</time>
      </trkpt>
      <trkpt lat="-33.979688" lon="18.433243">
        <ele>225.883782</ele>
        <time>2022-12-29T19:42:08.137Z</time>
      </trkpt>
      <trkpt lat="-33.979475" lon="18.433341">
        <ele>225.993525</ele>
        <time>2022-12-29T19:42:17.833Z</time>
      </trkpt>
      <trkpt lat="-33.979012" lon="18.433492">
        <ele>226.224410</ele>
        <time>2022-12-29T19:42:40.282Z</time>
      </trkpt>
      <trkpt lat="-33.978786" lon="18.433634">
        <ele>226.673304</ele>
        <time>2022-12-29T19:42:53.082Z</time>
      </trkpt>
      <trkpt lat="-33.978652" lon="18.433819">
        <ele>227.309677</ele>
        <time>2022-12-29T19:43:03.890Z</time>
      </trkpt>
      <trkpt lat="-33.978478" lon="18.434249">
        <ele>228.549242</ele>
        <time>2022-12-29T19:43:23.337Z</time>
      </trkpt>
      <trkpt lat="-33.978485" lon="18.434464">
        <ele>229.106676</ele>
        <time>2022-12-29T19:43:31.501Z</time>
      </trkpt>
      <trkpt lat="-33.978391" lon="18.434635">
        <ele>229.638188</ele>
        <time>2022-12-29T19:43:40.086Z</time>
      </trkpt>
      <trkpt lat="-33.978347" lon="18.434791">
        <ele>230.065079</ele>
        <time>2022-12-29T19:43:46.621Z</time>
      </trkpt>
      <trkpt lat="-33.978209" lon="18.434920">
        <ele>230.610579</ele>
        <time>2022-12-29T19:43:55.044Z</time>
      </trkpt>
      <trkpt lat="-33.978062" lon="18.435172">
        <ele>231.408794</ele>
        <time>2022-12-29T19:44:07.128Z</time>
      </trkpt>
      <trkpt lat="-33.978004" lon="18.435209">
        <ele>231.613789</ele>
        <time>2022-12-29T19:44:10.689Z</time>
      </trkpt>
      <trkpt lat="-33.977791" lon="18.435263">
        <ele>232.630325</ele>
        <time>2022-12-29T19:44:22.020Z</time>
      </trkpt>
      <trkpt lat="-33.977671" lon="18.435252">
        <ele>233.333406</ele>
        <time>2022-12-29T19:44:28.549Z</time>
      </trkpt>
      <trkpt lat="-33.977537" lon="18.435301">
        <ele>234.151456</ele>
        <time>2022-12-29T19:44:36.456Z</time>
      </trkpt>
      <trkpt lat="-33.977444" lon="18.435381">
        <ele>234.818845</ele>
        <time>2022-12-29T19:44:42.453Z</time>
      </trkpt>
      <trkpt lat="-33.977454" lon="18.435653">
        <ele>236.137884</ele>
        <time>2022-12-29T19:44:55.535Z</time>
      </trkpt>
      <trkpt lat="-33.977447" lon="18.435751">
        <ele>236.614418</ele>
        <time>2022-12-29T19:44:59.412Z</time>
      </trkpt>
      <trkpt lat="-33.977387" lon="18.435839">
        <ele>237.166348</ele>
        <time>2022-12-29T19:45:03.348Z</time>
      </trkpt>
      <trkpt lat="-33.977106" lon="18.436102">
        <ele>239.244435</ele>
        <time>2022-12-29T19:45:21.075Z</time>
      </trkpt>
      <trkpt lat="-33.976979" lon="18.436318">
        <ele>240.527225</ele>
        <time>2022-12-29T19:45:33.956Z</time>
      </trkpt>
      <trkpt lat="-33.976672" lon="18.436377">
        <ele>242.343400</ele>
        <time>2022-12-29T19:45:55.625Z</time>
      </trkpt>
      <trkpt lat="-33.976390" lon="18.436515">
        <ele>243.703710</ele>
        <time>2022-12-29T19:46:17.098Z</time>
      </trkpt>
      <trkpt lat="-33.975966" lon="18.436632">
        <ele>245.622869</ele>
        <time>2022-12-29T19:46:45.838Z</time>
      </trkpt>
      <trkpt lat="-33.975727" lon="18.436507">
        <ele>246.772315</ele>
        <time>2022-12-29T19:46:58.214Z</time>
      </trkpt>
      <trkpt lat="-33.975507" lon="18.436423">
        <ele>247.790512</ele>
        <time>2022-12-29T19:47:09.442Z</time>
      </trkpt>
      <trkpt lat="-33.975289" lon="18.436301">
        <ele>248.850923</ele>
        <time>2022-12-29T19:47:21.570Z</time>
      </trkpt>
      <trkpt lat="-33.975052" lon="18.436340">
        <ele>249.906323</ele>
        <time>2022-12-29T19:47:29.644Z</time>
      </trkpt>
      <trkpt lat="-33.974989" lon="18.436539">
        <ele>250.340177</ele>
        <time>2022-12-29T19:47:38.990Z</time>
      </trkpt>
      <trkpt lat="-33.974968" lon="18.436604">
        <ele>250.331927</ele>
        <time>2022-12-29T19:47:40.556Z</time>
      </trkpt>
      <trkpt lat="-33.974986" lon="18.436896">
        <ele>250.297301</ele>
        <time>2022-12-29T19:47:52.603Z</time>
      </trkpt>
      <trkpt lat="-33.974963" lon="18.437179">
        <ele>250.263675</ele>
        <time>2022-12-29T19:48:01.613Z</time>
      </trkpt>
      <trkpt lat="-33.974933" lon="18.437412">
        <ele>250.235791</ele>
        <time>2022-12-29T19:48:11.419Z</time>
      </trkpt>
      <trkpt lat="-33.974743" lon="18.437820">
        <ele>250.180456</ele>
        <time>2022-12-29T19:48:24.008Z</time>
      </trkpt>
      <trkpt lat="-33.974588" lon="18.437971">
        <ele>250.152042</ele>
        <time>2022-12-29T19:48:30.517Z</time>
      </trkpt>
      <trkpt lat="-33.974221" lon="18.438407">
        <ele>249.548007</ele>
        <time>2022-12-29T19:48:47.976Z</time>
      </trkpt>
      <trkpt lat="-33.973921" lon="18.438861">
        <ele>247.193419</ele>
        <time>2022-12-29T19:49:01.968Z</time>
      </trkpt>
      <trkpt lat="-33.973549" lon="18.438973">
        <ele>245.318082</ele>
        <time>2022-12-29T19:49:12.909Z</time>
      </trkpt>
      <trkpt lat="-33.973411" lon="18.439047">
        <ele>244.579384</ele>
        <time>2022-12-29T19:49:17.112Z</time>
      </trkpt>
      <trkpt lat="-33.973243" lon="18.439062">
        <ele>243.755433</ele>
        <time>2022-12-29T19:49:21.681Z</time>
      </trkpt>
      <trkpt lat="-33.972920" lon="18.438979">
        <ele>242.140142</ele>
        <time>2022-12-29T19:49:30.294Z</time>
      </trkpt>
      <trkpt lat="-33.972846" lon="18.439003">
        <ele>241.765339</ele>
        <time>2022-12-29T19:49:32.536Z</time>
      </trkpt>
      <trkpt lat="-33.972809" lon="18.439067">
        <ele>241.448890</ele>
        <time>2022-12-29T19:49:34.528Z</time>
      </trkpt>
      <trkpt lat="-33.972917" lon="18.439221">
        <ele>239.849247</ele>
        <time>2022-12-29T19:49:38.392Z</time>
      </trkpt>
      <trkpt lat="-33.973178" lon="18.439459">
        <ele>236.371567</ele>
        <time>2022-12-29T19:49:46.503Z</time>
      </trkpt>
      <trkpt lat="-33.973357" lon="18.439828">
        <ele>232.603831</ele>
        <time>2022-12-29T19:49:55.096Z</time>
      </trkpt>
      <trkpt lat="-33.973505" lon="18.439894">
        <ele>230.926810</ele>
        <time>2022-12-29T19:49:59.074Z</time>
      </trkpt>
      <trkpt lat="-33.973900" lon="18.439802">
        <ele>226.651262</ele>
        <time>2022-12-29T19:50:08.845Z</time>
      </trkpt>
      <trkpt lat="-33.974300" lon="18.439638">
        <ele>222.158573</ele>
        <time>2022-12-29T19:50:18.666Z</time>
      </trkpt>
      <trkpt lat="-33.974470" lon="18.439685">
        <ele>220.071571</ele>
        <time>2022-12-29T19:50:22.672Z</time>
      </trkpt>
      <trkpt lat="-33.974606" lon="18.439772">
        <ele>218.229376</ele>
        <time>2022-12-29T19:50:26.693Z</time>
      </trkpt>
      <trkpt lat="-33.974787" lon="18.439761">
        <ele>216.060780</ele>
        <time>2022-12-29T19:50:30.922Z</time>
      </trkpt>
      <trkpt lat="-33.975029" lon="18.439686">
        <ele>213.070897</ele>
        <time>2022-12-29T19:50:37.279Z</time>
      </trkpt>
      <trkpt lat="-33.975270" lon="18.439567">
        <ele>209.954686</ele>
        <time>2022-12-29T19:50:43.565Z</time>
      </trkpt>
      <trkpt lat="-33.975376" lon="18.439496">
        <ele>208.503751</ele>
        <time>2022-12-29T19:50:46.473Z</time>
      </trkpt>
      <trkpt lat="-33.975466" lon="18.439389">
        <ele>206.991412</ele>
        <time>2022-12-29T19:50:49.360Z</time>
      </trkpt>
      <trkpt lat="-33.975544" lon="18.439346">
        <ele>205.965153</ele>
        <time>2022-12-29T19:50:51.744Z</time>
      </trkpt>
      <trkpt lat="-33.975610" lon="18.439359">
        <ele>205.164930</ele>
        <time>2022-12-29T19:50:53.442Z</time>
      </trkpt>
      <trkpt lat="-33.975626" lon="18.439481">
        <ele>203.939265</ele>
        <time>2022-12-29T19:50:55.808Z</time>
      </trkpt>
      <trkpt lat="-33.975204" lon="18.440212">
        <ele>194.632934</ele>
        <time>2022-12-29T19:51:13.120Z</time>
      </trkpt>
      <trkpt lat="-33.975186" lon="18.440405">
        <ele>192.543432</ele>
        <time>2022-12-29T19:51:16.925Z</time>
      </trkpt>
      <trkpt lat="-33.975266" lon="18.440679">
        <ele>189.418203</ele>
        <time>2022-12-29T19:51:22.542Z</time>
      </trkpt>
      <trkpt lat="-33.975489" lon="18.440997">
        <ele>184.937720</ele>
        <time>2022-12-29T19:51:30.630Z</time>
      </trkpt>
      <trkpt lat="-33.975338" lon="18.441190">
        <ele>182.083055</ele>
        <time>2022-12-29T19:51:36.109Z</time>
      </trkpt>
      <trkpt lat="-33.975248" lon="18.441225">
        <ele>180.856229</ele>
        <time>2022-12-29T19:51:38.324Z</time>
      </trkpt>
      <trkpt lat="-33.974985" lon="18.441242">
        <ele>177.439314</ele>
        <time>2022-12-29T19:51:44.664Z</time>
      </trkpt>
      <trkpt lat="-33.974805" lon="18.441300">
        <ele>174.976600</ele>
        <time>2022-12-29T19:51:48.979Z</time>
      </trkpt>
      <trkpt lat="-33.974704" lon="18.441407">
        <ele>173.197912</ele>
        <time>2022-12-29T19:51:52.268Z</time>
      </trkpt>
      <trkpt lat="-33.974602" lon="18.441628">
        <ele>170.422961</ele>
        <time>2022-12-29T19:51:57.030Z</time>
      </trkpt>
      <trkpt lat="-33.974558" lon="18.441871">
        <ele>167.694052</ele>
        <time>2022-12-29T19:52:01.993Z</time>
      </trkpt>
      <trkpt lat="-33.974490" lon="18.442024">
        <ele>165.789518</ele>
        <time>2022-12-29T19:52:05.274Z</time>
      </trkpt>
      <trkpt lat="-33.974102" lon="18.442310">
        <ele>159.773111</ele>
        <time>2022-12-29T19:52:16.107Z</time>
      </trkpt>
      <trkpt lat="-33.974042" lon="18.442499">
        <ele>157.552721</ele>
        <time>2022-12-29T19:52:20.225Z</time>
      </trkpt>
      <trkpt lat="-33.974059" lon="18.442655">
        <ele>155.826428</ele>
        <time>2022-12-29T19:52:23.148Z</time>
      </trkpt>
      <trkpt lat="-33.974221" lon="18.442843">
        <ele>152.904974</ele>
        <time>2022-12-29T19:52:28.733Z</time>
      </trkpt>
      <trkpt lat="-33.974088" lon="18.443050">
        <ele>150.257738</ele>
        <time>2022-12-29T19:52:33.711Z</time>
      </trkpt>
      <trkpt lat="-33.974055" lon="18.443366">
        <ele>147.037937</ele>
        <time>2022-12-29T19:52:39.752Z</time>
      </trkpt>
      <trkpt lat="-33.974083" lon="18.443888">
        <ele>141.749802</ele>
        <time>2022-12-29T19:52:49.996Z</time>
      </trkpt>
      <trkpt lat="-33.974041" lon="18.444025">
        <ele>140.273206</ele>
        <time>2022-12-29T19:52:53.249Z</time>
      </trkpt>
      <trkpt lat="-33.973959" lon="18.444183">
        <ele>138.388914</ele>
        <time>2022-12-29T19:52:56.801Z</time>
      </trkpt>
      <trkpt lat="-33.973969" lon="18.444269">
        <ele>137.511000</ele>
        <time>2022-12-29T19:52:58.480Z</time>
      </trkpt>
      <trkpt lat="-33.973928" lon="18.444371">
        <ele>136.365094</ele>
        <time>2022-12-29T19:53:01.138Z</time>
      </trkpt>
      <trkpt lat="-33.973697" lon="18.444544">
        <ele>133.050196</ele>
        <time>2022-12-29T19:53:07.661Z</time>
      </trkpt>
      <trkpt lat="-33.973570" lon="18.444760">
        <ele>130.632768</ele>
        <time>2022-12-29T19:53:13.341Z</time>
      </trkpt>
      <trkpt lat="-33.973675" lon="18.444828">
        <ele>129.486578</ele>
        <time>2022-12-29T19:53:16.129Z</time>
      </trkpt>
      <trkpt lat="-33.974164" lon="18.444749">
        <ele>124.741895</ele>
        <time>2022-12-29T19:53:28.305Z</time>
      </trkpt>
      <trkpt lat="-33.974531" lon="18.444795">
        <ele>121.193477</ele>
        <time>2022-12-29T19:53:37.159Z</time>
      </trkpt>
      <trkpt lat="-33.974595" lon="18.444803">
        <ele>120.574698</ele>
        <time>2022-12-29T19:53:38.810Z</time>
      </trkpt>
      <trkpt lat="-33.974763" lon="18.444781">
        <ele>118.949559</ele>
        <time>2022-12-29T19:53:42.944Z</time>
      </trkpt>
      <trkpt lat="-33.974930" lon="18.444668">
        <ele>117.107970</ele>
        <time>2022-12-29T19:53:47.899Z</time>
      </trkpt>
      <trkpt lat="-33.975018" lon="18.444718">
        <ele>116.172444</ele>
        <time>2022-12-29T19:53:50.250Z</time>
      </trkpt>
      <trkpt lat="-33.975062" lon="18.444843">
        <ele>115.089467</ele>
        <time>2022-12-29T19:53:53.098Z</time>
      </trkpt>
      <trkpt lat="-33.975090" lon="18.445042">
        <ele>113.599129</ele>
        <time>2022-12-29T19:53:57.347Z</time>
      </trkpt>
      <trkpt lat="-33.974965" lon="18.445410">
        <ele>110.886696</ele>
        <time>2022-12-29T19:54:05.976Z</time>
      </trkpt>
      <trkpt lat="-33.974757" lon="18.445779">
        <ele>107.843448</ele>
        <time>2022-12-29T19:54:15.357Z</time>
      </trkpt>
      <trkpt lat="-33.974367" lon="18.446151">
        <ele>103.753528</ele>
        <time>2022-12-29T19:54:27.669Z</time>
      </trkpt>
      <trkpt lat="-33.974211" lon="18.446335">
        <ele>101.958702</ele>
        <time>2022-12-29T19:54:33.114Z</time>
      </trkpt>
      <trkpt lat="-33.974209" lon="18.446622">
        <ele>100.001059</ele>
        <time>2022-12-29T19:54:39.156Z</time>
      </trkpt>
      <trkpt lat="-33.974244" lon="18.446804">
        <ele>98.946076</ele>
        <time>2022-12-29T19:54:43.164Z</time>
      </trkpt>
      <trkpt lat="-33.974006" lon="18.447008">
        <ele>97.216177</ele>
        <time>2022-12-29T19:54:50.822Z</time>
      </trkpt>
      <trkpt lat="-33.974004" lon="18.447319">
        <ele>95.688196</ele>
        <time>2022-12-29T19:54:57.671Z</time>
      </trkpt>
      <trkpt lat="-33.973746" lon="18.447775">
        <ele>92.976140</ele>
        <time>2022-12-29T19:55:09.864Z</time>
      </trkpt>
      <trkpt lat="-33.973519" lon="18.447916">
        <ele>91.463391</ele>
        <time>2022-12-29T19:55:16.744Z</time>
      </trkpt>
      <trkpt lat="-33.973055" lon="18.448288">
        <ele>88.577561</ele>
        <time>2022-12-29T19:55:32.035Z</time>
      </trkpt>
      <trkpt lat="-33.972847" lon="18.448508">
        <ele>87.920676</ele>
        <time>2022-12-29T19:55:40.048Z</time>
      </trkpt>
      <trkpt lat="-33.972595" lon="18.448855">
        <ele>87.012523</ele>
        <time>2022-12-29T19:55:51.884Z</time>
      </trkpt>
      <trkpt lat="-33.972313" lon="18.449079">
        <ele>86.210791</ele>
        <time>2022-12-29T19:56:02.903Z</time>
      </trkpt>
      <trkpt lat="-33.972287" lon="18.449198">
        <ele>85.968493</ele>
        <time>2022-12-29T19:56:06.348Z</time>
      </trkpt>
      <trkpt lat="-33.971863" lon="18.449445">
        <ele>84.850517</ele>
        <time>2022-12-29T19:56:22.252Z</time>
      </trkpt>
      <trkpt lat="-33.971677" lon="18.449786">
        <ele>84.280023</ele>
        <time>2022-12-29T19:56:32.930Z</time>
      </trkpt>
      <trkpt lat="-33.971520" lon="18.449950">
        <ele>84.000557</ele>
        <time>2022-12-29T19:56:39.609Z</time>
      </trkpt>
      <trkpt lat="-33.971266" lon="18.450285">
        <ele>83.494104</ele>
        <time>2022-12-29T19:56:51.789Z</time>
      </trkpt>
      <trkpt lat="-33.971088" lon="18.450508">
        <ele>83.148762</ele>
        <time>2022-12-29T19:57:00.249Z</time>
      </trkpt>
      <trkpt lat="-33.971066" lon="18.450536">
        <ele>83.105725</ele>
        <time>2022-12-29T19:57:01.204Z</time>
      </trkpt>
      <trkpt lat="-33.970869" lon="18.450696">
        <ele>82.786164</ele>
        <time>2022-12-29T19:57:09.033Z</time>
      </trkpt>
      <trkpt lat="-33.970829" lon="18.450803">
        <ele>82.655207</ele>
        <time>2022-12-29T19:57:12.188Z</time>
      </trkpt>
      <trkpt lat="-33.970842" lon="18.450898">
        <ele>82.547775</ele>
        <time>2022-12-29T19:57:14.696Z</time>
      </trkpt>
      <trkpt lat="-33.970818" lon="18.451059">
        <ele>82.365257</ele>
        <time>2022-12-29T19:57:19.104Z</time>
      </trkpt>
      <trkpt lat="-33.969179" lon="18.453370">
        <ele>81.000521</ele>
        <time>2022-12-29T19:58:47.619Z</time>
      </trkpt>
      <trkpt lat="-33.968182" lon="18.454628">
        <ele>80.852439</ele>
        <time>2022-12-29T19:59:42.512Z</time>
      </trkpt>
      <trkpt lat="-33.967498" lon="18.455364">
        <ele>80.595693</ele>
        <time>2022-12-29T20:00:15.802Z</time>
      </trkpt>
      <trkpt lat="-33.967142" lon="18.455797">
        <ele>80.454078</ele>
        <time>2022-12-29T20:00:33.577Z</time>
      </trkpt>
      <trkpt lat="-33.966586" lon="18.456449">
        <ele>80.038416</ele>
        <time>2022-12-29T20:01:00.004Z</time>
      </trkpt>
      <trkpt lat="-33.965657" lon="18.457647">
        <ele>79.579535</ele>
        <time>2022-12-29T20:01:47.633Z</time>
      </trkpt>
      <trkpt lat="-33.965520" lon="18.457794">
        <ele>79.835338</ele>
        <time>2022-12-29T20:01:54.443Z</time>
      </trkpt>
      <trkpt lat="-33.964942" lon="18.458076">
        <ele>80.705058</ele>
        <time>2022-12-29T20:02:18.739Z</time>
      </trkpt>
      <trkpt lat="-33.964412" lon="18.458441">
        <ele>81.556415</ele>
        <time>2022-12-29T20:02:47.041Z</time>
      </trkpt>
      <trkpt lat="-33.964113" lon="18.458606">
        <ele>82.320529</ele>
        <time>2022-12-29T20:03:04.375Z</time>
      </trkpt>
      <trkpt lat="-33.963735" lon="18.458933">
        <ele>84.086519</ele>
        <time>2022-12-29T20:03:29.177Z</time>
      </trkpt>
      <trkpt lat="-33.963475" lon="18.459019">
        <ele>85.109932</ele>
        <time>2022-12-29T20:03:43.308Z</time>
      </trkpt>
      <trkpt lat="-33.963442" lon="18.458919">
        <ele>85.448771</ele>
        <time>2022-12-29T20:03:46.667Z</time>
      </trkpt>
      <trkpt lat="-33.963329" lon="18.458470">
        <ele>86.926022</ele>
        <time>2022-12-29T20:04:01.333Z</time>
      </trkpt>
      <trkpt lat="-33.963457" lon="18.458481">
        <ele>87.413136</ele>
        <time>2022-12-29T20:04:08.418Z</time>
      </trkpt>
      <trkpt lat="-33.963549" lon="18.458437">
        <ele>87.788835</ele>
        <time>2022-12-29T20:04:13.281Z</time>
      </trkpt>
      <trkpt lat="-33.963893" lon="18.457981">
        <ele>90.035841</ele>
        <time>2022-12-29T20:04:40.447Z</time>
      </trkpt>
      <trkpt lat="-33.964142" lon="18.457800">
        <ele>91.457195</ele>
        <time>2022-12-29T20:04:55.490Z</time>
      </trkpt>
      <trkpt lat="-33.964219" lon="18.457631">
        <ele>92.238989</ele>
        <time>2022-12-29T20:05:04.081Z</time>
      </trkpt>
      <trkpt lat="-33.964402" lon="18.457359">
        <ele>93.659034</ele>
        <time>2022-12-29T20:05:18.376Z</time>
      </trkpt>
      <trkpt lat="-33.964631" lon="18.456948">
        <ele>95.666540</ele>
        <time>2022-12-29T20:05:42.040Z</time>
      </trkpt>
      <trkpt lat="-33.964637" lon="18.456887">
        <ele>95.915596</ele>
        <time>2022-12-29T20:05:44.756Z</time>
      </trkpt>
      <trkpt lat="-33.964597" lon="18.456823">
        <ele>96.240511</ele>
        <time>2022-12-29T20:05:48.967Z</time>
      </trkpt>
      <trkpt lat="-33.964193" lon="18.456475">
        <ele>99.736891</ele>
        <time>2022-12-29T20:06:23.015Z</time>
      </trkpt>
      <trkpt lat="-33.963922" lon="18.456323">
        <ele>102.489330</ele>
        <time>2022-12-29T20:06:43.563Z</time>
      </trkpt>
      <trkpt lat="-33.963723" lon="18.456159">
        <ele>104.709094</ele>
        <time>2022-12-29T20:07:00.348Z</time>
      </trkpt>
      <trkpt lat="-33.963504" lon="18.456060">
        <ele>106.862943</ele>
        <time>2022-12-29T20:07:18.256Z</time>
      </trkpt>
      <trkpt lat="-33.963532" lon="18.455526">
        <ele>110.949689</ele>
        <time>2022-12-29T20:07:50.360Z</time>
      </trkpt>
      <trkpt lat="-33.963726" lon="18.454751">
        <ele>117.273090</ele>
        <time>2022-12-29T20:08:49.521Z</time>
      </trkpt>
      <trkpt lat="-33.964014" lon="18.454415">
        <ele>121.130106</ele>
        <time>2022-12-29T20:09:22.671Z</time>
      </trkpt>
      <trkpt lat="-33.964109" lon="18.454339">
        <ele>122.227381</ele>
        <time>2022-12-29T20:09:29.668Z</time>
      </trkpt>
      <trkpt lat="-33.964149" lon="18.454319">
        <ele>122.644147</ele>
        <time>2022-12-29T20:09:33.805Z</time>
      </trkpt>
      <trkpt lat="-33.964350" lon="18.454217">
        <ele>124.743010</ele>
        <time>2022-12-29T20:09:50.361Z</time>
      </trkpt>
      <trkpt lat="-33.964408" lon="18.454140">
        <ele>125.573303</ele>
        <time>2022-12-29T20:09:56.445Z</time>
      </trkpt>
      <trkpt lat="-33.964423" lon="18.454049">
        <ele>126.313902</ele>
        <time>2022-12-29T20:10:02.724Z</time>
      </trkpt>
      <trkpt lat="-33.964433" lon="18.453985">
        <ele>126.833758</ele>
        <time>2022-12-29T20:10:07.709Z</time>
      </trkpt>
      <trkpt lat="-33.964403" lon="18.453817">
        <ele>128.205520</ele>
        <time>2022-12-29T20:10:15.739Z</time>
      </trkpt>
      <trkpt lat="-33.964272" lon="18.453437">
        <ele>131.421713</ele>
        <time>2022-12-29T20:10:38.642Z</time>
      </trkpt>
      <trkpt lat="-33.964200" lon="18.453342">
        <ele>132.002409</ele>
        <time>2022-12-29T20:10:45.895Z</time>
      </trkpt>
      <trkpt lat="-33.963707" lon="18.452948">
        <ele>135.220338</ele>
        <time>2022-12-29T20:11:23.228Z</time>
      </trkpt>
      <trkpt lat="-33.963626" lon="18.452909">
        <ele>135.694865</ele>
        <time>2022-12-29T20:11:29.902Z</time>
      </trkpt>
      <trkpt lat="-33.963422" lon="18.452916">
        <ele>136.805194</ele>
        <time>2022-12-29T20:11:42.112Z</time>
      </trkpt>
      <trkpt lat="-33.963143" lon="18.453148">
        <ele>138.649114</ele>
        <time>2022-12-29T20:11:58.376Z</time>
      </trkpt>
      <trkpt lat="-33.962833" lon="18.453357">
        <ele>140.581467</ele>
        <time>2022-12-29T20:12:16.284Z</time>
      </trkpt>
      <trkpt lat="-33.962269" lon="18.453974">
        <ele>144.302461</ele>
        <time>2022-12-29T20:12:58.797Z</time>
      </trkpt>
      <trkpt lat="-33.962156" lon="18.454031">
        <ele>144.890847</ele>
        <time>2022-12-29T20:13:04.938Z</time>
      </trkpt>
      <trkpt lat="-33.962111" lon="18.454104">
        <ele>145.253213</ele>
        <time>2022-12-29T20:13:08.776Z</time>
      </trkpt>
      <trkpt lat="-33.961972" lon="18.454065">
        <ele>145.938741</ele>
        <time>2022-12-29T20:13:14.796Z</time>
      </trkpt>
      <trkpt lat="-33.961647" lon="18.454126">
        <ele>147.518682</ele>
        <time>2022-12-29T20:13:28.543Z</time>
      </trkpt>
      <trkpt lat="-33.961523" lon="18.454151">
        <ele>148.122586</ele>
        <time>2022-12-29T20:13:33.939Z</time>
      </trkpt>
      <trkpt lat="-33.961499" lon="18.454158">
        <ele>148.241195</ele>
        <time>2022-12-29T20:13:34.978Z</time>
      </trkpt>
      <trkpt lat="-33.960720" lon="18.454333">
        <ele>152.633384</ele>
        <time>2022-12-29T20:14:11.525Z</time>
      </trkpt>
      <trkpt lat="-33.960516" lon="18.454411">
        <ele>153.924433</ele>
        <time>2022-12-29T20:14:21.997Z</time>
      </trkpt>
      <trkpt lat="-33.960085" lon="18.454778">
        <ele>157.107552</ele>
        <time>2022-12-29T20:14:47.570Z</time>
      </trkpt>
      <trkpt lat="-33.959268" lon="18.455313">
        <ele>161.841692</ele>
        <time>2022-12-29T20:15:30.447Z</time>
      </trkpt>
      <trkpt lat="-33.959122" lon="18.455457">
        <ele>162.507517</ele>
        <time>2022-12-29T20:15:37.792Z</time>
      </trkpt>
      <trkpt lat="-33.958999" lon="18.455674">
        <ele>163.277015</ele>
        <time>2022-12-29T20:15:46.086Z</time>
      </trkpt>
      <trkpt lat="-33.958823" lon="18.455988">
        <ele>164.386551</ele>
        <time>2022-12-29T20:15:56.635Z</time>
      </trkpt>
      <trkpt lat="-33.958713" lon="18.456118">
        <ele>164.930260</ele>
        <time>2022-12-29T20:16:01.678Z</time>
      </trkpt>
      <trkpt lat="-33.958220" lon="18.456497">
        <ele>166.983047</ele>
        <time>2022-12-29T20:16:19.203Z</time>
      </trkpt>
      <trkpt lat="-33.956403" lon="18.457670">
        <ele>173.118738</ele>
        <time>2022-12-29T20:17:22.083Z</time>
      </trkpt>
      <trkpt lat="-33.956361" lon="18.457630">
        <ele>173.454475</ele>
        <time>2022-12-29T20:17:28.260Z</time>
      </trkpt>
      <trkpt lat="-33.955830" lon="18.457608">
        <ele>176.787220</ele>
        <time>2022-12-29T20:17:54.333Z</time>
      </trkpt>
      <trkpt lat="-33.955652" lon="18.457550">
        <ele>177.943814</ele>
        <time>2022-12-29T20:18:06.773Z</time>
      </trkpt>
      <trkpt lat="-33.955609" lon="18.457351">
        <ele>179.013763</ele>
        <time>2022-12-29T20:18:13.897Z</time>
      </trkpt>
      <trkpt lat="-33.955785" lon="18.456969">
        <ele>181.287326</ele>
        <time>2022-12-29T20:18:33.803Z</time>
      </trkpt>
      <trkpt lat="-33.955841" lon="18.456499">
        <ele>183.868167</ele>
        <time>2022-12-29T20:18:55.706Z</time>
      </trkpt>
      <trkpt lat="-33.955783" lon="18.456411">
        <ele>184.513348</ele>
        <time>2022-12-29T20:19:01.155Z</time>
      </trkpt>
      <trkpt lat="-33.955694" lon="18.456424">
        <ele>185.133754</ele>
        <time>2022-12-29T20:19:06.456Z</time>
      </trkpt>
      <trkpt lat="-33.955406" lon="18.456868">
        <ele>188.369129</ele>
        <time>2022-12-29T20:19:30.778Z</time>
      </trkpt>
      <trkpt lat="-33.955199" lon="18.457102">
        <ele>190.332851</ele>
        <time>2022-12-29T20:19:47.150Z</time>
      </trkpt>
      <trkpt lat="-33.955046" lon="18.457183">
        <ele>191.489240</ele>
        <time>2022-12-29T20:19:56.701Z</time>
      </trkpt>
      <trkpt lat="-33.954259" lon="18.457352">
        <ele>196.656072</ele>
        <time>2022-12-29T20:20:36.064Z</time>
      </trkpt>
      <trkpt lat="-33.954196" lon="18.457337">
        <ele>197.014396</ele>
        <time>2022-12-29T20:20:39.610Z</time>
      </trkpt>
      <trkpt lat="-33.954021" lon="18.457285">
        <ele>198.020104</ele>
        <time>2022-12-29T20:20:48.417Z</time>
      </trkpt>
      <trkpt lat="-33.953727" lon="18.456920">
        <ele>200.374940</ele>
        <time>2022-12-29T20:21:06.778Z</time>
      </trkpt>
      <trkpt lat="-33.953095" lon="18.456876">
        <ele>203.907318</ele>
        <time>2022-12-29T20:21:37.148Z</time>
      </trkpt>
      <trkpt lat="-33.952947" lon="18.456886">
        <ele>204.734441</ele>
        <time>2022-12-29T20:21:43.239Z</time>
      </trkpt>
      <trkpt lat="-33.952828" lon="18.456797">
        <ele>205.734981</ele>
        <time>2022-12-29T20:21:51.438Z</time>
      </trkpt>
      <trkpt lat="-33.952616" lon="18.456559">
        <ele>208.382452</ele>
        <time>2022-12-29T20:22:02.723Z</time>
      </trkpt>
      <trkpt lat="-33.952568" lon="18.456536">
        <ele>208.854508</ele>
        <time>2022-12-29T20:22:05.487Z</time>
      </trkpt>
      <trkpt lat="-33.952494" lon="18.456500">
        <ele>209.583788</ele>
        <time>2022-12-29T20:22:07.097Z</time>
      </trkpt>
      <trkpt lat="-33.952396" lon="18.456500">
        <ele>210.479415</ele>
        <time>2022-12-29T20:22:10.730Z</time>
      </trkpt>
      <trkpt lat="-33.952046" lon="18.456637">
        <ele>213.842470</ele>
        <time>2022-12-29T20:22:34.749Z</time>
      </trkpt>
      <trkpt lat="-33.951457" lon="18.456536">
        <ele>219.279556</ele>
        <time>2022-12-29T20:23:14.194Z</time>
      </trkpt>
      <trkpt lat="-33.951266" lon="18.456383">
        <ele>221.375341</ele>
        <time>2022-12-29T20:23:34.995Z</time>
      </trkpt>
      <trkpt lat="-33.951193" lon="18.456207">
        <ele>223.903656</ele>
        <time>2022-12-29T20:23:46.484Z</time>
      </trkpt>
      <trkpt lat="-33.951076" lon="18.456055">
        <ele>226.772083</ele>
        <time>2022-12-29T20:24:01.532Z</time>
      </trkpt>
      <trkpt lat="-33.950928" lon="18.456000">
        <ele>229.354758</ele>
        <time>2022-12-29T20:24:09.955Z</time>
      </trkpt>
      <trkpt lat="-33.950879" lon="18.455907">
        <ele>230.878810</ele>
        <time>2022-12-29T20:24:16.585Z</time>
      </trkpt>
      <trkpt lat="-33.950682" lon="18.455869">
        <ele>234.205798</ele>
        <time>2022-12-29T20:24:30.474Z</time>
      </trkpt>
      <trkpt lat="-33.950510" lon="18.455630">
        <ele>238.582739</ele>
        <time>2022-12-29T20:24:49.085Z</time>
      </trkpt>
      <trkpt lat="-33.950416" lon="18.455620">
        <ele>240.156388</ele>
        <time>2022-12-29T20:24:55.652Z</time>
      </trkpt>
      <trkpt lat="-33.950324" lon="18.455575">
        <ele>241.812070</ele>
        <time>2022-12-29T20:25:02.790Z</time>
      </trkpt>
      <trkpt lat="-33.950288" lon="18.455510">
        <ele>242.893226</ele>
        <time>2022-12-29T20:25:07.523Z</time>
      </trkpt>
      <trkpt lat="-33.950247" lon="18.455435">
        <ele>244.135749</ele>
        <time>2022-12-29T20:25:12.723Z</time>
      </trkpt>
      <trkpt lat="-33.950209" lon="18.455297">
        <ele>246.147166</ele>
        <time>2022-12-29T20:25:21.106Z</time>
      </trkpt>
      <trkpt lat="-33.950105" lon="18.455114">
        <ele>249.215761</ele>
        <time>2022-12-29T20:25:34.285Z</time>
      </trkpt>
      <trkpt lat="-33.950083" lon="18.455018">
        <ele>250.593500</ele>
        <time>2022-12-29T20:25:40.061Z</time>
      </trkpt>
      <trkpt lat="-33.950020" lon="18.454973">
        <ele>251.710841</ele>
        <time>2022-12-29T20:25:45.171Z</time>
      </trkpt>
      <trkpt lat="-33.950005" lon="18.454817">
        <ele>252.809404</ele>
        <time>2022-12-29T20:25:54.595Z</time>
      </trkpt>
      <trkpt lat="-33.949915" lon="18.454684">
        <ele>254.010067</ele>
        <time>2022-12-29T20:26:04.595Z</time>
      </trkpt>
      <trkpt lat="-33.949922" lon="18.454590">
        <ele>254.670264</ele>
        <time>2022-12-29T20:26:10.004Z</time>
      </trkpt>
      <trkpt lat="-33.949813" lon="18.454445">
        <ele>256.039100</ele>
        <time>2022-12-29T20:26:21.501Z</time>
      </trkpt>
      <trkpt lat="-33.949620" lon="18.454635">
        <ele>258.140378</ele>
        <time>2022-12-29T20:26:35.450Z</time>
      </trkpt>
      <trkpt lat="-33.949540" lon="18.454789">
        <ele>259.411454</ele>
        <time>2022-12-29T20:26:47.114Z</time>
      </trkpt>
      <trkpt lat="-33.949448" lon="18.454902">
        <ele>260.519033</ele>
        <time>2022-12-29T20:26:51.467Z</time>
      </trkpt>
      <trkpt lat="-33.949361" lon="18.454958">
        <ele>261.350722</ele>
        <time>2022-12-29T20:26:59.567Z</time>
      </trkpt>
      <trkpt lat="-33.949247" lon="18.454979">
        <ele>262.323222</ele>
        <time>2022-12-29T20:27:07.116Z</time>
      </trkpt>
      <trkpt lat="-33.949008" lon="18.454811">
        <ele>264.656274</ele>
        <time>2022-12-29T20:27:20.764Z</time>
      </trkpt>
      <trkpt lat="-33.948683" lon="18.454513">
        <ele>266.543773</ele>
        <time>2022-12-29T20:27:41.363Z</time>
      </trkpt>
      <trkpt lat="-33.948178" lon="18.454483">
        <ele>265.809868</ele>
        <time>2022-12-29T20:27:55.632Z</time>
      </trkpt>
      <trkpt lat="-33.947713" lon="18.454221">
        <ele>265.064827</ele>
        <time>2022-12-29T20:28:12.177Z</time>
      </trkpt>
      <trkpt lat="-33.947466" lon="18.454207">
        <ele>264.705907</ele>
        <time>2022-12-29T20:28:18.898Z</time>
      </trkpt>
      <trkpt lat="-33.946998" lon="18.454334">
        <ele>264.387061</ele>
        <time>2022-12-29T20:28:33.676Z</time>
      </trkpt>
      <trkpt lat="-33.946875" lon="18.454304">
        <ele>264.657554</ele>
        <time>2022-12-29T20:28:40.685Z</time>
      </trkpt>
      <trkpt lat="-33.946842" lon="18.454191">
        <ele>264.871760</ele>
        <time>2022-12-29T20:28:43.578Z</time>
      </trkpt>
      <trkpt lat="-33.946898" lon="18.454055">
        <ele>265.143247</ele>
        <time>2022-12-29T20:28:47.583Z</time>
      </trkpt>
      <trkpt lat="-33.946898" lon="18.453883">
        <ele>265.450794</ele>
        <time>2022-12-29T20:28:56.120Z</time>
      </trkpt>
      <trkpt lat="-33.946663" lon="18.453349">
        <ele>266.531661</ele>
        <time>2022-12-29T20:29:18.210Z</time>
      </trkpt>
      <trkpt lat="-33.946580" lon="18.453262">
        <ele>266.768739</ele>
        <time>2022-12-29T20:29:22.854Z</time>
      </trkpt>
      <trkpt lat="-33.946561" lon="18.453156">
        <ele>266.962649</ele>
        <time>2022-12-29T20:29:30.797Z</time>
      </trkpt>
      <trkpt lat="-33.946677" lon="18.453048">
        <ele>267.278573</ele>
        <time>2022-12-29T20:29:37.015Z</time>
      </trkpt>
      <trkpt lat="-33.946695" lon="18.452920">
        <ele>267.510712</ele>
        <time>2022-12-29T20:29:42.073Z</time>
      </trkpt>
      <trkpt lat="-33.946806" lon="18.452791">
        <ele>267.843048</ele>
        <time>2022-12-29T20:29:54.108Z</time>
      </trkpt>
      <trkpt lat="-33.946851" lon="18.452683">
        <ele>268.059152</ele>
        <time>2022-12-29T20:29:58.279Z</time>
      </trkpt>
      <trkpt lat="-33.946931" lon="18.452641">
        <ele>268.247244</ele>
        <time>2022-12-29T20:30:02.275Z</time>
      </trkpt>
      <trkpt lat="-33.946998" lon="18.452560">
        <ele>268.451787</ele>
        <time>2022-12-29T20:30:09.562Z</time>
      </trkpt>
      <trkpt lat="-33.946948" lon="18.452415">
        <ele>268.732583</ele>
        <time>2022-12-29T20:30:15.919Z</time>
      </trkpt>
      <trkpt lat="-33.946993" lon="18.452340">
        <ele>268.898100</ele>
        <time>2022-12-29T20:30:18.912Z</time>
      </trkpt>
      <trkpt lat="-33.947091" lon="18.452383">
        <ele>269.122907</ele>
        <time>2022-12-29T20:30:23.893Z</time>
      </trkpt>
      <trkpt lat="-33.947251" lon="18.452072">
        <ele>269.777297</ele>
        <time>2022-12-29T20:30:40.252Z</time>
      </trkpt>
      <trkpt lat="-33.947109" lon="18.451847">
        <ele>270.282838</ele>
        <time>2022-12-29T20:30:53.782Z</time>
      </trkpt>
      <trkpt lat="-33.947073" lon="18.451653">
        <ele>270.638319</ele>
        <time>2022-12-29T20:30:59.930Z</time>
      </trkpt>
      <trkpt lat="-33.947018" lon="18.451554">
        <ele>270.851382</ele>
        <time>2022-12-29T20:31:04.367Z</time>
      </trkpt>
      <trkpt lat="-33.946938" lon="18.451017">
        <ele>271.826998</ele>
        <time>2022-12-29T20:31:19.699Z</time>
      </trkpt>
      <trkpt lat="-33.946929" lon="18.450552">
        <ele>270.977883</ele>
        <time>2022-12-29T20:31:32.152Z</time>
      </trkpt>
      <trkpt lat="-33.946849" lon="18.450487">
        <ele>270.715509</ele>
        <time>2022-12-29T20:31:35.111Z</time>
      </trkpt>
      <trkpt lat="-33.946500" lon="18.450504">
        <ele>269.765597</ele>
        <time>2022-12-29T20:31:45.446Z</time>
      </trkpt>
      <trkpt lat="-33.946115" lon="18.450150">
        <ele>268.448729</ele>
        <time>2022-12-29T20:31:59.288Z</time>
      </trkpt>
      <trkpt lat="-33.945700" lon="18.449978">
        <ele>267.255252</ele>
        <time>2022-12-29T20:32:11.956Z</time>
      </trkpt>
      <trkpt lat="-33.945519" lon="18.449574">
        <ele>267.071096</ele>
        <time>2022-12-29T20:32:23.748Z</time>
      </trkpt>
      <trkpt lat="-33.945391" lon="18.449111">
        <ele>267.135607</ele>
        <time>2022-12-29T20:32:36.836Z</time>
      </trkpt>
      <trkpt lat="-33.945262" lon="18.448934">
        <ele>267.166750</ele>
        <time>2022-12-29T20:32:43.729Z</time>
      </trkpt>
      <trkpt lat="-33.944959" lon="18.448191">
        <ele>267.276190</ele>
        <time>2022-12-29T20:33:12.507Z</time>
      </trkpt>
      <trkpt lat="-33.944980" lon="18.448081">
        <ele>267.291111</ele>
        <time>2022-12-29T20:33:18.001Z</time>
      </trkpt>
      <trkpt lat="-33.944783" lon="18.447550">
        <ele>268.445828</ele>
        <time>2022-12-29T20:33:43.142Z</time>
      </trkpt>
      <trkpt lat="-33.944687" lon="18.447020">
        <ele>269.862964</ele>
        <time>2022-12-29T20:34:06.840Z</time>
      </trkpt>
      <trkpt lat="-33.944873" lon="18.446052">
        <ele>272.458611</ele>
        <time>2022-12-29T20:34:47.213Z</time>
      </trkpt>
      <trkpt lat="-33.944747" lon="18.445861">
        <ele>273.139044</ele>
        <time>2022-12-29T20:34:55.927Z</time>
      </trkpt>
      <trkpt lat="-33.944288" lon="18.445757">
        <ele>275.128898</ele>
        <time>2022-12-29T20:35:18.892Z</time>
      </trkpt>
      <trkpt lat="-33.944046" lon="18.445533">
        <ele>276.428867</ele>
        <time>2022-12-29T20:35:35.443Z</time>
      </trkpt>
      <trkpt lat="-33.943993" lon="18.445338">
        <ele>277.154145</ele>
        <time>2022-12-29T20:35:44.230Z</time>
      </trkpt>
      <trkpt lat="-33.943995" lon="18.445110">
        <ele>277.960058</ele>
        <time>2022-12-29T20:35:55.082Z</time>
      </trkpt>
      <trkpt lat="-33.944125" lon="18.444579">
        <ele>279.916903</ele>
        <time>2022-12-29T20:36:20.896Z</time>
      </trkpt>
      <trkpt lat="-33.944164" lon="18.444307">
        <ele>281.073307</ele>
        <time>2022-12-29T20:36:34.821Z</time>
      </trkpt>
      <trkpt lat="-33.944217" lon="18.444363">
        <ele>281.586549</ele>
        <time>2022-12-29T20:36:38.815Z</time>
      </trkpt>
      <trkpt lat="-33.944246" lon="18.444457">
        <ele>282.192421</ele>
        <time>2022-12-29T20:36:43.606Z</time>
      </trkpt>
      <trkpt lat="-33.944227" lon="18.445181">
        <ele>286.568451</ele>
        <time>2022-12-29T20:37:22.477Z</time>
      </trkpt>
      <trkpt lat="-33.944301" lon="18.445388">
        <ele>287.930152</ele>
        <time>2022-12-29T20:37:35.430Z</time>
      </trkpt>
      <trkpt lat="-33.944410" lon="18.445513">
        <ele>289.025742</ele>
        <time>2022-12-29T20:37:46.005Z</time>
      </trkpt>
      <trkpt lat="-33.944549" lon="18.445597">
        <ele>290.158054</ele>
        <time>2022-12-29T20:37:57.166Z</time>
      </trkpt>
      <trkpt lat="-33.944913" lon="18.445530">
        <ele>292.839518</ele>
        <time>2022-12-29T20:38:24.531Z</time>
      </trkpt>
      <trkpt lat="-33.944986" lon="18.445539">
        <ele>293.373896</ele>
        <time>2022-12-29T20:38:29.294Z</time>
      </trkpt>
      <trkpt lat="-33.945112" lon="18.445609">
        <ele>294.383464</ele>
        <time>2022-12-29T20:38:38.292Z</time>
      </trkpt>
      <trkpt lat="-33.945206" lon="18.445720">
        <ele>295.340601</ele>
        <time>2022-12-29T20:38:47.447Z</time>
      </trkpt>
      <trkpt lat="-33.945348" lon="18.445968">
        <ele>297.158906</ele>
        <time>2022-12-29T20:39:03.651Z</time>
      </trkpt>
      <trkpt lat="-33.945330" lon="18.446393">
        <ele>299.726745</ele>
        <time>2022-12-29T20:39:26.590Z</time>
      </trkpt>
      <trkpt lat="-33.945386" lon="18.446719">
        <ele>301.735597</ele>
        <time>2022-12-29T20:39:44.092Z</time>
      </trkpt>
      <trkpt lat="-33.945549" lon="18.446985">
        <ele>303.731084</ele>
        <time>2022-12-29T20:40:01.549Z</time>
      </trkpt>
      <trkpt lat="-33.946118" lon="18.447588">
        <ele>309.783187</ele>
        <time>2022-12-29T20:40:52.407Z</time>
      </trkpt>
      <trkpt lat="-33.946187" lon="18.447687">
        <ele>310.737717</ele>
        <time>2022-12-29T20:40:59.396Z</time>
      </trkpt>
      <trkpt lat="-33.946210" lon="18.447805">
        <ele>311.632528</ele>
        <time>2022-12-29T20:41:06.708Z</time>
      </trkpt>
      <trkpt lat="-33.946259" lon="18.448063">
        <ele>313.586388</ele>
        <time>2022-12-29T20:41:22.712Z</time>
      </trkpt>
      <trkpt lat="-33.946359" lon="18.448285">
        <ele>315.451230</ele>
        <time>2022-12-29T20:41:38.212Z</time>
      </trkpt>
      <trkpt lat="-33.946477" lon="18.448311">
        <ele>316.518685</ele>
        <time>2022-12-29T20:41:47.416Z</time>
      </trkpt>
      <trkpt lat="-33.946854" lon="18.448247">
        <ele>319.906636</ele>
        <time>2022-12-29T20:42:15.662Z</time>
      </trkpt>
      <trkpt lat="-33.947072" lon="18.448264">
        <ele>321.850629</ele>
        <time>2022-12-29T20:42:31.925Z</time>
      </trkpt>
      <trkpt lat="-33.947271" lon="18.448314">
        <ele>323.829976</ele>
        <time>2022-12-29T20:42:47.873Z</time>
      </trkpt>
      <trkpt lat="-33.947715" lon="18.448512">
        <ele>328.902573</ele>
        <time>2022-12-29T20:43:25.381Z</time>
      </trkpt>
      <trkpt lat="-33.947918" lon="18.448649">
        <ele>331.395409</ele>
        <time>2022-12-29T20:43:44.560Z</time>
      </trkpt>
      <trkpt lat="-33.948066" lon="18.448785">
        <ele>333.389449</ele>
        <time>2022-12-29T20:43:59.294Z</time>
      </trkpt>
      <trkpt lat="-33.948174" lon="18.448952">
        <ele>335.271635</ele>
        <time>2022-12-29T20:44:16.397Z</time>
      </trkpt>
      <trkpt lat="-33.948471" lon="18.449663">
        <ele>342.224456</ele>
        <time>2022-12-29T20:45:10.698Z</time>
      </trkpt>
      <trkpt lat="-33.948729" lon="18.450395">
        <ele>345.819924</ele>
        <time>2022-12-29T20:45:55.231Z</time>
      </trkpt>
      <trkpt lat="-33.948835" lon="18.450561">
        <ele>346.766945</ele>
        <time>2022-12-29T20:46:08.555Z</time>
      </trkpt>
      <trkpt lat="-33.949786" lon="18.452384">
        <ele>353.500395</ele>
        <time>2022-12-29T20:47:29.958Z</time>
      </trkpt>
      <trkpt lat="-33.949848" lon="18.452425">
        <ele>353.634454</ele>
        <time>2022-12-29T20:47:32.158Z</time>
      </trkpt>
      <trkpt lat="-33.949938" lon="18.452441">
        <ele>353.806915</ele>
        <time>2022-12-29T20:47:35.227Z</time>
      </trkpt>
      <trkpt lat="-33.950088" lon="18.452417">
        <ele>354.093768</ele>
        <time>2022-12-29T20:47:40.535Z</time>
      </trkpt>
      <trkpt lat="-33.950435" lon="18.452292">
        <ele>354.780328</ele>
        <time>2022-12-29T20:47:53.891Z</time>
      </trkpt>
      <trkpt lat="-33.950600" lon="18.452189">
        <ele>355.132573</ele>
        <time>2022-12-29T20:48:05.545Z</time>
      </trkpt>
      <trkpt lat="-33.950917" lon="18.451880">
        <ele>358.380590</ele>
        <time>2022-12-29T20:48:26.800Z</time>
      </trkpt>
      <trkpt lat="-33.951199" lon="18.451524">
        <ele>362.366666</ele>
        <time>2022-12-29T20:48:51.559Z</time>
      </trkpt>
      <trkpt lat="-33.951590" lon="18.451264">
        <ele>366.725761</ele>
        <time>2022-12-29T20:49:21.242Z</time>
      </trkpt>
      <trkpt lat="-33.951615" lon="18.451215">
        <ele>367.191592</ele>
        <time>2022-12-29T20:49:25.675Z</time>
      </trkpt>
      <trkpt lat="-33.951594" lon="18.451183">
        <ele>367.522004</ele>
        <time>2022-12-29T20:49:30.179Z</time>
      </trkpt>
      <trkpt lat="-33.951471" lon="18.451194">
        <ele>368.726027</ele>
        <time>2022-12-29T20:49:39.955Z</time>
      </trkpt>
      <trkpt lat="-33.950936" lon="18.451387">
        <ele>375.212551</ele>
        <time>2022-12-29T20:50:37.757Z</time>
      </trkpt>
      <trkpt lat="-33.950892" lon="18.451428">
        <ele>376.184269</ele>
        <time>2022-12-29T20:50:45.037Z</time>
      </trkpt>
      <trkpt lat="-33.950732" lon="18.451532">
        <ele>379.360472</ele>
        <time>2022-12-29T20:51:03.832Z</time>
      </trkpt>
      <trkpt lat="-33.950448" lon="18.451642">
        <ele>384.572697</ele>
        <time>2022-12-29T20:51:39.894Z</time>
      </trkpt>
      <trkpt lat="-33.950327" lon="18.451641">
        <ele>386.687002</ele>
        <time>2022-12-29T20:51:52.317Z</time>
      </trkpt>
      <trkpt lat="-33.950266" lon="18.451586">
        <ele>388.018009</ele>
        <time>2022-12-29T20:52:02.050Z</time>
      </trkpt>
      <trkpt lat="-33.950256" lon="18.451569">
        <ele>388.320080</ele>
        <time>2022-12-29T20:52:04.494Z</time>
      </trkpt>
      <trkpt lat="-33.950220" lon="18.451488">
        <ele>389.652022</ele>
        <time>2022-12-29T20:52:13.640Z</time>
      </trkpt>
      <trkpt lat="-33.950022" lon="18.450843">
        <ele>399.620545</ele>
        <time>2022-12-29T20:53:14.567Z</time>
      </trkpt>
      <trkpt lat="-33.950005" lon="18.450730">
        <ele>401.285135</ele>
        <time>2022-12-29T20:53:23.555Z</time>
      </trkpt>
      <trkpt lat="-33.949999" lon="18.450607">
        <ele>403.071032</ele>
        <time>2022-12-29T20:53:30.979Z</time>
      </trkpt>
      <trkpt lat="-33.950057" lon="18.450326">
        <ele>405.485185</ele>
        <time>2022-12-29T20:53:56.493Z</time>
      </trkpt>
      <trkpt lat="-33.950076" lon="18.450028">
        <ele>407.219155</ele>
        <time>2022-12-29T20:54:15.233Z</time>
      </trkpt>
      <trkpt lat="-33.950024" lon="18.449758">
        <ele>408.827246</ele>
        <time>2022-12-29T20:54:35.039Z</time>
      </trkpt>
      <trkpt lat="-33.949973" lon="18.449624">
        <ele>409.682580</ele>
        <time>2022-12-29T20:54:39.994Z</time>
      </trkpt>
      <trkpt lat="-33.949992" lon="18.449523">
        <ele>410.283418</ele>
        <time>2022-12-29T20:54:51.541Z</time>
      </trkpt>
      <trkpt lat="-33.950061" lon="18.449572">
        <ele>410.843502</ele>
        <time>2022-12-29T20:54:53.538Z</time>
      </trkpt>
      <trkpt lat="-33.950202" lon="18.450024">
        <ele>413.645105</ele>
        <time>2022-12-29T20:55:13.782Z</time>
      </trkpt>
      <trkpt lat="-33.950227" lon="18.450191">
        <ele>414.629618</ele>
        <time>2022-12-29T20:55:17.218Z</time>
      </trkpt>
      <trkpt lat="-33.950232" lon="18.450498">
        <ele>416.411043</ele>
        <time>2022-12-29T20:55:31.362Z</time>
      </trkpt>
      <trkpt lat="-33.950239" lon="18.450527">
        <ele>416.586267</ele>
        <time>2022-12-29T20:55:31.958Z</time>
      </trkpt>
      <trkpt lat="-33.950286" lon="18.450722">
        <ele>416.594763</ele>
        <time>2022-12-29T20:55:42.894Z</time>
      </trkpt>
      <trkpt lat="-33.950369" lon="18.450892">
        <ele>416.234676</ele>
        <time>2022-12-29T20:55:49.796Z</time>
      </trkpt>
      <trkpt lat="-33.950479" lon="18.450942">
        <ele>415.975974</ele>
        <time>2022-12-29T20:55:52.454Z</time>
      </trkpt>
      <trkpt lat="-33.950369" lon="18.450892">
        <ele>415.717273</ele>
        <time>2022-12-29T20:56:06.141Z</time>
      </trkpt>
      <trkpt lat="-33.950286" lon="18.450722">
        <ele>415.357185</ele>
        <time>2022-12-29T20:56:11.540Z</time>
      </trkpt>
      <trkpt lat="-33.950232" lon="18.450498">
        <ele>414.931368</ele>
        <time>2022-12-29T20:56:17.013Z</time>
      </trkpt>
      <trkpt lat="-33.950227" lon="18.450191">
        <ele>414.370848</ele>
        <time>2022-12-29T20:56:24.087Z</time>
      </trkpt>
      <trkpt lat="-33.950202" lon="18.450024">
        <ele>414.061074</ele>
        <time>2022-12-29T20:56:35.296Z</time>
      </trkpt>
      <trkpt lat="-33.950061" lon="18.449572">
        <ele>413.179557</ele>
        <time>2022-12-29T20:56:47.024Z</time>
      </trkpt>
      <trkpt lat="-33.949992" lon="18.449523">
        <ele>413.003328</ele>
        <time>2022-12-29T20:56:52.995Z</time>
      </trkpt>
      <trkpt lat="-33.949973" lon="18.449624">
        <ele>412.269337</ele>
        <time>2022-12-29T20:56:54.986Z</time>
      </trkpt>
      <trkpt lat="-33.950024" lon="18.449758">
        <ele>410.566963</ele>
        <time>2022-12-29T20:56:59.172Z</time>
      </trkpt>
      <trkpt lat="-33.950076" lon="18.450028">
        <ele>407.366371</ele>
        <time>2022-12-29T20:57:04.646Z</time>
      </trkpt>
      <trkpt lat="-33.950057" lon="18.450326">
        <ele>403.915243</ele>
        <time>2022-12-29T20:57:10.773Z</time>
      </trkpt>
      <trkpt lat="-33.949999" lon="18.450607">
        <ele>400.571623</ele>
        <time>2022-12-29T20:57:16.231Z</time>
      </trkpt>
      <trkpt lat="-33.950005" lon="18.450730">
        <ele>399.148898</ele>
        <time>2022-12-29T20:57:18.796Z</time>
      </trkpt>
      <trkpt lat="-33.950022" lon="18.450843">
        <ele>397.822812</ele>
        <time>2022-12-29T20:57:21.010Z</time>
      </trkpt>
      <trkpt lat="-33.950220" lon="18.451488">
        <ele>389.881442</ele>
        <time>2022-12-29T20:57:33.995Z</time>
      </trkpt>
      <trkpt lat="-33.950256" lon="18.451569">
        <ele>388.820357</ele>
        <time>2022-12-29T20:57:35.685Z</time>
      </trkpt>
      <trkpt lat="-33.950266" lon="18.451586">
        <ele>388.579715</ele>
        <time>2022-12-29T20:57:36.107Z</time>
      </trkpt>
      <trkpt lat="-33.950327" lon="18.451641">
        <ele>387.482577</ele>
        <time>2022-12-29T20:57:37.785Z</time>
      </trkpt>
      <trkpt lat="-33.950448" lon="18.451642">
        <ele>385.626190</ele>
        <time>2022-12-29T20:57:40.573Z</time>
      </trkpt>
      <trkpt lat="-33.950732" lon="18.451532">
        <ele>381.049788</ele>
        <time>2022-12-29T20:57:47.236Z</time>
      </trkpt>
      <trkpt lat="-33.950892" lon="18.451428">
        <ele>378.261040</ele>
        <time>2022-12-29T20:57:51.402Z</time>
      </trkpt>
      <trkpt lat="-33.950936" lon="18.451387">
        <ele>377.407858</ele>
        <time>2022-12-29T20:57:52.657Z</time>
      </trkpt>
      <trkpt lat="-33.951471" lon="18.451194">
        <ele>368.840442</ele>
        <time>2022-12-29T20:58:05.432Z</time>
      </trkpt>
      <trkpt lat="-33.951594" lon="18.451183">
        <ele>366.948229</ele>
        <time>2022-12-29T20:58:08.437Z</time>
      </trkpt>
      <trkpt lat="-33.951615" lon="18.451215">
        <ele>366.428964</ele>
        <time>2022-12-29T20:58:09.213Z</time>
      </trkpt>
      <trkpt lat="-33.951590" lon="18.451264">
        <ele>365.696875</ele>
        <time>2022-12-29T20:58:10.322Z</time>
      </trkpt>
      <trkpt lat="-33.951199" lon="18.451524">
        <ele>359.991157</ele>
        <time>2022-12-29T20:58:21.849Z</time>
      </trkpt>
      <trkpt lat="-33.951088" lon="18.451664">
        <ele>359.487219</ele>
        <time>2022-12-29T20:58:26.560Z</time>
      </trkpt>
      <trkpt lat="-33.950917" lon="18.451880">
        <ele>358.710271</ele>
        <time>2022-12-29T20:58:32.895Z</time>
      </trkpt>
      <trkpt lat="-33.950600" lon="18.452189">
        <ele>357.431466</ele>
        <time>2022-12-29T20:58:44.661Z</time>
      </trkpt>
      <trkpt lat="-33.950435" lon="18.452292">
        <ele>356.848598</ele>
        <time>2022-12-29T20:58:49.547Z</time>
      </trkpt>
      <trkpt lat="-33.950088" lon="18.452417">
        <ele>355.712529</ele>
        <time>2022-12-29T20:59:03.053Z</time>
      </trkpt>
      <trkpt lat="-33.949938" lon="18.452441">
        <ele>355.237865</ele>
        <time>2022-12-29T20:59:09.029Z</time>
      </trkpt>
      <trkpt lat="-33.949848" lon="18.452425">
        <ele>354.952489</ele>
        <time>2022-12-29T20:59:12.732Z</time>
      </trkpt>
      <trkpt lat="-33.949786" lon="18.452384">
        <ele>354.730660</ele>
        <time>2022-12-29T20:59:15.997Z</time>
      </trkpt>
      <trkpt lat="-33.948835" lon="18.450561">
        <ele>362.152959</ele>
        <time>2022-12-29T21:00:53.258Z</time>
      </trkpt>
      <trkpt lat="-33.948498" lon="18.448893">
        <ele>372.400479</ele>
        <time>2022-12-29T21:02:28.179Z</time>
      </trkpt>
      <trkpt lat="-33.948442" lon="18.448338">
        <ele>375.829283</ele>
        <time>2022-12-29T21:03:00.220Z</time>
      </trkpt>
      <trkpt lat="-33.948412" lon="18.448118">
        <ele>377.372230</ele>
        <time>2022-12-29T21:03:14.772Z</time>
      </trkpt>
      <trkpt lat="-33.948472" lon="18.447310">
        <ele>382.986366</ele>
        <time>2022-12-29T21:04:00.401Z</time>
      </trkpt>
      <trkpt lat="-33.948437" lon="18.447055">
        <ele>384.775090</ele>
        <time>2022-12-29T21:04:14.271Z</time>
      </trkpt>
      <trkpt lat="-33.948169" lon="18.446483">
        <ele>389.321398</ele>
        <time>2022-12-29T21:04:55.293Z</time>
      </trkpt>
      <trkpt lat="-33.948032" lon="18.445995">
        <ele>393.339782</ele>
        <time>2022-12-29T21:05:25.237Z</time>
      </trkpt>
      <trkpt lat="-33.948037" lon="18.445713">
        <ele>395.650953</ele>
        <time>2022-12-29T21:05:42.347Z</time>
      </trkpt>
      <trkpt lat="-33.947877" lon="18.444997">
        <ele>401.726834</ele>
        <time>2022-12-29T21:06:30.410Z</time>
      </trkpt>
      <trkpt lat="-33.947543" lon="18.444229">
        <ele>408.643564</ele>
        <time>2022-12-29T21:07:27.420Z</time>
      </trkpt>
      <trkpt lat="-33.947488" lon="18.444004">
        <ele>410.000955</ele>
        <time>2022-12-29T21:07:43.357Z</time>
      </trkpt>
      <trkpt lat="-33.947510" lon="18.443677">
        <ele>411.899464</ele>
        <time>2022-12-29T21:08:06.019Z</time>
      </trkpt>
      <trkpt lat="-33.947681" lon="18.443151">
        <ele>415.168734</ele>
        <time>2022-12-29T21:08:38.729Z</time>
      </trkpt>
      <trkpt lat="-33.948069" lon="18.442455">
        <ele>420.021327</ele>
        <time>2022-12-29T21:09:20.081Z</time>
      </trkpt>
      <trkpt lat="-33.948022" lon="18.442344">
        <ele>420.736340</ele>
        <time>2022-12-29T21:09:25.168Z</time>
      </trkpt>
      <trkpt lat="-33.947893" lon="18.442234">
        <ele>420.451915</ele>
        <time>2022-12-29T21:09:32.054Z</time>
      </trkpt>
      <trkpt lat="-33.947606" lon="18.442165">
        <ele>419.925133</ele>
        <time>2022-12-29T21:09:40.854Z</time>
      </trkpt>
      <trkpt lat="-33.947210" lon="18.441924">
        <ele>419.126632</ele>
        <time>2022-12-29T21:09:54.190Z</time>
      </trkpt>
      <trkpt lat="-33.946949" lon="18.441371">
        <ele>418.176587</ele>
        <time>2022-12-29T21:10:09.085Z</time>
      </trkpt>
      <trkpt lat="-33.946660" lon="18.441030">
        <ele>417.541100</ele>
        <time>2022-12-29T21:10:20.991Z</time>
      </trkpt>
      <trkpt lat="-33.946425" lon="18.440835">
        <ele>417.952284</ele>
        <time>2022-12-29T21:10:31.192Z</time>
      </trkpt>
      <trkpt lat="-33.946122" lon="18.440475">
        <ele>418.565450</ele>
        <time>2022-12-29T21:10:45.055Z</time>
      </trkpt>
      <trkpt lat="-33.945900" lon="18.439927">
        <ele>419.294601</ele>
        <time>2022-12-29T21:11:06.189Z</time>
      </trkpt>
      <trkpt lat="-33.945837" lon="18.439802">
        <ele>419.469474</ele>
        <time>2022-12-29T21:11:13.321Z</time>
      </trkpt>
      <trkpt lat="-33.945817" lon="18.439664">
        <ele>419.636969</ele>
        <time>2022-12-29T21:11:16.252Z</time>
      </trkpt>
      <trkpt lat="-33.945855" lon="18.439241">
        <ele>420.177339</ele>
        <time>2022-12-29T21:11:33.921Z</time>
      </trkpt>
      <trkpt lat="-33.945893" lon="18.439100">
        <ele>420.459774</ele>
        <time>2022-12-29T21:11:39.001Z</time>
      </trkpt>
      <trkpt lat="-33.946061" lon="18.438836">
        <ele>421.093647</ele>
        <time>2022-12-29T21:11:53.050Z</time>
      </trkpt>
      <trkpt lat="-33.946088" lon="18.438521">
        <ele>421.696939</ele>
        <time>2022-12-29T21:12:05.967Z</time>
      </trkpt>
      <trkpt lat="-33.946057" lon="18.437925">
        <ele>422.834590</ele>
        <time>2022-12-29T21:12:22.643Z</time>
      </trkpt>
      <trkpt lat="-33.945815" lon="18.437007">
        <ele>424.387731</ele>
        <time>2022-12-29T21:12:36.300Z</time>
      </trkpt>
      <trkpt lat="-33.945809" lon="18.436936">
        <ele>424.437908</ele>
        <time>2022-12-29T21:12:37.814Z</time>
      </trkpt>
      <trkpt lat="-33.945802" lon="18.436857">
        <ele>424.493767</ele>
        <time>2022-12-29T21:12:40.181Z</time>
      </trkpt>
      <trkpt lat="-33.945845" lon="18.436697">
        <ele>424.612016</ele>
        <time>2022-12-29T21:12:44.274Z</time>
      </trkpt>
      <trkpt lat="-33.946016" lon="18.436463">
        <ele>424.831266</ele>
        <time>2022-12-29T21:12:52.769Z</time>
      </trkpt>
      <trkpt lat="-33.945975" lon="18.436420">
        <ele>424.877326</ele>
        <time>2022-12-29T21:12:54.206Z</time>
      </trkpt>
      <trkpt lat="-33.945751" lon="18.436491">
        <ele>425.073625</ele>
        <time>2022-12-29T21:13:04.818Z</time>
      </trkpt>
      <trkpt lat="-33.945589" lon="18.436264">
        <ele>425.284155</ele>
        <time>2022-12-29T21:13:14.496Z</time>
      </trkpt>
      <trkpt lat="-33.945539" lon="18.436287">
        <ele>425.329512</ele>
        <time>2022-12-29T21:13:16.828Z</time>
      </trkpt>
      <trkpt lat="-33.945589" lon="18.436264">
        <ele>425.374869</ele>
        <time>2022-12-29T21:13:19.336Z</time>
      </trkpt>
      <trkpt lat="-33.945751" lon="18.436491">
        <ele>425.585399</ele>
        <time>2022-12-29T21:13:29.444Z</time>
      </trkpt>
      <trkpt lat="-33.945975" lon="18.436420">
        <ele>425.888799</ele>
        <time>2022-12-29T21:13:38.961Z</time>
      </trkpt>
      <trkpt lat="-33.946016" lon="18.436463">
        <ele>426.078022</ele>
        <time>2022-12-29T21:13:42.106Z</time>
      </trkpt>
      <trkpt lat="-33.946088" lon="18.436358">
        <ele>426.471505</ele>
        <time>2022-12-29T21:13:45.164Z</time>
      </trkpt>
      <trkpt lat="-33.946146" lon="18.436272">
        <ele>426.791641</ele>
        <time>2022-12-29T21:13:49.218Z</time>
      </trkpt>
      <trkpt lat="-33.947070" lon="18.434946">
        <ele>431.793604</ele>
        <time>2022-12-29T21:14:52.469Z</time>
      </trkpt>
      <trkpt lat="-33.947159" lon="18.434889">
        <ele>431.899913</ele>
        <time>2022-12-29T21:14:54.496Z</time>
      </trkpt>
      <trkpt lat="-33.947456" lon="18.434807">
        <ele>431.033730</ele>
        <time>2022-12-29T21:15:00.262Z</time>
      </trkpt>
      <trkpt lat="-33.947655" lon="18.434671">
        <ele>430.383417</ele>
        <time>2022-12-29T21:15:04.351Z</time>
      </trkpt>
      <trkpt lat="-33.947813" lon="18.434523">
        <ele>429.814587</ele>
        <time>2022-12-29T21:15:07.836Z</time>
      </trkpt>
      <trkpt lat="-33.947841" lon="18.434427">
        <ele>429.574608</ele>
        <time>2022-12-29T21:15:09.313Z</time>
      </trkpt>
      <trkpt lat="-33.947839" lon="18.434409">
        <ele>429.531780</ele>
        <time>2022-12-29T21:15:09.560Z</time>
      </trkpt>
      <trkpt lat="-33.947823" lon="18.434270">
        <ele>429.200842</ele>
        <time>2022-12-29T21:15:11.588Z</time>
      </trkpt>
      <trkpt lat="-33.947507" lon="18.433761">
        <ele>427.701555</ele>
        <time>2022-12-29T21:15:20.146Z</time>
      </trkpt>
      <trkpt lat="-33.947493" lon="18.433675">
        <ele>427.494876</ele>
        <time>2022-12-29T21:15:21.271Z</time>
      </trkpt>
      <trkpt lat="-33.947539" lon="18.433468">
        <ele>426.989502</ele>
        <time>2022-12-29T21:15:24.042Z</time>
      </trkpt>
      <trkpt lat="-33.947581" lon="18.433393">
        <ele>426.665782</ele>
        <time>2022-12-29T21:15:25.185Z</time>
      </trkpt>
      <trkpt lat="-33.947703" lon="18.433327">
        <ele>425.937637</ele>
        <time>2022-12-29T21:15:27.233Z</time>
      </trkpt>
      <trkpt lat="-33.947955" lon="18.433362">
        <ele>424.556366</ele>
        <time>2022-12-29T21:15:31.094Z</time>
      </trkpt>
      <trkpt lat="-33.948060" lon="18.433342">
        <ele>423.977525</ele>
        <time>2022-12-29T21:15:32.704Z</time>
      </trkpt>
      <trkpt lat="-33.948143" lon="18.433278">
        <ele>423.441023</ele>
        <time>2022-12-29T21:15:34.184Z</time>
      </trkpt>
      <trkpt lat="-33.948190" lon="18.433191">
        <ele>422.972053</ele>
        <time>2022-12-29T21:15:35.458Z</time>
      </trkpt>
      <trkpt lat="-33.948205" lon="18.433032">
        <ele>422.249215</ele>
        <time>2022-12-29T21:15:37.392Z</time>
      </trkpt>
      <trkpt lat="-33.948141" lon="18.432867">
        <ele>421.426453</ele>
        <time>2022-12-29T21:15:39.611Z</time>
      </trkpt>
      <trkpt lat="-33.947882" lon="18.432633">
        <ele>419.664011</ele>
        <time>2022-12-29T21:15:44.516Z</time>
      </trkpt>
      <trkpt lat="-33.947794" lon="18.432446">
        <ele>418.692872</ele>
        <time>2022-12-29T21:15:47.283Z</time>
      </trkpt>
      <trkpt lat="-33.947593" lon="18.432279">
        <ele>417.363606</ele>
        <time>2022-12-29T21:15:51.425Z</time>
      </trkpt>
      <trkpt lat="-33.947530" lon="18.432150">
        <ele>417.381282</ele>
        <time>2022-12-29T21:15:53.595Z</time>
      </trkpt>
      <trkpt lat="-33.947522" lon="18.432067">
        <ele>417.634599</ele>
        <time>2022-12-29T21:15:55.165Z</time>
      </trkpt>
      <trkpt lat="-33.947569" lon="18.431693">
        <ele>418.781359</ele>
        <time>2022-12-29T21:16:02.352Z</time>
      </trkpt>
      <trkpt lat="-33.947516" lon="18.431350">
        <ele>419.839088</ele>
        <time>2022-12-29T21:16:11.521Z</time>
      </trkpt>
      <trkpt lat="-33.947457" lon="18.430459">
        <ele>422.548851</ele>
        <time>2022-12-29T21:16:46.521Z</time>
      </trkpt>
      <trkpt lat="-33.947668" lon="18.429562">
        <ele>426.716597</ele>
        <time>2022-12-29T21:17:30.887Z</time>
      </trkpt>
      <trkpt lat="-33.947701" lon="18.428916">
        <ele>430.227064</ele>
        <time>2022-12-29T21:18:01.161Z</time>
      </trkpt>
      <trkpt lat="-33.947733" lon="18.428779">
        <ele>430.999030</ele>
        <time>2022-12-29T21:18:07.325Z</time>
      </trkpt>
      <trkpt lat="-33.948203" lon="18.427923">
        <ele>435.864192</ele>
        <time>2022-12-29T21:18:42.616Z</time>
      </trkpt>
      <trkpt lat="-33.948293" lon="18.427794">
        <ele>436.210393</ele>
        <time>2022-12-29T21:18:47.028Z</time>
      </trkpt>
      <trkpt lat="-33.948487" lon="18.427630">
        <ele>436.797061</ele>
        <time>2022-12-29T21:18:54.814Z</time>
      </trkpt>
      <trkpt lat="-33.948627" lon="18.427581">
        <ele>437.158008</ele>
        <time>2022-12-29T21:18:59.286Z</time>
      </trkpt>
      <trkpt lat="-33.949074" lon="18.427726">
        <ele>438.304122</ele>
        <time>2022-12-29T21:19:13.784Z</time>
      </trkpt>
      <trkpt lat="-33.949458" lon="18.427923">
        <ele>439.337397</ele>
        <time>2022-12-29T21:19:26.549Z</time>
      </trkpt>
      <trkpt lat="-33.949862" lon="18.427944">
        <ele>440.170950</ele>
        <time>2022-12-29T21:19:38.824Z</time>
      </trkpt>
      <trkpt lat="-33.950317" lon="18.428008">
        <ele>440.881888</ele>
        <time>2022-12-29T21:19:52.808Z</time>
      </trkpt>
      <trkpt lat="-33.950492" lon="18.427947">
        <ele>441.164609</ele>
        <time>2022-12-29T21:19:58.402Z</time>
      </trkpt>
      <trkpt lat="-33.951223" lon="18.427494">
        <ele>442.440218</ele>
        <time>2022-12-29T21:20:22.938Z</time>
      </trkpt>
      <trkpt lat="-33.951742" lon="18.427337">
        <ele>443.169152</ele>
        <time>2022-12-29T21:20:36.505Z</time>
      </trkpt>
      <trkpt lat="-33.952373" lon="18.427328">
        <ele>443.979977</ele>
        <time>2022-12-29T21:20:51.517Z</time>
      </trkpt>
      <trkpt lat="-33.952925" lon="18.427274">
        <ele>444.691570</ele>
        <time>2022-12-29T21:21:08.056Z</time>
      </trkpt>
      <trkpt lat="-33.953314" lon="18.427378">
        <ele>445.067325</ele>
        <time>2022-12-29T21:21:21.972Z</time>
      </trkpt>
      <trkpt lat="-33.953770" lon="18.427373">
        <ele>445.276232</ele>
        <time>2022-12-29T21:21:38.347Z</time>
      </trkpt>
      <trkpt lat="-33.954004" lon="18.427469">
        <ele>445.389467</ele>
        <time>2022-12-29T21:21:47.117Z</time>
      </trkpt>
      <trkpt lat="-33.954163" lon="18.427471">
        <ele>445.462311</ele>
        <time>2022-12-29T21:21:52.518Z</time>
      </trkpt>
      <trkpt lat="-33.954276" lon="18.427394">
        <ele>445.521774</ele>
        <time>2022-12-29T21:21:56.487Z</time>
      </trkpt>
      <trkpt lat="-33.954352" lon="18.427239">
        <ele>445.590194</ele>
        <time>2022-12-29T21:22:00.347Z</time>
      </trkpt>
      <trkpt lat="-33.954395" lon="18.427048">
        <ele>445.665399</ele>
        <time>2022-12-29T21:22:04.537Z</time>
      </trkpt>
      <trkpt lat="-33.954382" lon="18.426693">
        <ele>445.800428</ele>
        <time>2022-12-29T21:22:09.187Z</time>
      </trkpt>
      <trkpt lat="-33.954441" lon="18.426531">
        <ele>444.973275</ele>
        <time>2022-12-29T21:22:11.543Z</time>
      </trkpt>
      <trkpt lat="-33.954678" lon="18.426368">
        <ele>442.941321</ele>
        <time>2022-12-29T21:22:15.625Z</time>
      </trkpt>
      <trkpt lat="-33.954839" lon="18.426153">
        <ele>441.152089</ele>
        <time>2022-12-29T21:22:19.222Z</time>
      </trkpt>
      <trkpt lat="-33.955106" lon="18.425930">
        <ele>438.733190</ele>
        <time>2022-12-29T21:22:24.139Z</time>
      </trkpt>
      <trkpt lat="-33.955135" lon="18.425867">
        <ele>438.288123</ele>
        <time>2022-12-29T21:22:24.998Z</time>
      </trkpt>
      <trkpt lat="-33.955142" lon="18.425760">
        <ele>437.625118</ele>
        <time>2022-12-29T21:22:26.295Z</time>
      </trkpt>
      <trkpt lat="-33.955112" lon="18.425662">
        <ele>436.979849</ele>
        <time>2022-12-29T21:22:27.613Z</time>
      </trkpt>
      <trkpt lat="-33.955052" lon="18.425585">
        <ele>436.327253</ele>
        <time>2022-12-29T21:22:28.830Z</time>
      </trkpt>
      <trkpt lat="-33.954889" lon="18.425382">
        <ele>434.582007</ele>
        <time>2022-12-29T21:22:32.029Z</time>
      </trkpt>
      <trkpt lat="-33.954852" lon="18.425292">
        <ele>433.961528</ele>
        <time>2022-12-29T21:22:33.185Z</time>
      </trkpt>
      <trkpt lat="-33.954838" lon="18.425147">
        <ele>433.059794</ele>
        <time>2022-12-29T21:22:34.833Z</time>
      </trkpt>
      <trkpt lat="-33.954883" lon="18.424982">
        <ele>432.026420</ele>
        <time>2022-12-29T21:22:36.796Z</time>
      </trkpt>
      <trkpt lat="-33.955112" lon="18.424710">
        <ele>429.850280</ele>
        <time>2022-12-29T21:22:41.209Z</time>
      </trkpt>
      <trkpt lat="-33.955168" lon="18.424481">
        <ele>428.509738</ele>
        <time>2022-12-29T21:22:43.950Z</time>
      </trkpt>
      <trkpt lat="-33.955244" lon="18.423795">
        <ele>424.623672</ele>
        <time>2022-12-29T21:22:52.045Z</time>
      </trkpt>
      <trkpt lat="-33.955355" lon="18.423585">
        <ele>423.225473</ele>
        <time>2022-12-29T21:22:55.611Z</time>
      </trkpt>
      <trkpt lat="-33.955514" lon="18.423418">
        <ele>421.797981</ele>
        <time>2022-12-29T21:22:59.024Z</time>
      </trkpt>
      <trkpt lat="-33.955580" lon="18.423282">
        <ele>420.913256</ele>
        <time>2022-12-29T21:23:01.156Z</time>
      </trkpt>
      <trkpt lat="-33.955594" lon="18.423204">
        <ele>420.465155</ele>
        <time>2022-12-29T21:23:02.149Z</time>
      </trkpt>
      <trkpt lat="-33.955589" lon="18.423022">
        <ele>419.750675</ele>
        <time>2022-12-29T21:23:04.487Z</time>
      </trkpt>
      <trkpt lat="-33.955545" lon="18.422854">
        <ele>419.140856</ele>
        <time>2022-12-29T21:23:06.730Z</time>
      </trkpt>
      <trkpt lat="-33.955279" lon="18.422468">
        <ele>417.403800</ele>
        <time>2022-12-29T21:23:12.974Z</time>
      </trkpt>
      <trkpt lat="-33.955212" lon="18.422307">
        <ele>416.780304</ele>
        <time>2022-12-29T21:23:15.280Z</time>
      </trkpt>
      <trkpt lat="-33.955177" lon="18.422001">
        <ele>415.711080</ele>
        <time>2022-12-29T21:23:19.328Z</time>
      </trkpt>
      <trkpt lat="-33.955210" lon="18.421789">
        <ele>414.964445</ele>
        <time>2022-12-29T21:23:22.166Z</time>
      </trkpt>
      <trkpt lat="-33.955357" lon="18.421313">
        <ele>413.206311</ele>
        <time>2022-12-29T21:23:28.822Z</time>
      </trkpt>
      <trkpt lat="-33.955585" lon="18.420182">
        <ele>408.960901</ele>
        <time>2022-12-29T21:23:44.016Z</time>
      </trkpt>
      <trkpt lat="-33.955642" lon="18.419662">
        <ele>407.034936</ele>
        <time>2022-12-29T21:23:50.614Z</time>
      </trkpt>
      <trkpt lat="-33.955758" lon="18.419269">
        <ele>405.503256</ele>
        <time>2022-12-29T21:23:55.899Z</time>
      </trkpt>
      <trkpt lat="-33.955771" lon="18.419164">
        <ele>405.113440</ele>
        <time>2022-12-29T21:23:57.241Z</time>
      </trkpt>
      <trkpt lat="-33.955749" lon="18.418773">
        <ele>403.641186</ele>
        <time>2022-12-29T21:24:02.273Z</time>
      </trkpt>
      <trkpt lat="-33.955777" lon="18.418658">
        <ele>403.187840</ele>
        <time>2022-12-29T21:24:03.601Z</time>
      </trkpt>
      <trkpt lat="-33.955855" lon="18.418489">
        <ele>402.456294</ele>
        <time>2022-12-29T21:24:06.496Z</time>
      </trkpt>
      <trkpt lat="-33.955876" lon="18.418358">
        <ele>401.951612</ele>
        <time>2022-12-29T21:24:08.297Z</time>
      </trkpt>
      <trkpt lat="-33.955855" lon="18.418255">
        <ele>401.550414</ele>
        <time>2022-12-29T21:24:09.452Z</time>
      </trkpt>
      <trkpt lat="-33.955789" lon="18.418116">
        <ele>400.944590</ele>
        <time>2022-12-29T21:24:11.706Z</time>
      </trkpt>
      <trkpt lat="-33.955552" lon="18.417750">
        <ele>399.188270</ele>
        <time>2022-12-29T21:24:17.391Z</time>
      </trkpt>
      <trkpt lat="-33.955334" lon="18.417476">
        <ele>397.752146</ele>
        <time>2022-12-29T21:24:21.958Z</time>
      </trkpt>
      <trkpt lat="-33.954985" lon="18.417106">
        <ele>395.764947</ele>
        <time>2022-12-29T21:24:31.200Z</time>
      </trkpt>
      <trkpt lat="-33.954856" lon="18.416842">
        <ele>394.768410</ele>
        <time>2022-12-29T21:24:35.773Z</time>
      </trkpt>
      <trkpt lat="-33.954824" lon="18.416708">
        <ele>394.314889</ele>
        <time>2022-12-29T21:24:37.584Z</time>
      </trkpt>
      <trkpt lat="-33.954818" lon="18.416565">
        <ele>393.849204</ele>
        <time>2022-12-29T21:24:40.004Z</time>
      </trkpt>
      <trkpt lat="-33.954853" lon="18.416441">
        <ele>393.423198</ele>
        <time>2022-12-29T21:24:43.898Z</time>
      </trkpt>
      <trkpt lat="-33.954925" lon="18.416330">
        <ele>392.964907</ele>
        <time>2022-12-29T21:24:45.690Z</time>
      </trkpt>
      <trkpt lat="-33.955259" lon="18.415989">
        <ele>391.248778</ele>
        <time>2022-12-29T21:24:52.128Z</time>
      </trkpt>
      <trkpt lat="-33.955317" lon="18.415834">
        <ele>390.695738</ele>
        <time>2022-12-29T21:24:54.322Z</time>
      </trkpt>
      <trkpt lat="-33.955286" lon="18.415644">
        <ele>390.065948</ele>
        <time>2022-12-29T21:24:56.585Z</time>
      </trkpt>
      <trkpt lat="-33.954812" lon="18.415055">
        <ele>385.909829</ele>
        <time>2022-12-29T21:25:06.541Z</time>
      </trkpt>
      <trkpt lat="-33.954721" lon="18.414980">
        <ele>385.175321</ele>
        <time>2022-12-29T21:25:08.186Z</time>
      </trkpt>
      <trkpt lat="-33.954605" lon="18.414947">
        <ele>384.381153</ele>
        <time>2022-12-29T21:25:10.022Z</time>
      </trkpt>
      <trkpt lat="-33.954350" lon="18.415034">
        <ele>382.615288</ele>
        <time>2022-12-29T21:25:13.883Z</time>
      </trkpt>
      <trkpt lat="-33.954176" lon="18.415002">
        <ele>381.442466</ele>
        <time>2022-12-29T21:25:16.543Z</time>
      </trkpt>
      <trkpt lat="-33.954083" lon="18.414943">
        <ele>380.742217</ele>
        <time>2022-12-29T21:25:18.011Z</time>
      </trkpt>
      <trkpt lat="-33.954014" lon="18.414878">
        <ele>380.158734</ele>
        <time>2022-12-29T21:25:19.181Z</time>
      </trkpt>
      <trkpt lat="-33.953203" lon="18.413739">
        <ele>373.575901</ele>
        <time>2022-12-29T21:25:36.697Z</time>
      </trkpt>
      <trkpt lat="-33.952746" lon="18.413097">
        <ele>370.311788</ele>
        <time>2022-12-29T21:25:49.461Z</time>
      </trkpt>
      <trkpt lat="-33.952610" lon="18.412713">
        <ele>368.891597</ele>
        <time>2022-12-29T21:25:55.819Z</time>
      </trkpt>
      <trkpt lat="-33.952242" lon="18.412389">
        <ele>367.630297</ele>
        <time>2022-12-29T21:26:03.666Z</time>
      </trkpt>
      <trkpt lat="-33.952180" lon="18.412198">
        <ele>367.159385</ele>
        <time>2022-12-29T21:26:06.321Z</time>
      </trkpt>
      <trkpt lat="-33.952173" lon="18.411836">
        <ele>366.328019</ele>
        <time>2022-12-29T21:26:11.257Z</time>
      </trkpt>
      <trkpt lat="-33.952113" lon="18.411528">
        <ele>365.601622</ele>
        <time>2022-12-29T21:26:15.646Z</time>
      </trkpt>
      <trkpt lat="-33.951907" lon="18.411128">
        <ele>364.520629</ele>
        <time>2022-12-29T21:26:21.992Z</time>
      </trkpt>
      <trkpt lat="-33.951764" lon="18.410913">
        <ele>364.088250</ele>
        <time>2022-12-29T21:26:25.709Z</time>
      </trkpt>
      <trkpt lat="-33.951570" lon="18.410719">
        <ele>363.847858</ele>
        <time>2022-12-29T21:26:29.693Z</time>
      </trkpt>
      <trkpt lat="-33.951425" lon="18.410623">
        <ele>363.690085</ele>
        <time>2022-12-29T21:26:32.476Z</time>
      </trkpt>
      <trkpt lat="-33.950911" lon="18.410405">
        <ele>363.170419</ele>
        <time>2022-12-29T21:26:42.792Z</time>
      </trkpt>
      <trkpt lat="-33.950773" lon="18.410288">
        <ele>363.009515</ele>
        <time>2022-12-29T21:26:46.720Z</time>
      </trkpt>
      <trkpt lat="-33.950725" lon="18.410194">
        <ele>362.922188</ele>
        <time>2022-12-29T21:26:48.325Z</time>
      </trkpt>
      <trkpt lat="-33.950477" lon="18.409384">
        <ele>363.007960</ele>
        <time>2022-12-29T21:27:07.550Z</time>
      </trkpt>
      <trkpt lat="-33.950451" lon="18.409164">
        <ele>363.397589</ele>
        <time>2022-12-29T21:27:14.544Z</time>
      </trkpt>
      <trkpt lat="-33.950593" lon="18.408408">
        <ele>364.756663</ele>
        <time>2022-12-29T21:27:34.448Z</time>
      </trkpt>
      <trkpt lat="-33.950589" lon="18.408283">
        <ele>364.975992</ele>
        <time>2022-12-29T21:27:38.120Z</time>
      </trkpt>
      <trkpt lat="-33.950559" lon="18.408179">
        <ele>365.169049</ele>
        <time>2022-12-29T21:27:40.551Z</time>
      </trkpt>
      <trkpt lat="-33.950479" lon="18.408062">
        <ele>365.434896</ele>
        <time>2022-12-29T21:27:44.721Z</time>
      </trkpt>
      <trkpt lat="-33.950224" lon="18.407808">
        <ele>366.134067</ele>
        <time>2022-12-29T21:27:55.897Z</time>
      </trkpt>
      <trkpt lat="-33.950142" lon="18.407684">
        <ele>366.309169</ele>
        <time>2022-12-29T21:28:01.174Z</time>
      </trkpt>
      <trkpt lat="-33.950080" lon="18.407514">
        <ele>366.381247</ele>
        <time>2022-12-29T21:28:05.905Z</time>
      </trkpt>
      <trkpt lat="-33.949873" lon="18.406465">
        <ele>366.799758</ele>
        <time>2022-12-29T21:28:27.318Z</time>
      </trkpt>
      <trkpt lat="-33.949765" lon="18.406168">
        <ele>366.925623</ele>
        <time>2022-12-29T21:28:32.887Z</time>
      </trkpt>
      <trkpt lat="-33.949273" lon="18.405250">
        <ele>366.249819</ele>
        <time>2022-12-29T21:28:50.895Z</time>
      </trkpt>
      <trkpt lat="-33.949008" lon="18.404854">
        <ele>365.495985</ele>
        <time>2022-12-29T21:28:58.963Z</time>
      </trkpt>
      <trkpt lat="-33.948739" lon="18.404278">
        <ele>364.516621</ele>
        <time>2022-12-29T21:29:08.997Z</time>
      </trkpt>
      <trkpt lat="-33.948504" lon="18.403852">
        <ele>363.474200</ele>
        <time>2022-12-29T21:29:15.784Z</time>
      </trkpt>
      <trkpt lat="-33.948219" lon="18.403341">
        <ele>360.835639</ele>
        <time>2022-12-29T21:29:23.663Z</time>
      </trkpt>
      <trkpt lat="-33.948179" lon="18.403183">
        <ele>360.127770</ele>
        <time>2022-12-29T21:29:25.695Z</time>
      </trkpt>
      <trkpt lat="-33.948128" lon="18.402983">
        <ele>359.231177</ele>
        <time>2022-12-29T21:29:28.248Z</time>
      </trkpt>
      <trkpt lat="-33.948026" lon="18.402813">
        <ele>358.332137</ele>
        <time>2022-12-29T21:29:30.769Z</time>
      </trkpt>
      <trkpt lat="-33.947958" lon="18.402733">
        <ele>357.841321</ele>
        <time>2022-12-29T21:29:32.139Z</time>
      </trkpt>
      <trkpt lat="-33.947809" lon="18.402527">
        <ele>356.670166</ele>
        <time>2022-12-29T21:29:35.438Z</time>
      </trkpt>
      <trkpt lat="-33.947560" lon="18.402102">
        <ele>354.471610</ele>
        <time>2022-12-29T21:29:41.827Z</time>
      </trkpt>
      <trkpt lat="-33.947408" lon="18.401936">
        <ele>353.597525</ele>
        <time>2022-12-29T21:29:44.889Z</time>
      </trkpt>
      <trkpt lat="-33.947005" lon="18.401740">
        <ele>351.745540</ele>
        <time>2022-12-29T21:29:51.390Z</time>
      </trkpt>
      <trkpt lat="-33.946839" lon="18.401653">
        <ele>350.974127</ele>
        <time>2022-12-29T21:29:54.126Z</time>
      </trkpt>
      <trkpt lat="-33.946664" lon="18.401513">
        <ele>350.079034</ele>
        <time>2022-12-29T21:29:57.311Z</time>
      </trkpt>
      <trkpt lat="-33.946481" lon="18.401287">
        <ele>348.962515</ele>
        <time>2022-12-29T21:30:01.512Z</time>
      </trkpt>
      <trkpt lat="-33.946366" lon="18.401088">
        <ele>348.105103</ele>
        <time>2022-12-29T21:30:04.872Z</time>
      </trkpt>
      <trkpt lat="-33.946147" lon="18.400683">
        <ele>346.476788</ele>
        <time>2022-12-29T21:30:11.622Z</time>
      </trkpt>
      <trkpt lat="-33.946035" lon="18.400366">
        <ele>345.435554</ele>
        <time>2022-12-29T21:30:16.882Z</time>
      </trkpt>
      <trkpt lat="-33.945971" lon="18.400079">
        <ele>344.537455</ele>
        <time>2022-12-29T21:30:21.170Z</time>
      </trkpt>
      <trkpt lat="-33.945711" lon="18.398643">
        <ele>339.850298</ele>
        <time>2022-12-29T21:30:40.216Z</time>
      </trkpt>
      <trkpt lat="-33.945382" lon="18.398045">
        <ele>335.935155</ele>
        <time>2022-12-29T21:30:48.858Z</time>
      </trkpt>
      <trkpt lat="-33.945346" lon="18.397948">
        <ele>335.355351</ele>
        <time>2022-12-29T21:30:50.127Z</time>
      </trkpt>
      <trkpt lat="-33.945336" lon="18.397906">
        <ele>335.116938</ele>
        <time>2022-12-29T21:30:50.625Z</time>
      </trkpt>
      <trkpt lat="-33.945328" lon="18.397863">
        <ele>334.876492</ele>
        <time>2022-12-29T21:30:51.107Z</time>
      </trkpt>
      <trkpt lat="-33.945307" lon="18.397653">
        <ele>333.722391</ele>
        <time>2022-12-29T21:30:53.738Z</time>
      </trkpt>
      <trkpt lat="-33.945299" lon="18.397613">
        <ele>333.497889</ele>
        <time>2022-12-29T21:30:54.222Z</time>
      </trkpt>
      <trkpt lat="-33.945284" lon="18.397570">
        <ele>333.243372</ele>
        <time>2022-12-29T21:30:54.795Z</time>
      </trkpt>
      <trkpt lat="-33.945266" lon="18.397541">
        <ele>333.045754</ele>
        <time>2022-12-29T21:30:55.238Z</time>
      </trkpt>
      <trkpt lat="-33.945231" lon="18.397497">
        <ele>332.713147</ele>
        <time>2022-12-29T21:30:55.926Z</time>
      </trkpt>
      <trkpt lat="-33.945111" lon="18.397476">
        <ele>331.915613</ele>
        <time>2022-12-29T21:30:57.678Z</time>
      </trkpt>
      <trkpt lat="-33.945001" lon="18.397547">
        <ele>331.094938</ele>
        <time>2022-12-29T21:30:59.511Z</time>
      </trkpt>
      <trkpt lat="-33.944972" lon="18.397621">
        <ele>330.648391</ele>
        <time>2022-12-29T21:31:00.523Z</time>
      </trkpt>
      <trkpt lat="-33.944974" lon="18.397704">
        <ele>330.195331</ele>
        <time>2022-12-29T21:31:01.459Z</time>
      </trkpt>
      <trkpt lat="-33.944994" lon="18.397779">
        <ele>329.765490</ele>
        <time>2022-12-29T21:31:02.419Z</time>
      </trkpt>
      <trkpt lat="-33.945152" lon="18.398288">
        <ele>326.227041</ele>
        <time>2022-12-29T21:31:09.061Z</time>
      </trkpt>
      <trkpt lat="-33.945222" lon="18.398534">
        <ele>324.348593</ele>
        <time>2022-12-29T21:31:11.842Z</time>
      </trkpt>
      <trkpt lat="-33.945243" lon="18.398723">
        <ele>322.971282</ele>
        <time>2022-12-29T21:31:14.480Z</time>
      </trkpt>
      <trkpt lat="-33.945237" lon="18.398933">
        <ele>321.453581</ele>
        <time>2022-12-29T21:31:16.714Z</time>
      </trkpt>
      <trkpt lat="-33.945204" lon="18.399109">
        <ele>320.150291</ele>
        <time>2022-12-29T21:31:19.031Z</time>
      </trkpt>
      <trkpt lat="-33.945119" lon="18.399334">
        <ele>318.364568</ele>
        <time>2022-12-29T21:31:21.705Z</time>
      </trkpt>
      <trkpt lat="-33.944913" lon="18.399661">
        <ele>315.398856</ele>
        <time>2022-12-29T21:31:26.606Z</time>
      </trkpt>
      <trkpt lat="-33.944740" lon="18.399884">
        <ele>313.193587</ele>
        <time>2022-12-29T21:31:30.998Z</time>
      </trkpt>
      <trkpt lat="-33.944635" lon="18.399917">
        <ele>312.212580</ele>
        <time>2022-12-29T21:31:32.367Z</time>
      </trkpt>
      <trkpt lat="-33.944577" lon="18.399901">
        <ele>311.666146</ele>
        <time>2022-12-29T21:31:33.254Z</time>
      </trkpt>
      <trkpt lat="-33.944513" lon="18.399843">
        <ele>310.930801</ele>
        <time>2022-12-29T21:31:34.652Z</time>
      </trkpt>
      <trkpt lat="-33.944475" lon="18.399715">
        <ele>309.895039</ele>
        <time>2022-12-29T21:31:36.602Z</time>
      </trkpt>
      <trkpt lat="-33.944487" lon="18.399631">
        <ele>309.245646</ele>
        <time>2022-12-29T21:31:37.497Z</time>
      </trkpt>
      <trkpt lat="-33.944667" lon="18.399344">
        <ele>306.504511</ele>
        <time>2022-12-29T21:31:41.778Z</time>
      </trkpt>
      <trkpt lat="-33.944716" lon="18.399200">
        <ele>305.318710</ele>
        <time>2022-12-29T21:31:43.425Z</time>
      </trkpt>
      <trkpt lat="-33.944729" lon="18.399039">
        <ele>304.086301</ele>
        <time>2022-12-29T21:31:45.389Z</time>
      </trkpt>
      <trkpt lat="-33.944696" lon="18.398840">
        <ele>302.540183</ele>
        <time>2022-12-29T21:31:47.584Z</time>
      </trkpt>
      <trkpt lat="-33.944297" lon="18.398005">
        <ele>295.023525</ele>
        <time>2022-12-29T21:31:58.594Z</time>
      </trkpt>
      <trkpt lat="-33.944022" lon="18.397286">
        <ele>288.105933</ele>
        <time>2022-12-29T21:32:07.902Z</time>
      </trkpt>
      <trkpt lat="-33.943948" lon="18.397174">
        <ele>286.854922</ele>
        <time>2022-12-29T21:32:09.524Z</time>
      </trkpt>
      <trkpt lat="-33.943696" lon="18.396916">
        <ele>283.372732</ele>
        <time>2022-12-29T21:32:13.927Z</time>
      </trkpt>
      <trkpt lat="-33.943604" lon="18.396787">
        <ele>281.886379</ele>
        <time>2022-12-29T21:32:15.792Z</time>
      </trkpt>
      <trkpt lat="-33.943559" lon="18.396615">
        <ele>280.310602</ele>
        <time>2022-12-29T21:32:17.763Z</time>
      </trkpt>
      <trkpt lat="-33.943530" lon="18.396143">
        <ele>275.954614</ele>
        <time>2022-12-29T21:32:22.951Z</time>
      </trkpt>
      <trkpt lat="-33.943494" lon="18.396009">
        <ele>274.510579</ele>
        <time>2022-12-29T21:32:24.465Z</time>
      </trkpt>
      <trkpt lat="-33.943275" lon="18.395688">
        <ele>270.249690</ele>
        <time>2022-12-29T21:32:28.961Z</time>
      </trkpt>
      <trkpt lat="-33.943228" lon="18.395628">
        <ele>269.403667</ele>
        <time>2022-12-29T21:32:29.861Z</time>
      </trkpt>
      <trkpt lat="-33.943185" lon="18.395573">
        <ele>268.628852</ele>
        <time>2022-12-29T21:32:30.687Z</time>
      </trkpt>
      <trkpt lat="-33.942825" lon="18.395058">
        <ele>261.724476</ele>
        <time>2022-12-29T21:32:38.032Z</time>
      </trkpt>
      <trkpt lat="-33.942743" lon="18.394975">
        <ele>260.401218</ele>
        <time>2022-12-29T21:32:39.473Z</time>
      </trkpt>
      <trkpt lat="-33.942641" lon="18.394912">
        <ele>258.984843</ele>
        <time>2022-12-29T21:32:41.013Z</time>
      </trkpt>
      <trkpt lat="-33.942401" lon="18.394833">
        <ele>255.910288</ele>
        <time>2022-12-29T21:32:44.318Z</time>
      </trkpt>
      <trkpt lat="-33.942365" lon="18.394820">
        <ele>255.445859</ele>
        <time>2022-12-29T21:32:44.824Z</time>
      </trkpt>
      <trkpt lat="-33.942237" lon="18.394742">
        <ele>254.972692</ele>
        <time>2022-12-29T21:32:46.740Z</time>
      </trkpt>
      <trkpt lat="-33.942166" lon="18.394649">
        <ele>254.765313</ele>
        <time>2022-12-29T21:32:48.183Z</time>
      </trkpt>
      <trkpt lat="-33.942177" lon="18.394561">
        <ele>254.619289</ele>
        <time>2022-12-29T21:32:49.263Z</time>
      </trkpt>
      <trkpt lat="-33.942086" lon="18.394355">
        <ele>254.236345</ele>
        <time>2022-12-29T21:32:52.005Z</time>
      </trkpt>
      <trkpt lat="-33.941991" lon="18.394388">
        <ele>254.040802</ele>
        <time>2022-12-29T21:32:53.636Z</time>
      </trkpt>
      <trkpt lat="-33.941725" lon="18.394338">
        <ele>253.508333</ele>
        <time>2022-12-29T21:32:58.278Z</time>
      </trkpt>
      <trkpt lat="-33.941216" lon="18.394526">
        <ele>252.455402</ele>
        <time>2022-12-29T21:33:10.887Z</time>
      </trkpt>
      <trkpt lat="-33.940652" lon="18.394612">
        <ele>252.569574</ele>
        <time>2022-12-29T21:33:33.690Z</time>
      </trkpt>
      <trkpt lat="-33.940362" lon="18.394640">
        <ele>254.142103</ele>
        <time>2022-12-29T21:33:48.311Z</time>
      </trkpt>
      <trkpt lat="-33.939051" lon="18.394601">
        <ele>261.230480</ele>
        <time>2022-12-29T21:34:49.086Z</time>
      </trkpt>
      <trkpt lat="-33.938597" lon="18.394698">
        <ele>263.515447</ele>
        <time>2022-12-29T21:35:06.522Z</time>
      </trkpt>
      <trkpt lat="-33.938198" lon="18.394633">
        <ele>265.498807</ele>
        <time>2022-12-29T21:35:22.139Z</time>
      </trkpt>
      <trkpt lat="-33.937325" lon="18.394836">
        <ele>269.878534</ele>
        <time>2022-12-29T21:36:00.036Z</time>
      </trkpt>
      <trkpt lat="-33.936909" lon="18.394895">
        <ele>272.359962</ele>
        <time>2022-12-29T21:36:18.644Z</time>
      </trkpt>
      <trkpt lat="-33.936343" lon="18.394980">
        <ele>275.861877</ele>
        <time>2022-12-29T21:36:45.037Z</time>
      </trkpt>
      <trkpt lat="-33.935779" lon="18.395233">
        <ele>279.556685</ele>
        <time>2022-12-29T21:37:14.822Z</time>
      </trkpt>
      <trkpt lat="-33.935153" lon="18.395209">
        <ele>282.727455</ele>
        <time>2022-12-29T21:37:45.327Z</time>
      </trkpt>
      <trkpt lat="-33.934942" lon="18.395177">
        <ele>283.616478</ele>
        <time>2022-12-29T21:37:54.854Z</time>
      </trkpt>
      <trkpt lat="-33.934154" lon="18.394913">
        <ele>287.035536</ele>
        <time>2022-12-29T21:38:26.381Z</time>
      </trkpt>
      <trkpt lat="-33.933570" lon="18.394614">
        <ele>288.933445</ele>
        <time>2022-12-29T21:38:44.382Z</time>
      </trkpt>
      <trkpt lat="-33.933449" lon="18.394578">
        <ele>289.008146</ele>
        <time>2022-12-29T21:38:49.433Z</time>
      </trkpt>
      <trkpt lat="-33.932781" lon="18.394561">
        <ele>289.408618</ele>
        <time>2022-12-29T21:39:07.052Z</time>
      </trkpt>
      <trkpt lat="-33.932106" lon="18.394716">
        <ele>289.820474</ele>
        <time>2022-12-29T21:39:22.190Z</time>
      </trkpt>
      <trkpt lat="-33.931303" lon="18.394584">
        <ele>289.602416</ele>
        <time>2022-12-29T21:39:36.462Z</time>
      </trkpt>
      <trkpt lat="-33.930130" lon="18.394430">
        <ele>289.385720</ele>
        <time>2022-12-29T21:40:02.375Z</time>
      </trkpt>
      <trkpt lat="-33.930074" lon="18.394423">
        <ele>289.536768</ele>
        <time>2022-12-29T21:40:03.570Z</time>
      </trkpt>
      <trkpt lat="-33.929806" lon="18.394428">
        <ele>290.255868</ele>
        <time>2022-12-29T21:40:11.854Z</time>
      </trkpt>
      <trkpt lat="-33.929714" lon="18.394197">
        <ele>290.826257</ele>
        <time>2022-12-29T21:40:21.953Z</time>
      </trkpt>
      <trkpt lat="-33.929681" lon="18.394157">
        <ele>290.951824</ele>
        <time>2022-12-29T21:40:25.173Z</time>
      </trkpt>
      <trkpt lat="-33.929455" lon="18.394174">
        <ele>291.559336</ele>
        <time>2022-12-29T21:40:40.960Z</time>
      </trkpt>
      <trkpt lat="-33.929450" lon="18.394176">
        <ele>291.573470</ele>
        <time>2022-12-29T21:40:41.319Z</time>
      </trkpt>
      <trkpt lat="-33.929455" lon="18.394174">
        <ele>291.587604</ele>
        <time>2022-12-29T21:40:41.678Z</time>
      </trkpt>
      <trkpt lat="-33.929681" lon="18.394157">
        <ele>292.195117</ele>
        <time>2022-12-29T21:40:57.464Z</time>
      </trkpt>
      <trkpt lat="-33.929571" lon="18.394004">
        <ele>292.645776</ele>
        <time>2022-12-29T21:41:04.459Z</time>
      </trkpt>
      <trkpt lat="-33.929511" lon="18.393872">
        <ele>292.980819</ele>
        <time>2022-12-29T21:41:11.267Z</time>
      </trkpt>
      <trkpt lat="-33.929645" lon="18.393741">
        <ele>293.443727</ele>
        <time>2022-12-29T21:41:19.944Z</time>
      </trkpt>
      <trkpt lat="-33.929772" lon="18.393704">
        <ele>293.794268</ele>
        <time>2022-12-29T21:41:25.695Z</time>
      </trkpt>
      <trkpt lat="-33.930056" lon="18.393529">
        <ele>293.891454</ele>
        <time>2022-12-29T21:41:41.498Z</time>
      </trkpt>
      <trkpt lat="-33.930209" lon="18.393369">
        <ele>293.813465</ele>
        <time>2022-12-29T21:41:53.198Z</time>
      </trkpt>
      <trkpt lat="-33.930260" lon="18.393787">
        <ele>293.678501</ele>
        <time>2022-12-29T21:42:09.687Z</time>
      </trkpt>
      <trkpt lat="-33.930310" lon="18.393862">
        <ele>293.647767</ele>
        <time>2022-12-29T21:42:12.908Z</time>
      </trkpt>
      <trkpt lat="-33.930455" lon="18.393957">
        <ele>293.584226</ele>
        <time>2022-12-29T21:42:18.729Z</time>
      </trkpt>
      <trkpt lat="-33.930653" lon="18.394184">
        <ele>293.479015</ele>
        <time>2022-12-29T21:42:27.610Z</time>
      </trkpt>
      <trkpt lat="-33.930881" lon="18.394356">
        <ele>293.375457</ele>
        <time>2022-12-29T21:42:35.611Z</time>
      </trkpt>
      <trkpt lat="-33.930099" lon="18.394264">
        <ele>289.455800</ele>
        <time>2022-12-29T21:43:30.335Z</time>
      </trkpt>
      <trkpt lat="-33.929813" lon="18.394230">
        <ele>287.535930</ele>
        <time>2022-12-29T21:43:50.348Z</time>
      </trkpt>
      <trkpt lat="-33.929714" lon="18.394197">
        <ele>286.849741</ele>
        <time>2022-12-29T21:43:57.472Z</time>
      </trkpt>
      <trkpt lat="-33.929681" lon="18.394157">
        <ele>286.537079</ele>
        <time>2022-12-29T21:43:58.758Z</time>
      </trkpt>
      <trkpt lat="-33.929455" lon="18.394174">
        <ele>285.024368</ele>
        <time>2022-12-29T21:44:14.571Z</time>
      </trkpt>
      <trkpt lat="-33.929450" lon="18.394176">
        <ele>284.989175</ele>
        <time>2022-12-29T21:44:14.930Z</time>
      </trkpt>
      <trkpt lat="-33.929397" lon="18.394202">
        <ele>284.606906</ele>
        <time>2022-12-29T21:44:18.925Z</time>
      </trkpt>
      <trkpt lat="-33.929351" lon="18.394252">
        <ele>284.193092</ele>
        <time>2022-12-29T21:44:23.225Z</time>
      </trkpt>
      <trkpt lat="-33.929257" lon="18.394352">
        <ele>283.355494</ele>
        <time>2022-12-29T21:44:31.969Z</time>
      </trkpt>
      <trkpt lat="-33.929104" lon="18.394399">
        <ele>282.300712</ele>
        <time>2022-12-29T21:44:42.907Z</time>
      </trkpt>
      <trkpt lat="-33.929046" lon="18.394409">
        <ele>281.909304</ele>
        <time>2022-12-29T21:44:47.010Z</time>
      </trkpt>
      <trkpt lat="-33.928895" lon="18.394357">
        <ele>280.764957</ele>
        <time>2022-12-29T21:44:57.970Z</time>
      </trkpt>
      <trkpt lat="-33.928767" lon="18.394443">
        <ele>279.563082</ele>
        <time>2022-12-29T21:45:01.732Z</time>
      </trkpt>
      <trkpt lat="-33.928558" lon="18.394648">
        <ele>277.353078</ele>
        <time>2022-12-29T21:45:08.617Z</time>
      </trkpt>
      <trkpt lat="-33.928989" lon="18.394574">
        <ele>273.782613</ele>
        <time>2022-12-29T21:45:17.119Z</time>
      </trkpt>
      <trkpt lat="-33.929034" lon="18.394587">
        <ele>273.403099</ele>
        <time>2022-12-29T21:45:18.085Z</time>
      </trkpt>
      <trkpt lat="-33.929062" lon="18.394641">
        <ele>272.969782</ele>
        <time>2022-12-29T21:45:19.078Z</time>
      </trkpt>
      <trkpt lat="-33.927961" lon="18.395743">
        <ele>259.976716</ele>
        <time>2022-12-29T21:45:38.759Z</time>
      </trkpt>
      <trkpt lat="-33.928793" lon="18.395845">
        <ele>251.491718</ele>
        <time>2022-12-29T21:45:59.096Z</time>
      </trkpt>
      <trkpt lat="-33.929294" lon="18.395582">
        <ele>245.722413</ele>
        <time>2022-12-29T21:46:12.307Z</time>
      </trkpt>
      <trkpt lat="-33.929547" lon="18.395568">
        <ele>242.904819</ele>
        <time>2022-12-29T21:46:18.433Z</time>
      </trkpt>
      <trkpt lat="-33.930362" lon="18.395839">
        <ele>233.499183</ele>
        <time>2022-12-29T21:46:38.868Z</time>
      </trkpt>
      <trkpt lat="-33.930892" lon="18.396083">
        <ele>227.288448</ele>
        <time>2022-12-29T21:46:52.438Z</time>
      </trkpt>
      <trkpt lat="-33.930994" lon="18.396182">
        <ele>225.967682</ele>
        <time>2022-12-29T21:46:55.532Z</time>
      </trkpt>
      <trkpt lat="-33.931081" lon="18.396339">
        <ele>224.387902</ele>
        <time>2022-12-29T21:46:59.385Z</time>
      </trkpt>
      <trkpt lat="-33.931088" lon="18.396372">
        <ele>224.102887</ele>
        <time>2022-12-29T21:47:00.017Z</time>
      </trkpt>
      <trkpt lat="-33.931152" lon="18.396681">
        <ele>221.437934</ele>
        <time>2022-12-29T21:47:06.499Z</time>
      </trkpt>
      <trkpt lat="-33.931160" lon="18.396984">
        <ele>218.901249</ele>
        <time>2022-12-29T21:47:12.452Z</time>
      </trkpt>
      <trkpt lat="-33.931204" lon="18.397010">
        <ele>218.407043</ele>
        <time>2022-12-29T21:47:13.844Z</time>
      </trkpt>
      <trkpt lat="-33.931329" lon="18.397130">
        <ele>216.795382</ele>
        <time>2022-12-29T21:47:17.844Z</time>
      </trkpt>
      <trkpt lat="-33.931204" lon="18.397010">
        <ele>215.183722</ele>
        <time>2022-12-29T21:47:21.750Z</time>
      </trkpt>
      <trkpt lat="-33.931160" lon="18.396984">
        <ele>214.689516</ele>
        <time>2022-12-29T21:47:23.186Z</time>
      </trkpt>
      <trkpt lat="-33.931089" lon="18.396941">
        <ele>213.888158</ele>
        <time>2022-12-29T21:47:25.356Z</time>
      </trkpt>
      <trkpt lat="-33.930932" lon="18.396847">
        <ele>212.120195</ele>
        <time>2022-12-29T21:47:29.522Z</time>
      </trkpt>
      <trkpt lat="-33.930573" lon="18.396839">
        <ele>209.212444</ele>
        <time>2022-12-29T21:47:38.532Z</time>
      </trkpt>
      <trkpt lat="-33.930174" lon="18.396780">
        <ele>206.932861</ele>
        <time>2022-12-29T21:47:48.694Z</time>
      </trkpt>
      <trkpt lat="-33.929963" lon="18.396794">
        <ele>205.734528</ele>
        <time>2022-12-29T21:47:54.769Z</time>
      </trkpt>
      <trkpt lat="-33.929121" lon="18.397218">
        <ele>200.559768</ele>
        <time>2022-12-29T21:48:20.293Z</time>
      </trkpt>
      <trkpt lat="-33.928518" lon="18.397579">
        <ele>197.892382</ele>
        <time>2022-12-29T21:48:39.661Z</time>
      </trkpt>
      <trkpt lat="-33.928403" lon="18.397613">
        <ele>197.463307</ele>
        <time>2022-12-29T21:48:43.286Z</time>
      </trkpt>
      <trkpt lat="-33.928329" lon="18.397693">
        <ele>197.103084</ele>
        <time>2022-12-29T21:48:46.004Z</time>
      </trkpt>
      <trkpt lat="-33.928219" lon="18.397750">
        <ele>196.669201</ele>
        <time>2022-12-29T21:48:49.439Z</time>
      </trkpt>
      <trkpt lat="-33.928169" lon="18.397818">
        <ele>196.396019</ele>
        <time>2022-12-29T21:48:51.694Z</time>
      </trkpt>
      <trkpt lat="-33.927766" lon="18.398167">
        <ele>194.597780</ele>
        <time>2022-12-29T21:49:06.022Z</time>
      </trkpt>
      <trkpt lat="-33.927399" lon="18.398793">
        <ele>192.318170</ele>
        <time>2022-12-29T21:49:24.806Z</time>
      </trkpt>
      <trkpt lat="-33.927250" lon="18.399024">
        <ele>191.458108</ele>
        <time>2022-12-29T21:49:31.918Z</time>
      </trkpt>
      <trkpt lat="-33.926988" lon="18.399425">
        <ele>189.957793</ele>
        <time>2022-12-29T21:49:45.099Z</time>
      </trkpt>
      <trkpt lat="-33.926743" lon="18.399552">
        <ele>189.012963</ele>
        <time>2022-12-29T21:49:52.898Z</time>
      </trkpt>
      <trkpt lat="-33.926513" lon="18.399596">
        <ele>188.187951</ele>
        <time>2022-12-29T21:49:59.535Z</time>
      </trkpt>
      <trkpt lat="-33.926275" lon="18.399581">
        <ele>187.343647</ele>
        <time>2022-12-29T21:50:06.442Z</time>
      </trkpt>
      <trkpt lat="-33.925546" lon="18.399302">
        <ele>182.818744</ele>
        <time>2022-12-29T21:50:27.066Z</time>
      </trkpt>
      <trkpt lat="-33.925438" lon="18.399335">
        <ele>182.126204</ele>
        <time>2022-12-29T21:50:29.880Z</time>
      </trkpt>
      <trkpt lat="-33.925444" lon="18.399946">
        <ele>178.974693</ele>
        <time>2022-12-29T21:50:43.154Z</time>
      </trkpt>
      <trkpt lat="-33.925400" lon="18.400368">
        <ele>176.781071</ele>
        <time>2022-12-29T21:50:52.296Z</time>
      </trkpt>
      <trkpt lat="-33.925273" lon="18.400931">
        <ele>173.958771</ele>
        <time>2022-12-29T21:51:04.933Z</time>
      </trkpt>
      <trkpt lat="-33.925181" lon="18.401307">
        <ele>172.117865</ele>
        <time>2022-12-29T21:51:13.462Z</time>
      </trkpt>
      <trkpt lat="-33.925031" lon="18.401623">
        <ele>170.408227</ele>
        <time>2022-12-29T21:51:21.607Z</time>
      </trkpt>
      <trkpt lat="-33.924836" lon="18.401895">
        <ele>168.720158</ele>
        <time>2022-12-29T21:51:29.688Z</time>
      </trkpt>
      <trkpt lat="-33.924591" lon="18.402113">
        <ele>166.996582</ele>
        <time>2022-12-29T21:51:38.008Z</time>
      </trkpt>
      <trkpt lat="-33.924273" lon="18.402228">
        <ele>165.312685</ele>
        <time>2022-12-29T21:51:47.182Z</time>
      </trkpt>
      <trkpt lat="-33.924081" lon="18.402067">
        <ele>164.447925</ele>
        <time>2022-12-29T21:51:54.028Z</time>
      </trkpt>
      <trkpt lat="-33.923685" lon="18.401893">
        <ele>162.889615</ele>
        <time>2022-12-29T21:52:06.447Z</time>
      </trkpt>
      <trkpt lat="-33.923454" lon="18.401823">
        <ele>162.009010</ele>
        <time>2022-12-29T21:52:13.576Z</time>
      </trkpt>
      <trkpt lat="-33.923213" lon="18.401684">
        <ele>161.021235</ele>
        <time>2022-12-29T21:52:21.272Z</time>
      </trkpt>
      <trkpt lat="-33.923067" lon="18.401701">
        <ele>160.478950</ele>
        <time>2022-12-29T21:52:25.518Z</time>
      </trkpt>
      <trkpt lat="-33.923031" lon="18.401933">
        <ele>159.754889</ele>
        <time>2022-12-29T21:52:31.041Z</time>
      </trkpt>
      <trkpt lat="-33.923167" lon="18.402486">
        <ele>157.921830</ele>
        <time>2022-12-29T21:52:45.201Z</time>
      </trkpt>
      <trkpt lat="-33.923127" lon="18.402864">
        <ele>156.681637</ele>
        <time>2022-12-29T21:52:54.269Z</time>
      </trkpt>
      <trkpt lat="-33.923032" lon="18.403146">
        <ele>155.691094</ele>
        <time>2022-12-29T21:53:01.182Z</time>
      </trkpt>
      <trkpt lat="-33.922805" lon="18.403313">
        <ele>154.647970</ele>
        <time>2022-12-29T21:53:08.500Z</time>
      </trkpt>
      <trkpt lat="-33.922580" lon="18.403181">
        <ele>153.666466</ele>
        <time>2022-12-29T21:53:15.712Z</time>
      </trkpt>
      <trkpt lat="-33.922225" lon="18.402923">
        <ele>152.040494</ele>
        <time>2022-12-29T21:53:28.087Z</time>
      </trkpt>
      <trkpt lat="-33.922112" lon="18.403073">
        <ele>151.326256</ele>
        <time>2022-12-29T21:53:33.165Z</time>
      </trkpt>
      <trkpt lat="-33.922148" lon="18.403610">
        <ele>149.411085</ele>
        <time>2022-12-29T21:53:45.673Z</time>
      </trkpt>
      <trkpt lat="-33.921778" lon="18.404211">
        <ele>146.750830</ele>
        <time>2022-12-29T21:54:03.507Z</time>
      </trkpt>
      <trkpt lat="-33.921749" lon="18.404347">
        <ele>146.251662</ele>
        <time>2022-12-29T21:54:06.582Z</time>
      </trkpt>
      <trkpt lat="-33.922038" lon="18.404715">
        <ele>144.450502</ele>
        <time>2022-12-29T21:54:18.254Z</time>
      </trkpt>
      <trkpt lat="-33.922288" lon="18.404983">
        <ele>142.467612</ele>
        <time>2022-12-29T21:54:27.235Z</time>
      </trkpt>
      <trkpt lat="-33.922539" lon="18.405358">
        <ele>140.004170</ele>
        <time>2022-12-29T21:54:38.394Z</time>
      </trkpt>
      <trkpt lat="-33.922596" lon="18.405684">
        <ele>138.300700</ele>
        <time>2022-12-29T21:54:45.607Z</time>
      </trkpt>
      <trkpt lat="-33.922603" lon="18.406408">
        <ele>134.598573</ele>
        <time>2022-12-29T21:55:01.490Z</time>
      </trkpt>
      <trkpt lat="-33.922603" lon="18.406408">
        <ele>134.598573</ele>
        <time>2022-12-29T21:55:01.590Z</time>
      </trkpt>
      <trkpt lat="-33.922603" lon="18.406408">
        <ele>134.598573</ele>
        <time>2022-12-29T21:55:01.590Z</time>
      </trkpt>
      <trkpt lat="-33.922672" lon="18.406407">
        <ele>134.173371</ele>
        <time>2022-12-29T21:55:03.378Z</time>
      </trkpt>
      <trkpt lat="-33.922528" lon="18.406813">
        <ele>131.565239</ele>
        <time>2022-12-29T21:55:12.872Z</time>
      </trkpt>
      <trkpt lat="-33.922540" lon="18.406838">
        <ele>131.376864</ele>
        <time>2022-12-29T21:55:13.493Z</time>
      </trkpt>
      <trkpt lat="-33.922546" lon="18.407050">
        <ele>129.993312</ele>
        <time>2022-12-29T21:55:18.050Z</time>
      </trkpt>
      <trkpt lat="-33.922544" lon="18.407255">
        <ele>128.656129</ele>
        <time>2022-12-29T21:55:22.467Z</time>
      </trkpt>
      <trkpt lat="-33.922556" lon="18.407270">
        <ele>128.520229</ele>
        <time>2022-12-29T21:55:22.915Z</time>
      </trkpt>
      <trkpt lat="-33.922604" lon="18.407166">
        <ele>127.744033</ele>
        <time>2022-12-29T21:55:25.472Z</time>
      </trkpt>
      <trkpt lat="-33.922671" lon="18.407052">
        <ele>126.832870</ele>
        <time>2022-12-29T21:55:28.474Z</time>
      </trkpt>
      <trkpt lat="-33.922701" lon="18.406982">
        <ele>126.319004</ele>
        <time>2022-12-29T21:55:30.180Z</time>
      </trkpt>
      <trkpt lat="-33.922715" lon="18.406999">
        <ele>126.162786</ele>
        <time>2022-12-29T21:55:30.695Z</time>
      </trkpt>
      <trkpt lat="-33.922742" lon="18.407317">
        <ele>124.077839</ele>
        <time>2022-12-29T21:55:37.566Z</time>
      </trkpt>
      <trkpt lat="-33.922684" lon="18.407565">
        <ele>122.397271</ele>
        <time>2022-12-29T21:55:43.118Z</time>
      </trkpt>
      <trkpt lat="-33.922713" lon="18.407598">
        <ele>122.083762</ele>
        <time>2022-12-29T21:55:44.151Z</time>
      </trkpt>
      <trkpt lat="-33.922906" lon="18.407459">
        <ele>120.316468</ele>
        <time>2022-12-29T21:55:49.980Z</time>
      </trkpt>
      <trkpt lat="-33.923023" lon="18.407347">
        <ele>119.141991</ele>
        <time>2022-12-29T21:55:53.851Z</time>
      </trkpt>
      <trkpt lat="-33.923172" lon="18.407118">
        <ele>117.534896</ele>
        <time>2022-12-29T21:56:00.120Z</time>
      </trkpt>
      <trkpt lat="-33.923198" lon="18.407554">
        <ele>115.143181</ele>
        <time>2022-12-29T21:56:09.524Z</time>
      </trkpt>
      <trkpt lat="-33.923165" lon="18.407708">
        <ele>114.272931</ele>
        <time>2022-12-29T21:56:12.940Z</time>
      </trkpt>
      <trkpt lat="-33.923193" lon="18.407704">
        <ele>114.087011</ele>
        <time>2022-12-29T21:56:13.670Z</time>
      </trkpt>
      <trkpt lat="-33.923304" lon="18.407515">
        <ele>112.820094</ele>
        <time>2022-12-29T21:56:18.655Z</time>
      </trkpt>
      <trkpt lat="-33.923405" lon="18.407255">
        <ele>111.249343</ele>
        <time>2022-12-29T21:56:24.822Z</time>
      </trkpt>
      <trkpt lat="-33.923456" lon="18.407750">
        <ele>108.520174</ele>
        <time>2022-12-29T21:56:35.541Z</time>
      </trkpt>
      <trkpt lat="-33.923460" lon="18.407752">
        <ele>108.491618</ele>
        <time>2022-12-29T21:56:35.714Z</time>
      </trkpt>
      <trkpt lat="-33.923570" lon="18.407471">
        <ele>107.003841</ele>
        <time>2022-12-29T21:56:43.117Z</time>
      </trkpt>
      <trkpt lat="-33.924124" lon="18.405616">
        <ele>101.966148</ele>
        <time>2022-12-29T21:57:32.870Z</time>
      </trkpt>
      <trkpt lat="-33.923997" lon="18.405230">
        <ele>100.426478</ele>
        <time>2022-12-29T21:57:43.527Z</time>
      </trkpt>
      <trkpt lat="-33.924368" lon="18.404930">
        <ele>98.167725</ele>
        <time>2022-12-29T21:57:50.749Z</time>
      </trkpt>
      <trkpt lat="-33.924899" lon="18.405453">
        <ele>94.700655</ele>
        <time>2022-12-29T21:58:00.844Z</time>
      </trkpt>
      <trkpt lat="-33.924937" lon="18.405492">
        <ele>94.448315</ele>
        <time>2022-12-29T21:58:01.580Z</time>
      </trkpt>
      <trkpt lat="-33.925298" lon="18.405860">
        <ele>91.960128</ele>
        <time>2022-12-29T21:58:08.369Z</time>
      </trkpt>
      <trkpt lat="-33.925500" lon="18.406026">
        <ele>90.482278</ele>
        <time>2022-12-29T21:58:11.805Z</time>
      </trkpt>
      <trkpt lat="-33.926026" lon="18.406461">
        <ele>86.626256</ele>
        <time>2022-12-29T21:58:20.766Z</time>
      </trkpt>
      <trkpt lat="-33.926849" lon="18.405776">
        <ele>81.183793</ele>
        <time>2022-12-29T21:58:36.005Z</time>
      </trkpt>
      <trkpt lat="-33.927469" lon="18.405250">
        <ele>79.102686</ele>
        <time>2022-12-29T21:58:49.427Z</time>
      </trkpt>
      <trkpt lat="-33.927943" lon="18.404854">
        <ele>77.519652</ele>
        <time>2022-12-29T21:58:59.753Z</time>
      </trkpt>
      <trkpt lat="-33.928461" lon="18.405749">
        <ele>73.645842</ele>
        <time>2022-12-29T21:59:14.422Z</time>
      </trkpt>
      <trkpt lat="-33.929089" lon="18.406834">
        <ele>68.192565</ele>
        <time>2022-12-29T21:59:30.588Z</time>
      </trkpt>
      <trkpt lat="-33.929588" lon="18.407700">
        <ele>62.629558</ele>
        <time>2022-12-29T21:59:43.169Z</time>
      </trkpt>
      <trkpt lat="-33.929657" lon="18.407819">
        <ele>61.847525</ele>
        <time>2022-12-29T21:59:44.909Z</time>
      </trkpt>
      <trkpt lat="-33.929698" lon="18.407891">
        <ele>61.377126</ele>
        <time>2022-12-29T21:59:45.947Z</time>
      </trkpt>
      <trkpt lat="-33.929809" lon="18.408093">
        <ele>60.072018</ele>
        <time>2022-12-29T21:59:48.827Z</time>
      </trkpt>
      <trkpt lat="-33.929863" lon="18.408190">
        <ele>59.442794</ele>
        <time>2022-12-29T21:59:50.235Z</time>
      </trkpt>
      <trkpt lat="-33.930068" lon="18.408555">
        <ele>57.068553</ele>
        <time>2022-12-29T21:59:55.532Z</time>
      </trkpt>
      <trkpt lat="-33.930102" lon="18.408682">
        <ele>56.349713</ele>
        <time>2022-12-29T21:59:57.173Z</time>
      </trkpt>
      <trkpt lat="-33.930095" lon="18.408783">
        <ele>55.877721</ele>
        <time>2022-12-29T21:59:58.377Z</time>
      </trkpt>
      <trkpt lat="-33.929941" lon="18.408997">
        <ele>54.691717</ele>
        <time>2022-12-29T22:00:01.842Z</time>
      </trkpt>
      <trkpt lat="-33.929919" lon="18.409132">
        <ele>54.115706</ele>
        <time>2022-12-29T22:00:03.501Z</time>
      </trkpt>
      <trkpt lat="-33.929963" lon="18.409305">
        <ele>53.358133</ele>
        <time>2022-12-29T22:00:05.755Z</time>
      </trkpt>
      <trkpt lat="-33.929974" lon="18.409349">
        <ele>53.165736</ele>
        <time>2022-12-29T22:00:06.299Z</time>
      </trkpt>
      <trkpt lat="-33.930069" lon="18.409516">
        <ele>52.317999</ele>
        <time>2022-12-29T22:00:08.798Z</time>
      </trkpt>
      <trkpt lat="-33.930505" lon="18.410244">
        <ele>48.558987</ele>
        <time>2022-12-29T22:00:20.119Z</time>
      </trkpt>
      <trkpt lat="-33.930458" lon="18.410294">
        <ele>48.242654</ele>
        <time>2022-12-29T22:00:21.101Z</time>
      </trkpt>
      <trkpt lat="-33.929225" lon="18.411464">
        <ele>42.857839</ele>
        <time>2022-12-29T22:00:46.168Z</time>
      </trkpt>
      <trkpt lat="-33.929063" lon="18.411622">
        <ele>42.201832</ele>
        <time>2022-12-29T22:00:49.615Z</time>
      </trkpt>
      <trkpt lat="-33.928991" lon="18.411693">
        <ele>41.908991</ele>
        <time>2022-12-29T22:00:51.272Z</time>
      </trkpt>
      <trkpt lat="-33.928906" lon="18.411782">
        <ele>41.554553</ele>
        <time>2022-12-29T22:00:53.276Z</time>
      </trkpt>
      <trkpt lat="-33.929291" lon="18.412270">
        <ele>40.989293</ele>
        <time>2022-12-29T22:01:03.897Z</time>
      </trkpt>
      <trkpt lat="-33.929672" lon="18.412761">
        <ele>40.541377</ele>
        <time>2022-12-29T22:01:15.551Z</time>
      </trkpt>
      <trkpt lat="-33.929719" lon="18.412886">
        <ele>40.449940</ele>
        <time>2022-12-29T22:01:17.998Z</time>
      </trkpt>
      <trkpt lat="-33.929847" lon="18.412875">
        <ele>40.346893</ele>
        <time>2022-12-29T22:01:20.915Z</time>
      </trkpt>
      <trkpt lat="-33.930086" lon="18.412819">
        <ele>40.151379</ele>
        <time>2022-12-29T22:01:26.023Z</time>
      </trkpt>
      <trkpt lat="-33.930376" lon="18.412939">
        <ele>39.840295</ele>
        <time>2022-12-29T22:01:32.398Z</time>
      </trkpt>
      <trkpt lat="-33.931005" lon="18.413338">
        <ele>38.506586</ele>
        <time>2022-12-29T22:01:45.936Z</time>
      </trkpt>
      <trkpt lat="-33.931148" lon="18.413430">
        <ele>38.202434</ele>
        <time>2022-12-29T22:01:48.890Z</time>
      </trkpt>
      <trkpt lat="-33.929880" lon="18.414758">
        <ele>34.614470</ele>
        <time>2022-12-29T22:03:45.641Z</time>
      </trkpt>
      <trkpt lat="-33.929412" lon="18.415252">
        <ele>33.114190</ele>
        <time>2022-12-29T22:04:28.938Z</time>
      </trkpt>
      <trkpt lat="-33.928968" lon="18.415713">
        <ele>32.010291</ele>
        <time>2022-12-29T22:05:09.636Z</time>
      </trkpt>
      <trkpt lat="-33.928677" lon="18.416015">
        <ele>31.614451</ele>
        <time>2022-12-29T22:05:36.298Z</time>
      </trkpt>
      <trkpt lat="-33.928542" lon="18.416156">
        <ele>31.430312</ele>
        <time>2022-12-29T22:05:48.782Z</time>
      </trkpt>
      <trkpt lat="-33.928391" lon="18.416317">
        <ele>31.222496</ele>
        <time>2022-12-29T22:06:02.740Z</time>
      </trkpt>
      <trkpt lat="-33.928337" lon="18.416374">
        <ele>31.148503</ele>
        <time>2022-12-29T22:06:07.746Z</time>
      </trkpt>
      <trkpt lat="-33.928406" lon="18.416468">
        <ele>31.041162</ele>
        <time>2022-12-29T22:06:14.956Z</time>
      </trkpt>
      <trkpt lat="-33.928592" lon="18.416720">
        <ele>30.752697</ele>
        <time>2022-12-29T22:06:34.396Z</time>
      </trkpt>
      <trkpt lat="-33.928810" lon="18.417017">
        <ele>30.413552</ele>
        <time>2022-12-29T22:06:57.268Z</time>
      </trkpt>
      <trkpt lat="-33.928644" lon="18.417193">
        <ele>30.157181</ele>
        <time>2022-12-29T22:07:01.712Z</time>
      </trkpt>
      <trkpt lat="-33.928629" lon="18.417209">
        <ele>30.133617</ele>
        <time>2022-12-29T22:07:02.092Z</time>
      </trkpt>
      <trkpt lat="-33.929198" lon="18.418038">
        <ele>29.083477</ele>
        <time>2022-12-29T22:07:18.959Z</time>
      </trkpt>
      <trkpt lat="-33.928266" lon="18.418996">
        <ele>27.830019</ele>
        <time>2022-12-29T22:07:42.020Z</time>
      </trkpt>
      <trkpt lat="-33.928159" lon="18.419117">
        <ele>27.708884</ele>
        <time>2022-12-29T22:07:44.838Z</time>
      </trkpt>
      <trkpt lat="-33.927840" lon="18.419455">
        <ele>27.358215</ele>
        <time>2022-12-29T22:07:53.049Z</time>
      </trkpt>
      <trkpt lat="-33.927979" lon="18.419681">
        <ele>27.165507</ele>
        <time>2022-12-29T22:07:57.627Z</time>
      </trkpt>
      <trkpt lat="-33.928098" lon="18.419854">
        <ele>27.011571</ele>
        <time>2022-12-29T22:08:01.452Z</time>
      </trkpt>
      <trkpt lat="-33.928288" lon="18.420118">
        <ele>26.785589</ele>
        <time>2022-12-29T22:08:07.458Z</time>
      </trkpt>
      <trkpt lat="-33.928596" lon="18.420563">
        <ele>26.762222</ele>
        <time>2022-12-29T22:08:18.149Z</time>
      </trkpt>
      <trkpt lat="-33.929191" lon="18.421439">
        <ele>26.716574</ele>
        <time>2022-12-29T22:08:40.738Z</time>
      </trkpt>
      <trkpt lat="-33.929227" lon="18.421580">
        <ele>26.710626</ele>
        <time>2022-12-29T22:08:43.213Z</time>
      </trkpt>
      <trkpt lat="-33.929257" lon="18.421629">
        <ele>26.708170</ele>
        <time>2022-12-29T22:08:44.270Z</time>
      </trkpt>
      <trkpt lat="-33.929302" lon="18.421694">
        <ele>26.704757</ele>
        <time>2022-12-29T22:08:45.772Z</time>
      </trkpt>
      <trkpt lat="-33.929352" lon="18.421764">
        <ele>26.701032</ele>
        <time>2022-12-29T22:08:47.273Z</time>
      </trkpt>
      <trkpt lat="-33.929764" lon="18.422379">
        <ele>26.699019</ele>
        <time>2022-12-29T22:09:00.188Z</time>
      </trkpt>
      <trkpt lat="-33.929415" lon="18.422767">
        <ele>26.699019</ele>
        <time>2022-12-29T22:09:09.090Z</time>
      </trkpt>
      <trkpt lat="-33.929120" lon="18.423095">
        <ele>26.699019</ele>
        <time>2022-12-29T22:09:16.597Z</time>
      </trkpt>
      <trkpt lat="-33.928942" lon="18.423300">
        <ele>26.699019</ele>
        <time>2022-12-29T22:09:21.154Z</time>
      </trkpt>
      <trkpt lat="-33.928742" lon="18.423530">
        <ele>26.699019</ele>
        <time>2022-12-29T22:09:26.135Z</time>
      </trkpt>
      <trkpt lat="-33.928565" lon="18.423733">
        <ele>26.699019</ele>
        <time>2022-12-29T22:09:30.439Z</time>
      </trkpt>
      <trkpt lat="-33.928550" lon="18.423751">
        <ele>26.699019</ele>
        <time>2022-12-29T22:09:30.812Z</time>
      </trkpt>
      <trkpt lat="-33.928460" lon="18.423852">
        <ele>26.699019</ele>
        <time>2022-12-29T22:09:32.950Z</time>
      </trkpt>
    </trkseg>
  </trk>
</gpx>